session_id,user_id,action,extra,timestamp,event_date,lp_name,product_feature,extra_parse_error,is_known_action
2d204c51-a38,u_00001,did_click_lp,"{""lp_name"": ""lp_academic_writing""}",2026-02-26 23:44:22+00:00,2026-02-26,lp_academic_writing,,,True
66b871a9-753,u_00002,did_click_lp,"{""lp_name"": ""lp_business_emails""}",2026-02-12 12:07:12+00:00,2026-02-12,lp_business_emails,,,True
cc1a87c3-921,u_00002,did_install_grammarly,{},2026-02-12 12:09:12+00:00,2026-02-12,,,,True
749addb9-e65,u_00003,did_click_lp,"{""lp_name"": ""lp_business_emails""}",2026-02-14 05:23:29+00:00,2026-02-14,lp_business_emails,,,True
2fa9c162-a42,u_00004,did_click_lp,"{""lp_name"": ""lp_academic_writing""}",2026-02-27 12:10:03+00:00,2026-02-27,lp_academic_writing,,,True
7547c5a8-43f,u_00005,did_click_lp,"{""lp_name"": ""lp_business_emails""}",2026-02-18 01:14:12+00:00,2026-02-18,lp_business_emails,,,True
f6011e8a-8cf,u_00005,did_install_grammarly,{},2026-02-18 01:17:12+00:00,2026-02-18,,,,True
fb33b6ea-0c3,u_00006,did_click_lp,"{""lp_name"": ""lp_business_emails""}",2026-02-19 12:28:13+00:00,2026-02-19,lp_business_emails,,,True
4cb0c1c6-d0c,u_00007,did_click_lp,"{""lp_name"": ""lp_business_emails""}",2026-02-14 23:38:45+00:00,2026-02-14,lp_business_emails,,,True
e63ec814-c4d,u_00008,did_click_lp,"{""lp_name"": ""lp_academic_writing""}",2026-02-11 13:19:50+00:00,2026-02-11,lp_academic_writing,,,True
1cb1de06-750,u_00009,did_click_lp,"{""lp_name"": ""lp_business_emails""}",2026-02-14 08:34:34+00:00,2026-02-14,lp_business_emails,,,True
dc499d35-190,u_00010,did_click_lp,"{""lp_name"": ""lp_academic_writing""}",2026-02-09 13:11:35+00:00,2026-02-09,lp_academic_writing,,,True
c8cfbbd6-a73,u_00011,did_click_lp,"{""lp_name"": ""lp_business_emails""}",2026-02-13 04:10:03+00:00,2026-02-13,lp_business_emails,,,True
39e4b91d-5a3,u_00012,did_click_lp,"{""lp_name"": ""lp_academic_writing""}",2026-02-19 04:58:36+00:00,2026-02-19,lp_academic_writing,,,True
f0552dec-a67,u_00013,did_click_lp,"{""lp_name"": ""lp_business_emails""}",2026-02-14 17:48:24+00:00,2026-02-14,lp_business_emails,,,True
9b778c0e-560,u_00014,did_click_lp,"{""lp_name"": ""lp_business_emails""}",2026-02-06 16:10:58+00:00,2026-02-06,lp_business_emails,,,True
f131ed67-c8f,u_00015,did_click_lp,"{""lp_name"": ""lp_business_emails""}",2026-02-15 16:58:31+00:00,2026-02-15,lp_business_emails,,,True
2559c39e-f70,u_00016,did_click_lp,"{""lp_name"": ""lp_business_emails""}",2026-02-07 12:23:11+00:00,2026-02-07,lp_business_emails,,,True
fd9838cf-5ad,u_00017,did_click_lp,"{""lp_name"": ""lp_academic_writing""}",2026-02-12 14:53:19+00:00,2026-02-12,lp_academic_writing,,,True
0b3a581b-eef,u_00017,did_install_grammarly,{},2026-02-12 14:58:19+00:00,2026-02-12,,,,True
45284e9c-e25,u_00017,try_grammarly,"{""product_feature"": ""academic_citation_helper""}",2026-02-12 15:26:19+00:00,2026-02-12,,academic_citation_helper,,True
ea578f75-b72,u_00018,did_click_lp,"{""lp_name"": ""lp_academic_writing""}",2026-02-13 01:21:00+00:00,2026-02-13,lp_academic_writing,,,True
d61bf00b-31d,u_00018,did_install_grammarly,{},2026-02-13 01:28:00+00:00,2026-02-13,,,,True
881e7a5a-4aa,u_00019,did_click_lp,"{""lp_name"": ""lp_academic_writing""}",2026-02-22 11:32:19+00:00,2026-02-22,lp_academic_writing,,,True
121893d5-d9f,u_00020,did_click_lp,"{""lp_name"": ""lp_academic_writing""}",2026-02-10 08:39:53+00:00,2026-02-10,lp_academic_writing,,,True
1348c024-e89,u_00021,did_click_lp,"{""lp_name"": ""lp_academic_writing""}",2026-02-25 11:51:57+00:00,2026-02-25,lp_academic_writing,,,True
44e5043c-593,u_00022,did_click_lp,"{""lp_name"": ""lp_academic_writing""}",2026-02-21 11:48:37+00:00,2026-02-21,lp_academic_writing,,,True
9a6c343e-119,u_00023,did_click_lp,"{""lp_name"": ""lp_business_emails""}",2026-02-10 18:39:50+00:00,2026-02-10,lp_business_emails,,,True
dd456916-81a,u_00024,did_click_lp,"{""lp_name"": ""lp_academic_writing""}",2026-02-20 19:06:21+00:00,2026-02-20,lp_academic_writing,,,True
1d55a409-e74,u_00025,did_click_lp,"{""lp_name"": ""lp_business_emails""}",2026-02-17 20:04:25+00:00,2026-02-17,lp_business_emails,,,True
60ea8119-123,u_00025,did_install_grammarly,{},2026-02-17 20:07:25+00:00,2026-02-17,,,,True
f6c84cc8-95a,u_00026,did_click_lp,"{""lp_name"": ""lp_academic_writing""}",2026-02-03 23:46:06+00:00,2026-02-03,lp_academic_writing,,,True
8c3a3ef2-fbe,u_00027,did_click_lp,"{""lp_name"": ""lp_business_emails""}",2026-02-12 21:33:31+00:00,2026-02-12,lp_business_emails,,,True
f8e4a62f-a6a,u_00028,did_click_lp,"{""lp_name"": ""lp_academic_writing""}",2026-02-02 02:26:56+00:00,2026-02-02,lp_academic_writing,,,True
76ac8aa2-427,u_00029,did_click_lp,"{""lp_name"": ""lp_business_emails""}",2026-02-14 12:17:53+00:00,2026-02-14,lp_business_emails,,,True
dff0199a-b6c,u_00030,did_click_lp,"{""lp_name"": ""lp_business_emails""}",2026-02-18 17:24:43+00:00,2026-02-18,lp_business_emails,,,True
3ae462b1-ee7,u_00030,did_install_grammarly,{},2026-02-18 17:26:43+00:00,2026-02-18,,,,True
4e6efc32-b16,u_00031,did_click_lp,"{""lp_name"": ""lp_business_emails""}",2026-02-15 13:54:57+00:00,2026-02-15,lp_business_emails,,,True
b443bfea-e9a,u_00032,did_click_lp,"{""lp_name"": ""lp_academic_writing""}",2026-02-27 12:46:20+00:00,2026-02-27,lp_academic_writing,,,True
1c827be1-6bd,u_00032,did_install_grammarly,{},2026-02-27 12:56:20+00:00,2026-02-27,,,,True
82f80342-4a0,u_00033,did_click_lp,"{""lp_name"": ""lp_business_emails""}",2026-02-10 05:06:05+00:00,2026-02-10,lp_business_emails,,,True
e70ac92b-836,u_00033,did_install_grammarly,{},2026-02-10 05:19:05+00:00,2026-02-10,,,,True
b546d806-2ab,u_00034,did_click_lp,"{""lp_name"": ""lp_business_emails""}",2026-02-06 02:45:05+00:00,2026-02-06,lp_business_emails,,,True
0a910628-9c4,u_00034,did_install_grammarly,{},2026-02-06 02:58:05+00:00,2026-02-06,,,,True
96929401-ae8,u_00035,did_click_lp,"{""lp_name"": ""lp_academic_writing""}",2026-02-28 17:57:21+00:00,2026-02-28,lp_academic_writing,,,True
90cc3cce-6d7,u_00036,did_click_lp,"{""lp_name"": ""lp_academic_writing""}",2026-02-16 18:43:28+00:00,2026-02-16,lp_academic_writing,,,True
c0a092c2-2c4,u_00036,did_install_grammarly,{},2026-02-16 18:50:28+00:00,2026-02-16,,,,True
9b5f5ebd-d84,u_00037,did_click_lp,"{""lp_name"": ""lp_academic_writing""}",2026-02-02 17:59:27+00:00,2026-02-02,lp_academic_writing,,,True
6d52d74b-12e,u_00038,did_click_lp,"{""lp_name"": ""lp_academic_writing""}",2026-02-17 05:16:58+00:00,2026-02-17,lp_academic_writing,,,True
5e5d69a8-992,u_00039,did_click_lp,"{""lp_name"": ""lp_business_emails""}",2026-02-26 16:07:02+00:00,2026-02-26,lp_business_emails,,,True
69863269-2ba,u_00039,did_install_grammarly,{},2026-02-26 16:20:02+00:00,2026-02-26,,,,True
7eb70b81-beb,u_00040,did_click_lp,"{""lp_name"": ""lp_business_emails""}",2026-02-21 09:15:35+00:00,2026-02-21,lp_business_emails,,,True
15332c60-efd,u_00041,did_click_lp,"{""lp_name"": ""lp_academic_writing""}",2026-02-17 01:46:04+00:00,2026-02-17,lp_academic_writing,,,True
5a102a6a-59d,u_00042,did_click_lp,"{""lp_name"": ""lp_business_emails""}",2026-02-15 16:07:30+00:00,2026-02-15,lp_business_emails,,,True
90b74a8f-b7d,u_00043,did_click_lp,"{""lp_name"": ""lp_academic_writing""}",2026-02-07 19:54:19+00:00,2026-02-07,lp_academic_writing,,,True
679c2788-a62,u_00044,did_click_lp,"{""lp_name"": ""lp_business_emails""}",2026-02-20 15:14:42+00:00,2026-02-20,lp_business_emails,,,True
cf85037b-4b0,u_00045,did_click_lp,"{""lp_name"": ""lp_academic_writing""}",2026-02-16 20:34:44+00:00,2026-02-16,lp_academic_writing,,,True
3d55b08d-5a5,u_00046,did_click_lp,"{""lp_name"": ""lp_academic_writing""}",2026-02-04 21:21:21+00:00,2026-02-04,lp_academic_writing,,,True
46ba58e1-94f,u_00046,did_install_grammarly,{},2026-02-04 21:31:21+00:00,2026-02-04,,,,True
0365413c-e77,u_00047,did_click_lp,"{""lp_name"": ""lp_academic_writing""}",2026-02-14 06:39:32+00:00,2026-02-14,lp_academic_writing,,,True
2e4eeb57-bba,u_00048,did_click_lp,"{""lp_name"": ""lp_business_emails""}",2026-02-15 13:37:35+00:00,2026-02-15,lp_business_emails,,,True
99126e07-967,u_00049,did_click_lp,"{""lp_name"": ""lp_academic_writing""}",2026-02-20 06:49:46+00:00,2026-02-20,lp_academic_writing,,,True
137d3cc1-8e4,u_00050,did_click_lp,"{""lp_name"": ""lp_academic_writing""}",2026-02-14 02:58:15+00:00,2026-02-14,lp_academic_writing,,,True
1c12fe6e-6f4,u_00050,did_install_grammarly,{},2026-02-14 03:04:15+00:00,2026-02-14,,,,True
dd1e96ea-0c8,u_00050,try_grammarly,"{""product_feature"": ""academic_citation_helper""}",2026-02-14 03:49:15+00:00,2026-02-14,,academic_citation_helper,,True
b657c105-4f4,u_00050,try_grammarly,"{""product_feature"": ""academic_citation_helper""}",2026-02-15 00:30:27+00:00,2026-02-15,,academic_citation_helper,,True
5477436e-a30,u_00051,did_click_lp,"{""lp_name"": ""lp_business_emails""}",2026-02-24 12:03:37+00:00,2026-02-24,lp_business_emails,,,True
8e123019-62b,u_00051,did_install_grammarly,{},2026-02-24 12:17:37+00:00,2026-02-24,,,,True
7d2e2e94-586,u_00051,try_grammarly,"{""product_feature"": ""smart_email_reply""}",2026-02-24 13:12:37+00:00,2026-02-24,,smart_email_reply,,True
5202789b-cf8,u_00051,try_grammarly,"{""product_feature"": ""smart_email_reply""}",2026-02-25 07:56:15+00:00,2026-02-25,,smart_email_reply,,True
61b6b7f5-5d0,u_00051,did_click_lp,"{""lp_name"": ""lp_business_emails""}",2026-02-27 23:30:42+00:00,2026-02-27,lp_business_emails,,,True
59915d54-c2c,u_00052,did_click_lp,"{""lp_name"": ""lp_business_emails""}",2026-02-04 22:26:16+00:00,2026-02-04,lp_business_emails,,,True
14cdb5c0-cb1,u_00053,did_click_lp,"{""lp_name"": ""lp_business_emails""}",2026-02-11 21:34:23+00:00,2026-02-11,lp_business_emails,,,True
f52f6d37-113,u_00054,did_click_lp,"{""lp_name"": ""lp_business_emails""}",2026-02-02 02:20:23+00:00,2026-02-02,lp_business_emails,,,True
d3673a4d-9cf,u_00054,did_install_grammarly,{},2026-02-02 02:30:23+00:00,2026-02-02,,,,True
8d0c4c90-cc8,u_00055,did_click_lp,"{""lp_name"": ""lp_academic_writing""}",2026-02-04 06:54:30+00:00,2026-02-04,lp_academic_writing,,,True
fc51d527-078,u_00056,did_click_lp,"{""lp_name"": ""lp_academic_writing""}",2026-02-01 13:41:10+00:00,2026-02-01,lp_academic_writing,,,True
b81a4a2a-d4e,u_00057,did_click_lp,"{""lp_name"": ""lp_business_emails""}",2026-02-24 10:15:38+00:00,2026-02-24,lp_business_emails,,,True
611fce1a-684,u_00058,did_click_lp,"{""lp_name"": ""lp_business_emails""}",2026-02-04 02:05:50+00:00,2026-02-04,lp_business_emails,,,True
b28d0443-5ea,u_00058,did_click_lp,"{""lp_name"": ""lp_academic_writing""}",2026-02-23 03:49:58+00:00,2026-02-23,lp_academic_writing,,,True
51b8ccdd-54b,u_00059,did_click_lp,"{""lp_name"": ""lp_academic_writing""}",2026-02-11 00:38:58+00:00,2026-02-11,lp_academic_writing,,,True
a6191489-154,u_00060,did_click_lp,"{""lp_name"": ""lp_business_emails""}",2026-02-21 01:38:07+00:00,2026-02-21,lp_business_emails,,,True
a76f9989-cc7,u_00060,did_install_grammarly,{},2026-02-21 01:39:07+00:00,2026-02-21,,,,True
8367f59a-3ef,u_00061,did_click_lp,"{""lp_name"": ""lp_business_emails""}",2026-02-13 02:30:48+00:00,2026-02-13,lp_business_emails,,,True
9f322e0b-0a6,u_00062,did_click_lp,"{""lp_name"": ""lp_academic_writing""}",2026-02-12 03:55:18+00:00,2026-02-12,lp_academic_writing,,,True
cb56f779-a86,u_00063,did_click_lp,"{""lp_name"": ""lp_business_emails""}",2026-02-12 16:57:53+00:00,2026-02-12,lp_business_emails,,,True
abb1a318-32e,u_00063,did_install_grammarly,{},2026-02-12 17:01:53+00:00,2026-02-12,,,,True
d75e3a25-423,u_00063,try_grammarly,"{""product_feature"": ""smart_email_reply""}",2026-02-12 17:04:53+00:00,2026-02-12,,smart_email_reply,,True
da8a2c42-011,u_00064,did_click_lp,"{""lp_name"": ""lp_business_emails""}",2026-02-02 16:55:51+00:00,2026-02-02,lp_business_emails,,,True
1d1b676d-0b5,u_00064,did_install_grammarly,{},2026-02-02 17:04:51+00:00,2026-02-02,,,,True
3e05ac4c-690,u_00064,try_grammarly,"{""product_feature"": ""smart_email_reply""}",2026-02-02 17:43:51+00:00,2026-02-02,,smart_email_reply,,True
2d4cb5fa-86b,u_00065,did_click_lp,"{""lp_name"": ""lp_academic_writing""}",2026-02-01 06:30:04+00:00,2026-02-01,lp_academic_writing,,,True
7adbb623-a0f,u_00065,did_install_grammarly,{},2026-02-01 06:34:04+00:00,2026-02-01,,,,True
a2029cc4-bda,u_00065,try_grammarly,"{""product_feature"": ""academic_citation_helper""}",2026-02-01 07:07:04+00:00,2026-02-01,,academic_citation_helper,,True
7d302352-ab8,u_00065,try_grammarly,"{""product_feature"": ""academic_citation_helper""}",2026-02-02 22:21:52+00:00,2026-02-02,,academic_citation_helper,,True
c38f829a-1f7,u_00065,try_grammarly,"{""product_feature"": ""academic_citation_helper""}",2026-02-03 13:44:08+00:00,2026-02-03,,academic_citation_helper,,True
ad7d42eb-77b,u_00066,did_click_lp,"{""lp_name"": ""lp_academic_writing""}",2026-02-13 12:27:34+00:00,2026-02-13,lp_academic_writing,,,True
29f21e62-720,u_00066,did_install_grammarly,{},2026-02-13 12:30:34+00:00,2026-02-13,,,,True
2fd52ac4-2af,u_00066,try_grammarly,"{""product_feature"": ""academic_citation_helper""}",2026-02-13 12:47:34+00:00,2026-02-13,,academic_citation_helper,,True
24f28bbd-ed4,u_00066,try_grammarly,"{""product_feature"": ""academic_citation_helper""}",2026-02-14 11:53:26+00:00,2026-02-14,,academic_citation_helper,,True
16709d59-02e,u_00066,try_grammarly,"{""product_feature"": ""academic_citation_helper""}",2026-02-15 21:08:08+00:00,2026-02-15,,academic_citation_helper,,True
3b89a11d-cbd,u_00066,try_grammarly,"{""product_feature"": ""academic_citation_helper""}",2026-02-18 00:09:46+00:00,2026-02-18,,academic_citation_helper,,True
88c53004-30c,u_00066,did_click_lp,"{""lp_name"": ""lp_business_emails""}",2026-02-19 22:24:14+00:00,2026-02-19,lp_business_emails,,,True
1f512b68-a9d,u_00067,did_click_lp,"{""lp_name"": ""lp_academic_writing""}",2026-02-11 08:09:55+00:00,2026-02-11,lp_academic_writing,,,True
f61af35d-a50,u_00068,did_click_lp,"{""lp_name"": ""lp_business_emails""}",2026-02-06 12:12:16+00:00,2026-02-06,lp_business_emails,,,True
f054bfcf-531,u_00069,did_click_lp,"{""lp_name"": ""lp_academic_writing""}",2026-02-26 11:04:09+00:00,2026-02-26,lp_academic_writing,,,True
ff31e5bd-42f,u_00069,did_install_grammarly,{},2026-02-26 11:05:09+00:00,2026-02-26,,,,True
a1122e2b-927,u_00069,try_grammarly,"{""product_feature"": ""academic_citation_helper""}",2026-02-26 11:34:09+00:00,2026-02-26,,academic_citation_helper,,True
8f447ef4-e45,u_00069,try_grammarly,"{""product_feature"": ""academic_citation_helper""}",2026-02-27 05:36:38+00:00,2026-02-27,,academic_citation_helper,,True
338eaddb-8cb,u_00069,try_grammarly,"{""product_feature"": ""academic_citation_helper""}",2026-02-28 19:07:55+00:00,2026-02-28,,academic_citation_helper,,True
36bdeb22-b84,u_00070,did_click_lp,"{""lp_name"": ""lp_academic_writing""}",2026-02-10 09:29:46+00:00,2026-02-10,lp_academic_writing,,,True
f4ce6528-e92,u_00071,did_click_lp,"{""lp_name"": ""lp_business_emails""}",2026-02-03 08:34:52+00:00,2026-02-03,lp_business_emails,,,True
108f6ad9-01d,u_00072,did_click_lp,"{""lp_name"": ""lp_academic_writing""}",2026-02-22 04:09:24+00:00,2026-02-22,lp_academic_writing,,,True
71275d04-9f5,u_00073,did_click_lp,"{""lp_name"": ""lp_academic_writing""}",2026-02-22 05:59:47+00:00,2026-02-22,lp_academic_writing,,,True
3617de98-007,u_00073,did_install_grammarly,{},2026-02-22 06:02:47+00:00,2026-02-22,,,,True
53551f82-701,u_00074,did_click_lp,"{""lp_name"": ""lp_academic_writing""}",2026-02-15 20:28:05+00:00,2026-02-15,lp_academic_writing,,,True
56acff4f-f74,u_00075,did_click_lp,"{""lp_name"": ""lp_academic_writing""}",2026-02-17 14:32:45+00:00,2026-02-17,lp_academic_writing,,,True
c2188465-4c7,u_00076,did_click_lp,"{""lp_name"": ""lp_academic_writing""}",2026-02-20 17:13:52+00:00,2026-02-20,lp_academic_writing,,,True
be9a57d8-f9c,u_00077,did_click_lp,"{""lp_name"": ""lp_business_emails""}",2026-02-22 18:20:55+00:00,2026-02-22,lp_business_emails,,,True
429f6e0e-d90,u_00077,did_install_grammarly,{},2026-02-22 18:30:55+00:00,2026-02-22,,,,True
c822870d-fd5,u_00077,try_grammarly,"{""product_feature"": ""smart_email_reply""}",2026-02-22 19:21:55+00:00,2026-02-22,,smart_email_reply,,True
4dd1005f-582,u_00078,did_click_lp,"{""lp_name"": ""lp_academic_writing""}",2026-02-03 07:49:34+00:00,2026-02-03,lp_academic_writing,,,True
af5abbd2-244,u_00078,did_install_grammarly,{},2026-02-03 07:59:34+00:00,2026-02-03,,,,True
0956aaa2-6d9,u_00078,try_grammarly,"{""product_feature"": ""academic_citation_helper""}",2026-02-03 08:43:34+00:00,2026-02-03,,academic_citation_helper,,True
cb0813af-63d,u_00078,try_grammarly,"{""product_feature"": ""academic_citation_helper""}",2026-02-04 08:42:16+00:00,2026-02-04,,academic_citation_helper,,True
8debf11a-e8d,u_00079,did_click_lp,"{""lp_name"": ""lp_academic_writing""}",2026-02-19 19:09:20+00:00,2026-02-19,lp_academic_writing,,,True
997a0480-310,u_00080,did_click_lp,"{""lp_name"": ""lp_business_emails""}",2026-02-18 13:35:35+00:00,2026-02-18,lp_business_emails,,,True
99ef7694-426,u_00081,did_click_lp,"{""lp_name"": ""lp_business_emails""}",2026-02-05 11:46:46+00:00,2026-02-05,lp_business_emails,,,True
4028b713-9f9,u_00082,did_click_lp,"{""lp_name"": ""lp_academic_writing""}",2026-02-11 08:40:20+00:00,2026-02-11,lp_academic_writing,,,True
c5e18093-a00,u_00083,did_click_lp,"{""lp_name"": ""lp_academic_writing""}",2026-02-19 13:50:27+00:00,2026-02-19,lp_academic_writing,,,True
980a2233-24e,u_00084,did_click_lp,"{""lp_name"": ""lp_business_emails""}",2026-02-18 05:42:48+00:00,2026-02-18,lp_business_emails,,,True
a14dda43-36a,u_00085,did_click_lp,"{""lp_name"": ""lp_business_emails""}",2026-02-09 03:24:52+00:00,2026-02-09,lp_business_emails,,,True
94f7a5f4-df1,u_00086,did_click_lp,"{""lp_name"": ""lp_academic_writing""}",2026-02-10 10:03:40+00:00,2026-02-10,lp_academic_writing,,,True
d8f2545a-de5,u_00087,did_click_lp,"{""lp_name"": ""lp_business_emails""}",2026-02-05 08:39:57+00:00,2026-02-05,lp_business_emails,,,True
45ea6486-1af,u_00087,did_install_grammarly,{},2026-02-05 08:53:57+00:00,2026-02-05,,,,True
161992f6-f3b,u_00087,try_grammarly,"{""product_feature"": ""smart_email_reply""}",2026-02-05 09:15:57+00:00,2026-02-05,,smart_email_reply,,True
6902991f-080,u_00087,try_grammarly,"{""product_feature"": ""smart_email_reply""}",2026-02-08 20:47:06+00:00,2026-02-08,,smart_email_reply,,True
956df823-d2c,u_00088,did_click_lp,"{""lp_name"": ""lp_academic_writing""}",2026-02-25 20:39:53+00:00,2026-02-25,lp_academic_writing,,,True
68ad8b22-77e,u_00089,did_click_lp,"{""lp_name"": ""lp_business_emails""}",2026-02-20 12:01:00+00:00,2026-02-20,lp_business_emails,,,True
c212d149-fcd,u_00089,did_install_grammarly,{},2026-02-20 12:08:00+00:00,2026-02-20,,,,True
92c8eaf5-da7,u_00089,try_grammarly,"{""product_feature"": ""smart_email_reply""}",2026-02-20 13:05:00+00:00,2026-02-20,,smart_email_reply,,True
152cf647-0f7,u_00090,did_click_lp,"{""lp_name"": ""lp_business_emails""}",2026-02-23 15:38:45+00:00,2026-02-23,lp_business_emails,,,True
a9e785c8-e30,u_00090,did_install_grammarly,{},2026-02-23 15:43:45+00:00,2026-02-23,,,,True
c9df410c-881,u_00091,did_click_lp,"{""lp_name"": ""lp_academic_writing""}",2026-02-15 05:19:21+00:00,2026-02-15,lp_academic_writing,,,True
71b60a1d-7ec,u_00092,did_click_lp,"{""lp_name"": ""lp_academic_writing""}",2026-02-06 03:13:09+00:00,2026-02-06,lp_academic_writing,,,True
03d0dc08-853,u_00093,did_click_lp,"{""lp_name"": ""lp_business_emails""}",2026-02-24 05:46:12+00:00,2026-02-24,lp_business_emails,,,True
672032d9-24b,u_00093,did_install_grammarly,{},2026-02-24 05:56:12+00:00,2026-02-24,,,,True
d417376c-2e1,u_00094,did_click_lp,"{""lp_name"": ""lp_business_emails""}",2026-02-28 22:59:30+00:00,2026-02-28,lp_business_emails,,,True
fc7a729b-b3d,u_00095,did_click_lp,"{""lp_name"": ""lp_academic_writing""}",2026-02-07 06:34:33+00:00,2026-02-07,lp_academic_writing,,,True
c7ab77b8-0fe,u_00096,did_click_lp,"{""lp_name"": ""lp_academic_writing""}",2026-02-14 11:34:43+00:00,2026-02-14,lp_academic_writing,,,True
75e3c9ec-b58,u_00096,did_install_grammarly,{},2026-02-14 11:42:43+00:00,2026-02-14,,,,True
9eb1af67-7a3,u_00097,did_click_lp,"{""lp_name"": ""lp_business_emails""}",2026-02-11 06:06:13+00:00,2026-02-11,lp_business_emails,,,True
d1a9b1ee-c98,u_00098,did_click_lp,"{""lp_name"": ""lp_academic_writing""}",2026-02-13 07:13:39+00:00,2026-02-13,lp_academic_writing,,,True
a05626cc-722,u_00099,did_click_lp,"{""lp_name"": ""lp_academic_writing""}",2026-02-28 17:18:40+00:00,2026-02-28,lp_academic_writing,,,True
ee64f061-8d0,u_00099,did_install_grammarly,{},2026-02-28 17:24:40+00:00,2026-02-28,,,,True
0fc8866a-f6c,u_00100,did_click_lp,"{""lp_name"": ""lp_academic_writing""}",2026-02-28 22:47:34+00:00,2026-02-28,lp_academic_writing,,,True
57efffa3-876,u_00101,did_click_lp,"{""lp_name"": ""lp_business_emails""}",2026-02-05 06:51:33+00:00,2026-02-05,lp_business_emails,,,True
f7f65214-ba6,u_00101,did_install_grammarly,{},2026-02-05 06:57:33+00:00,2026-02-05,,,,True
d5614f8b-831,u_00102,did_click_lp,"{""lp_name"": ""lp_business_emails""}",2026-02-02 01:09:51+00:00,2026-02-02,lp_business_emails,,,True
e518fec0-138,u_00102,did_install_grammarly,{},2026-02-02 01:20:51+00:00,2026-02-02,,,,True
f222ee96-712,u_00102,try_grammarly,"{""product_feature"": ""smart_email_reply""}",2026-02-02 02:04:51+00:00,2026-02-02,,smart_email_reply,,True
028746e0-71a,u_00103,did_click_lp,"{""lp_name"": ""lp_business_emails""}",2026-02-27 14:59:34+00:00,2026-02-27,lp_business_emails,,,True
ef58370e-406,u_00103,did_install_grammarly,{},2026-02-27 15:14:34+00:00,2026-02-27,,,,True
0a87b089-6c3,u_00104,did_click_lp,"{""lp_name"": ""lp_business_emails""}",2026-02-01 20:07:33+00:00,2026-02-01,lp_business_emails,,,True
1574faef-4fa,u_00104,did_install_grammarly,{},2026-02-01 20:09:33+00:00,2026-02-01,,,,True
275b0c73-62a,u_00104,did_click_lp,"{""lp_name"": ""lp_business_emails""}",2026-02-11 22:36:33+00:00,2026-02-11,lp_business_emails,,,True
3b48bb89-22c,u_00105,did_click_lp,"{""lp_name"": ""lp_academic_writing""}",2026-02-04 20:36:22+00:00,2026-02-04,lp_academic_writing,,,True
30917e0b-e34,u_00106,did_click_lp,"{""lp_name"": ""lp_business_emails""}",2026-02-22 17:54:39+00:00,2026-02-22,lp_business_emails,,,True
477c0017-c05,u_00107,did_click_lp,"{""lp_name"": ""lp_academic_writing""}",2026-02-16 19:38:34+00:00,2026-02-16,lp_academic_writing,,,True
5a241942-f5a,u_00107,did_install_grammarly,{},2026-02-16 19:47:34+00:00,2026-02-16,,,,True
72f31b0d-85f,u_00108,did_click_lp,"{""lp_name"": ""lp_business_emails""}",2026-02-13 15:01:17+00:00,2026-02-13,lp_business_emails,,,True
c082e378-eb3,u_00109,did_click_lp,"{""lp_name"": ""lp_business_emails""}",2026-02-20 09:32:05+00:00,2026-02-20,lp_business_emails,,,True
aa9349b0-1a2,u_00110,did_click_lp,"{""lp_name"": ""lp_academic_writing""}",2026-02-26 01:42:18+00:00,2026-02-26,lp_academic_writing,,,True
eccb1830-deb,u_00111,did_click_lp,"{""lp_name"": ""lp_business_emails""}",2026-02-21 18:05:05+00:00,2026-02-21,lp_business_emails,,,True
874407a0-13e,u_00112,did_click_lp,"{""lp_name"": ""lp_business_emails""}",2026-02-24 10:29:10+00:00,2026-02-24,lp_business_emails,,,True
6f2f31e6-6af,u_00113,did_click_lp,"{""lp_name"": ""lp_business_emails""}",2026-02-01 06:28:23+00:00,2026-02-01,lp_business_emails,,,True
9439aea7-798,u_00114,did_click_lp,"{""lp_name"": ""lp_business_emails""}",2026-02-27 07:55:12+00:00,2026-02-27,lp_business_emails,,,True
9d050a5e-b2a,u_00115,did_click_lp,"{""lp_name"": ""lp_academic_writing""}",2026-02-05 17:49:27+00:00,2026-02-05,lp_academic_writing,,,True
83e2474a-e9a,u_00115,did_install_grammarly,{},2026-02-05 17:51:27+00:00,2026-02-05,,,,True
1ef9990d-7fd,u_00116,did_click_lp,"{""lp_name"": ""lp_academic_writing""}",2026-02-01 21:54:54+00:00,2026-02-01,lp_academic_writing,,,True
072038e8-08c,u_00117,did_click_lp,"{""lp_name"": ""lp_academic_writing""}",2026-02-15 23:59:15+00:00,2026-02-15,lp_academic_writing,,,True
594f9083-521,u_00117,did_install_grammarly,{},2026-02-16 00:00:15+00:00,2026-02-16,,,,True
f8df31c8-5c4,u_00117,try_grammarly,"{""product_feature"": ""academic_citation_helper""}",2026-02-16 00:48:15+00:00,2026-02-16,,academic_citation_helper,,True
6ff10236-b15,u_00118,did_click_lp,"{""lp_name"": ""lp_business_emails""}",2026-02-01 21:59:23+00:00,2026-02-01,lp_business_emails,,,True
10134142-633,u_00119,did_click_lp,"{""lp_name"": ""lp_business_emails""}",2026-02-01 01:38:03+00:00,2026-02-01,lp_business_emails,,,True
7657ac69-bf2,u_00119,did_install_grammarly,{},2026-02-01 01:43:03+00:00,2026-02-01,,,,True
52bfcbbe-57e,u_00120,did_click_lp,"{""lp_name"": ""lp_academic_writing""}",2026-02-11 08:17:51+00:00,2026-02-11,lp_academic_writing,,,True
9e87c83f-8a6,u_00120,did_install_grammarly,{},2026-02-11 08:27:51+00:00,2026-02-11,,,,True
c3f32edb-3d3,u_00120,try_grammarly,"{""product_feature"": ""academic_citation_helper""}",2026-02-11 09:21:51+00:00,2026-02-11,,academic_citation_helper,,True
c0f53d51-7bf,u_00120,try_grammarly,"{""product_feature"": ""academic_citation_helper""}",2026-02-12 07:46:43+00:00,2026-02-12,,academic_citation_helper,,True
468ec52e-d04,u_00120,try_grammarly,"{""product_feature"": ""academic_citation_helper""}",2026-02-13 06:33:21+00:00,2026-02-13,,academic_citation_helper,,True
1769a6c8-2dd,u_00121,did_click_lp,"{""lp_name"": ""lp_academic_writing""}",2026-02-03 20:52:50+00:00,2026-02-03,lp_academic_writing,,,True
c34a2788-935,u_00121,did_install_grammarly,{},2026-02-03 20:59:50+00:00,2026-02-03,,,,True
c9392fbd-f35,u_00121,try_grammarly,"{""product_feature"": ""academic_citation_helper""}",2026-02-03 21:19:50+00:00,2026-02-03,,academic_citation_helper,,True
2b439cf8-332,u_00121,try_grammarly,"{""product_feature"": ""academic_citation_helper""}",2026-02-04 16:06:39+00:00,2026-02-04,,academic_citation_helper,,True
88170266-3d7,u_00121,try_grammarly,"{""product_feature"": ""academic_citation_helper""}",2026-02-05 17:32:14+00:00,2026-02-05,,academic_citation_helper,,True
0740c92b-cb2,u_00122,did_click_lp,"{""lp_name"": ""lp_academic_writing""}",2026-02-21 02:55:10+00:00,2026-02-21,lp_academic_writing,,,True
494962c4-0e9,u_00123,did_click_lp,"{""lp_name"": ""lp_business_emails""}",2026-02-21 17:37:12+00:00,2026-02-21,lp_business_emails,,,True
a082daa8-456,u_00123,did_install_grammarly,{},2026-02-21 17:52:12+00:00,2026-02-21,,,,True
202ec73f-1da,u_00123,try_grammarly,"{""product_feature"": ""smart_email_reply""}",2026-02-21 18:21:12+00:00,2026-02-21,,smart_email_reply,,True
cf479803-e23,u_00124,did_click_lp,"{""lp_name"": ""lp_academic_writing""}",2026-02-26 14:39:09+00:00,2026-02-26,lp_academic_writing,,,True
cb4870a0-4e1,u_00125,did_click_lp,"{""lp_name"": ""lp_business_emails""}",2026-02-20 16:55:59+00:00,2026-02-20,lp_business_emails,,,True
9495c34e-585,u_00126,did_click_lp,"{""lp_name"": ""lp_academic_writing""}",2026-02-18 14:46:52+00:00,2026-02-18,lp_academic_writing,,,True
82ea60d6-830,u_00127,did_click_lp,"{""lp_name"": ""lp_academic_writing""}",2026-02-08 13:47:48+00:00,2026-02-08,lp_academic_writing,,,True
de8a1562-e7b,u_00128,did_click_lp,"{""lp_name"": ""lp_business_emails""}",2026-02-19 08:00:27+00:00,2026-02-19,lp_business_emails,,,True
daa9c941-842,u_00129,did_click_lp,"{""lp_name"": ""lp_business_emails""}",2026-02-09 09:41:23+00:00,2026-02-09,lp_business_emails,,,True
76707296-a17,u_00129,did_install_grammarly,{},2026-02-09 09:49:23+00:00,2026-02-09,,,,True
d0ba9387-912,u_00129,try_grammarly,"{""product_feature"": ""smart_email_reply""}",2026-02-09 10:01:23+00:00,2026-02-09,,smart_email_reply,,True
1d222bee-60e,u_00130,did_click_lp,"{""lp_name"": ""lp_business_emails""}",2026-02-18 06:22:06+00:00,2026-02-18,lp_business_emails,,,True
f4a59bda-3e5,u_00131,did_click_lp,"{""lp_name"": ""lp_business_emails""}",2026-02-10 10:56:19+00:00,2026-02-10,lp_business_emails,,,True
2501f8ea-433,u_00131,did_install_grammarly,{},2026-02-10 11:09:19+00:00,2026-02-10,,,,True
5934c138-795,u_00131,try_grammarly,"{""product_feature"": ""smart_email_reply""}",2026-02-10 11:48:19+00:00,2026-02-10,,smart_email_reply,,True
cca7c218-a1c,u_00132,did_click_lp,"{""lp_name"": ""lp_business_emails""}",2026-02-15 12:48:54+00:00,2026-02-15,lp_business_emails,,,True
b9050992-748,u_00132,did_click_lp,"{""lp_name"": ""lp_business_emails""}",2026-02-20 09:16:09+00:00,2026-02-20,lp_business_emails,,,True
21047333-17d,u_00133,did_click_lp,"{""lp_name"": ""lp_academic_writing""}",2026-02-11 04:52:18+00:00,2026-02-11,lp_academic_writing,,,True
fcda1cac-a8f,u_00134,did_click_lp,"{""lp_name"": ""lp_business_emails""}",2026-02-14 05:15:01+00:00,2026-02-14,lp_business_emails,,,True
18e92bb3-181,u_00135,did_click_lp,"{""lp_name"": ""lp_academic_writing""}",2026-02-21 12:43:48+00:00,2026-02-21,lp_academic_writing,,,True
0d4fa3aa-471,u_00135,did_click_lp,"{""lp_name"": ""lp_business_emails""}",2026-02-24 18:30:02+00:00,2026-02-24,lp_business_emails,,,True
dbed29fb-50f,u_00136,did_click_lp,"{""lp_name"": ""lp_academic_writing""}",2026-02-16 05:51:33+00:00,2026-02-16,lp_academic_writing,,,True
b852c321-32f,u_00137,did_click_lp,"{""lp_name"": ""lp_business_emails""}",2026-02-20 18:26:10+00:00,2026-02-20,lp_business_emails,,,True
b36ad80c-1c6,u_00137,did_install_grammarly,{},2026-02-20 18:31:10+00:00,2026-02-20,,,,True
93fd2ea8-4f8,u_00137,try_grammarly,"{""product_feature"": ""smart_email_reply""}",2026-02-20 18:51:10+00:00,2026-02-20,,smart_email_reply,,True
a68201a5-137,u_00138,did_click_lp,"{""lp_name"": ""lp_business_emails""}",2026-02-20 01:48:08+00:00,2026-02-20,lp_business_emails,,,True
6a084bf0-d99,u_00138,did_install_grammarly,{},2026-02-20 01:53:08+00:00,2026-02-20,,,,True
7ab74f3d-f0e,u_00138,try_grammarly,"{""product_feature"": ""smart_email_reply""}",2026-02-20 02:52:08+00:00,2026-02-20,,smart_email_reply,,True
c65e2927-3d8,u_00139,did_click_lp,"{""lp_name"": ""lp_academic_writing""}",2026-02-14 07:13:52+00:00,2026-02-14,lp_academic_writing,,,True
00b71410-7f3,u_00139,did_install_grammarly,{},2026-02-14 07:16:52+00:00,2026-02-14,,,,True
fb83b3bc-4c9,u_00139,try_grammarly,"{""product_feature"": ""academic_citation_helper""}",2026-02-14 08:05:52+00:00,2026-02-14,,academic_citation_helper,,True
19211340-e9c,u_00139,try_grammarly,"{""product_feature"": ""academic_citation_helper""}",2026-02-15 12:46:01+00:00,2026-02-15,,academic_citation_helper,,True
4a69c9e2-1eb,u_00140,did_click_lp,"{""lp_name"": ""lp_academic_writing""}",2026-02-24 13:34:46+00:00,2026-02-24,lp_academic_writing,,,True
8239a852-8b0,u_00140,did_install_grammarly,{},2026-02-24 13:43:46+00:00,2026-02-24,,,,True
3f2217d4-a7e,u_00141,did_click_lp,"{""lp_name"": ""lp_business_emails""}",2026-02-14 15:29:20+00:00,2026-02-14,lp_business_emails,,,True
5fbb6389-24d,u_00142,did_click_lp,"{""lp_name"": ""lp_academic_writing""}",2026-02-19 07:01:01+00:00,2026-02-19,lp_academic_writing,,,True
7f4b9e06-b2d,u_00143,did_click_lp,"{""lp_name"": ""lp_business_emails""}",2026-02-21 12:51:51+00:00,2026-02-21,lp_business_emails,,,True
a0d3bbcc-aed,u_00143,did_install_grammarly,{},2026-02-21 12:57:51+00:00,2026-02-21,,,,True
e5f3db66-869,u_00143,try_grammarly,"{""product_feature"": ""smart_email_reply""}",2026-02-21 13:32:51+00:00,2026-02-21,,smart_email_reply,,True
399cf082-637,u_00144,did_click_lp,"{""lp_name"": ""lp_academic_writing""}",2026-02-10 16:10:05+00:00,2026-02-10,lp_academic_writing,,,True
34d72823-214,u_00144,did_install_grammarly,{},2026-02-10 16:17:05+00:00,2026-02-10,,,,True
284fe43a-15f,u_00144,try_grammarly,"{""product_feature"": ""academic_citation_helper""}",2026-02-10 17:04:05+00:00,2026-02-10,,academic_citation_helper,,True
389ac3c1-bcb,u_00144,try_grammarly,"{""product_feature"": ""academic_citation_helper""}",2026-02-11 16:26:50+00:00,2026-02-11,,academic_citation_helper,,True
8803fc85-662,u_00144,try_grammarly,"{""product_feature"": ""academic_citation_helper""}",2026-02-12 13:26:58+00:00,2026-02-12,,academic_citation_helper,,True
2e4518d4-06b,u_00145,did_click_lp,"{""lp_name"": ""lp_academic_writing""}",2026-02-01 09:18:52+00:00,2026-02-01,lp_academic_writing,,,True
19d76a66-ff1,u_00145,did_install_grammarly,{},2026-02-01 09:25:52+00:00,2026-02-01,,,,True
a6ab23d2-989,u_00146,did_click_lp,"{""lp_name"": ""lp_academic_writing""}",2026-02-03 15:28:20+00:00,2026-02-03,lp_academic_writing,,,True
4e5075f2-12d,u_00146,did_install_grammarly,{},2026-02-03 15:36:20+00:00,2026-02-03,,,,True
d873651a-209,u_00147,did_click_lp,"{""lp_name"": ""lp_academic_writing""}",2026-02-28 16:40:01+00:00,2026-02-28,lp_academic_writing,,,True
2d20b993-2c0,u_00148,did_click_lp,"{""lp_name"": ""lp_business_emails""}",2026-02-06 02:29:43+00:00,2026-02-06,lp_business_emails,,,True
2c392f07-a16,u_00148,did_install_grammarly,{},2026-02-06 02:37:43+00:00,2026-02-06,,,,True
7607a263-4d2,u_00149,did_click_lp,"{""lp_name"": ""lp_academic_writing""}",2026-02-12 01:05:49+00:00,2026-02-12,lp_academic_writing,,,True
0036703a-864,u_00149,did_install_grammarly,{},2026-02-12 01:11:49+00:00,2026-02-12,,,,True
8634a24e-5c5,u_00150,did_click_lp,"{""lp_name"": ""lp_academic_writing""}",2026-02-13 01:00:16+00:00,2026-02-13,lp_academic_writing,,,True
bb83325f-741,u_00150,did_install_grammarly,{},2026-02-13 01:03:16+00:00,2026-02-13,,,,True
e7b4dbe8-29c,u_00150,try_grammarly,"{""product_feature"": ""academic_citation_helper""}",2026-02-13 01:55:16+00:00,2026-02-13,,academic_citation_helper,,True
dbd39926-621,u_00150,try_grammarly,"{""product_feature"": ""academic_citation_helper""}",2026-02-14 14:04:05+00:00,2026-02-14,,academic_citation_helper,,True
8921fb8d-503,u_00150,try_grammarly,"{""product_feature"": ""academic_citation_helper""}",2026-02-15 07:45:28+00:00,2026-02-15,,academic_citation_helper,,True
ac7ec591-810,u_00150,try_grammarly,"{""product_feature"": ""academic_citation_helper""}",2026-02-17 05:10:53+00:00,2026-02-17,,academic_citation_helper,,True
481909cb-713,u_00151,did_click_lp,"{""lp_name"": ""lp_business_emails""}",2026-02-01 06:42:46+00:00,2026-02-01,lp_business_emails,,,True
f1282b42-e63,u_00152,did_click_lp,"{""lp_name"": ""lp_business_emails""}",2026-02-09 06:32:01+00:00,2026-02-09,lp_business_emails,,,True
2ffedd35-cc0,u_00152,did_install_grammarly,{},2026-02-09 06:36:01+00:00,2026-02-09,,,,True
6095fdd3-e89,u_00153,did_click_lp,"{""lp_name"": ""lp_academic_writing""}",2026-02-19 01:40:45+00:00,2026-02-19,lp_academic_writing,,,True
70728c65-981,u_00154,did_click_lp,"{""lp_name"": ""lp_academic_writing""}",2026-02-24 04:30:31+00:00,2026-02-24,lp_academic_writing,,,True
853c50a9-091,u_00155,did_click_lp,"{""lp_name"": ""lp_business_emails""}",2026-02-12 01:09:57+00:00,2026-02-12,lp_business_emails,,,True
68581abc-aa2,u_00155,did_install_grammarly,{},2026-02-12 01:13:57+00:00,2026-02-12,,,,True
023e3fae-76b,u_00155,try_grammarly,"{""product_feature"": ""smart_email_reply""}",2026-02-12 01:16:57+00:00,2026-02-12,,smart_email_reply,,True
9ca46ec0-242,u_00156,did_click_lp,"{""lp_name"": ""lp_academic_writing""}",2026-02-16 11:38:42+00:00,2026-02-16,lp_academic_writing,,,True
9bd4c900-2f0,u_00157,did_click_lp,"{""lp_name"": ""lp_business_emails""}",2026-02-20 10:43:29+00:00,2026-02-20,lp_business_emails,,,True
cffeecc5-04d,u_00158,did_click_lp,"{""lp_name"": ""lp_academic_writing""}",2026-02-24 21:18:54+00:00,2026-02-24,lp_academic_writing,,,True
909802cb-eea,u_00159,did_click_lp,"{""lp_name"": ""lp_business_emails""}",2026-02-11 17:51:58+00:00,2026-02-11,lp_business_emails,,,True
48c2c467-be6,u_00160,did_click_lp,"{""lp_name"": ""lp_academic_writing""}",2026-02-28 00:17:44+00:00,2026-02-28,lp_academic_writing,,,True
5ab415c6-1d9,u_00160,did_install_grammarly,{},2026-02-28 00:26:44+00:00,2026-02-28,,,,True
bc70f692-1dc,u_00161,did_click_lp,"{""lp_name"": ""lp_academic_writing""}",2026-02-13 07:48:36+00:00,2026-02-13,lp_academic_writing,,,True
f755f9bd-b49,u_00161,did_install_grammarly,{},2026-02-13 07:57:36+00:00,2026-02-13,,,,True
f5bdd03e-ac6,u_00162,did_click_lp,"{""lp_name"": ""lp_business_emails""}",2026-02-25 21:29:42+00:00,2026-02-25,lp_business_emails,,,True
5afdf96e-764,u_00162,did_install_grammarly,{},2026-02-25 21:38:42+00:00,2026-02-25,,,,True
0f8de9fb-e8a,u_00162,try_grammarly,"{""product_feature"": ""smart_email_reply""}",2026-02-25 22:36:42+00:00,2026-02-25,,smart_email_reply,,True
430a2134-0c5,u_00163,did_click_lp,"{""lp_name"": ""lp_business_emails""}",2026-02-17 01:51:37+00:00,2026-02-17,lp_business_emails,,,True
465d8b55-1a1,u_00163,did_install_grammarly,{},2026-02-17 02:05:37+00:00,2026-02-17,,,,True
a08ab407-c42,u_00164,did_click_lp,"{""lp_name"": ""lp_business_emails""}",2026-02-14 08:31:10+00:00,2026-02-14,lp_business_emails,,,True
02c68254-42b,u_00165,did_click_lp,"{""lp_name"": ""lp_business_emails""}",2026-02-12 14:35:44+00:00,2026-02-12,lp_business_emails,,,True
814d88cb-88b,u_00165,did_install_grammarly,{},2026-02-12 14:47:44+00:00,2026-02-12,,,,True
2f11dddf-dd7,u_00165,try_grammarly,"{""product_feature"": ""smart_email_reply""}",2026-02-12 15:30:44+00:00,2026-02-12,,smart_email_reply,,True
51add3ed-526,u_00166,did_click_lp,"{""lp_name"": ""lp_business_emails""}",2026-02-04 15:08:56+00:00,2026-02-04,lp_business_emails,,,True
c8ee40e6-eb4,u_00167,did_click_lp,"{""lp_name"": ""lp_academic_writing""}",2026-02-23 01:44:13+00:00,2026-02-23,lp_academic_writing,,,True
b89fd54e-3aa,u_00168,did_click_lp,"{""lp_name"": ""lp_business_emails""}",2026-02-10 06:21:44+00:00,2026-02-10,lp_business_emails,,,True
b9dc540a-633,u_00169,did_click_lp,"{""lp_name"": ""lp_business_emails""}",2026-02-28 11:20:26+00:00,2026-02-28,lp_business_emails,,,True
4ad21bb3-e80,u_00169,did_install_grammarly,{},2026-02-28 11:29:26+00:00,2026-02-28,,,,True
bde0785b-5d0,u_00170,did_click_lp,"{""lp_name"": ""lp_academic_writing""}",2026-02-14 15:18:18+00:00,2026-02-14,lp_academic_writing,,,True
93a36db8-f99,u_00171,did_click_lp,"{""lp_name"": ""lp_academic_writing""}",2026-02-05 01:17:49+00:00,2026-02-05,lp_academic_writing,,,True
2369d33d-c3d,u_00171,did_install_grammarly,{},2026-02-05 01:26:49+00:00,2026-02-05,,,,True
87e1235c-465,u_00171,try_grammarly,"{""product_feature"": ""academic_citation_helper""}",2026-02-05 01:43:49+00:00,2026-02-05,,academic_citation_helper,,True
6adc731b-80d,u_00172,did_click_lp,"{""lp_name"": ""lp_business_emails""}",2026-02-22 14:11:50+00:00,2026-02-22,lp_business_emails,,,True
5e534fbc-f30,u_00172,did_install_grammarly,{},2026-02-22 14:17:50+00:00,2026-02-22,,,,True
3e7be991-1e1,u_00172,try_grammarly,"{""product_feature"": ""smart_email_reply""}",2026-02-22 14:40:50+00:00,2026-02-22,,smart_email_reply,,True
ad598a30-cef,u_00173,did_click_lp,"{""lp_name"": ""lp_academic_writing""}",2026-02-10 07:01:59+00:00,2026-02-10,lp_academic_writing,,,True
ca6ce9ee-5b5,u_00173,did_install_grammarly,{},2026-02-10 07:05:59+00:00,2026-02-10,,,,True
1c32e8df-7fe,u_00173,try_grammarly,"{""product_feature"": ""academic_citation_helper""}",2026-02-10 07:34:59+00:00,2026-02-10,,academic_citation_helper,,True
0a77726b-3e1,u_00173,try_grammarly,"{""product_feature"": ""academic_citation_helper""}",2026-02-11 23:01:35+00:00,2026-02-11,,academic_citation_helper,,True
462b05ea-714,u_00173,try_grammarly,"{""product_feature"": ""academic_citation_helper""}",2026-02-12 12:49:24+00:00,2026-02-12,,academic_citation_helper,,True
83d67f99-5e9,u_00174,did_click_lp,"{""lp_name"": ""lp_business_emails""}",2026-02-16 07:16:46+00:00,2026-02-16,lp_business_emails,,,True
4657f4d6-392,u_00174,did_install_grammarly,{},2026-02-16 07:22:46+00:00,2026-02-16,,,,True
93d9dc81-813,u_00174,try_grammarly,"{""product_feature"": ""smart_email_reply""}",2026-02-16 07:50:46+00:00,2026-02-16,,smart_email_reply,,True
d422b468-f3d,u_00175,did_click_lp,"{""lp_name"": ""lp_business_emails""}",2026-02-03 14:57:45+00:00,2026-02-03,lp_business_emails,,,True
db7ba0ea-0ce,u_00176,did_click_lp,"{""lp_name"": ""lp_academic_writing""}",2026-02-24 10:28:50+00:00,2026-02-24,lp_academic_writing,,,True
633fb65a-de0,u_00177,did_click_lp,"{""lp_name"": ""lp_academic_writing""}",2026-02-20 15:25:47+00:00,2026-02-20,lp_academic_writing,,,True
2e969a9e-684,u_00178,did_click_lp,"{""lp_name"": ""lp_business_emails""}",2026-02-25 01:24:14+00:00,2026-02-25,lp_business_emails,,,True
8cc25591-4fb,u_00179,did_click_lp,"{""lp_name"": ""lp_business_emails""}",2026-02-09 00:19:28+00:00,2026-02-09,lp_business_emails,,,True
9c608b95-1de,u_00180,did_click_lp,"{""lp_name"": ""lp_academic_writing""}",2026-02-23 01:38:20+00:00,2026-02-23,lp_academic_writing,,,True
f0556115-fff,u_00180,did_install_grammarly,{},2026-02-23 01:40:20+00:00,2026-02-23,,,,True
b7f69b48-d4f,u_00180,try_grammarly,"{""product_feature"": ""academic_citation_helper""}",2026-02-23 02:30:20+00:00,2026-02-23,,academic_citation_helper,,True
3b36a2eb-de3,u_00180,try_grammarly,"{""product_feature"": ""academic_citation_helper""}",2026-02-24 20:53:13+00:00,2026-02-24,,academic_citation_helper,,True
72c1553a-04b,u_00180,try_grammarly,"{""product_feature"": ""academic_citation_helper""}",2026-02-25 22:24:03+00:00,2026-02-25,,academic_citation_helper,,True
ea932a46-d50,u_00181,did_click_lp,"{""lp_name"": ""lp_business_emails""}",2026-02-07 15:45:57+00:00,2026-02-07,lp_business_emails,,,True
1437fb5a-ac8,u_00182,did_click_lp,"{""lp_name"": ""lp_academic_writing""}",2026-02-18 10:09:00+00:00,2026-02-18,lp_academic_writing,,,True
c1c2ef5d-20c,u_00182,did_click_lp,"{""lp_name"": ""lp_business_emails""}",2026-02-18 20:04:41+00:00,2026-02-18,lp_business_emails,,,True
3b594b1d-f70,u_00182,did_install_grammarly,{},2026-02-18 20:10:41+00:00,2026-02-18,,,,True
d3f8f0a1-414,u_00182,try_grammarly,"{""product_feature"": ""smart_email_reply""}",2026-02-18 20:47:41+00:00,2026-02-18,,smart_email_reply,,True
3f5bd90f-95b,u_00183,did_click_lp,"{""lp_name"": ""lp_academic_writing""}",2026-02-26 10:29:31+00:00,2026-02-26,lp_academic_writing,,,True
9574b571-ead,u_00183,did_install_grammarly,{},2026-02-26 10:37:31+00:00,2026-02-26,,,,True
5c45cac4-ed1,u_00183,try_grammarly,"{""product_feature"": ""academic_citation_helper""}",2026-02-26 11:12:31+00:00,2026-02-26,,academic_citation_helper,,True
3edc0f59-e6d,u_00183,try_grammarly,"{""product_feature"": ""academic_citation_helper""}",2026-02-27 05:18:49+00:00,2026-02-27,,academic_citation_helper,,True
15f9c2b7-2b9,u_00183,try_grammarly,"{""product_feature"": ""academic_citation_helper""}",2026-02-28 18:08:32+00:00,2026-02-28,,academic_citation_helper,,True
1071409b-88a,u_00183,try_grammarly,"{""product_feature"": ""academic_citation_helper""}",2026-03-03 03:20:35+00:00,2026-03-03,,academic_citation_helper,,True
95295878-5e5,u_00184,did_click_lp,"{""lp_name"": ""lp_academic_writing""}",2026-02-24 18:33:28+00:00,2026-02-24,lp_academic_writing,,,True
9fd157da-a74,u_00185,did_click_lp,"{""lp_name"": ""lp_business_emails""}",2026-02-19 11:56:21+00:00,2026-02-19,lp_business_emails,,,True
b9c8abd7-d62,u_00186,did_click_lp,"{""lp_name"": ""lp_academic_writing""}",2026-02-20 08:56:46+00:00,2026-02-20,lp_academic_writing,,,True
13379de7-71c,u_00186,did_install_grammarly,{},2026-02-20 09:02:46+00:00,2026-02-20,,,,True
13418405-e25,u_00186,try_grammarly,"{""product_feature"": ""academic_citation_helper""}",2026-02-20 09:32:46+00:00,2026-02-20,,academic_citation_helper,,True
50c1eb1e-d26,u_00186,try_grammarly,"{""product_feature"": ""academic_citation_helper""}",2026-02-21 14:17:53+00:00,2026-02-21,,academic_citation_helper,,True
981116a6-ab1,u_00186,try_grammarly,"{""product_feature"": ""academic_citation_helper""}",2026-02-22 15:51:26+00:00,2026-02-22,,academic_citation_helper,,True
a2f8c98e-f69,u_00187,did_click_lp,"{""lp_name"": ""lp_business_emails""}",2026-02-04 09:15:31+00:00,2026-02-04,lp_business_emails,,,True
c2d9df1e-45b,u_00188,did_click_lp,"{""lp_name"": ""lp_business_emails""}",2026-02-24 20:47:00+00:00,2026-02-24,lp_business_emails,,,True
58e46772-b7a,u_00188,did_install_grammarly,{},2026-02-24 20:58:00+00:00,2026-02-24,,,,True
99648132-72d,u_00188,try_grammarly,"{""product_feature"": ""smart_email_reply""}",2026-02-24 21:04:00+00:00,2026-02-24,,smart_email_reply,,True
710e510f-08b,u_00189,did_click_lp,"{""lp_name"": ""lp_business_emails""}",2026-02-18 04:50:17+00:00,2026-02-18,lp_business_emails,,,True
6865fac3-817,u_00190,did_click_lp,"{""lp_name"": ""lp_business_emails""}",2026-02-14 03:43:53+00:00,2026-02-14,lp_business_emails,,,True
55428488-359,u_00191,did_click_lp,"{""lp_name"": ""lp_business_emails""}",2026-02-07 08:06:21+00:00,2026-02-07,lp_business_emails,,,True
4dc78118-6d7,u_00192,did_click_lp,"{""lp_name"": ""lp_academic_writing""}",2026-02-17 09:39:35+00:00,2026-02-17,lp_academic_writing,,,True
7983ffa2-a8c,u_00193,did_click_lp,"{""lp_name"": ""lp_business_emails""}",2026-02-09 22:03:25+00:00,2026-02-09,lp_business_emails,,,True
da6b5e39-123,u_00193,did_install_grammarly,{},2026-02-09 22:13:25+00:00,2026-02-09,,,,True
9f7f23c2-9dd,u_00193,try_grammarly,"{""product_feature"": ""smart_email_reply""}",2026-02-09 22:21:25+00:00,2026-02-09,,smart_email_reply,,True
7d84c0f7-5df,u_00194,did_click_lp,"{""lp_name"": ""lp_academic_writing""}",2026-02-15 08:00:10+00:00,2026-02-15,lp_academic_writing,,,True
734cfe22-1e8,u_00194,did_install_grammarly,{},2026-02-15 08:09:10+00:00,2026-02-15,,,,True
3140e9f1-69d,u_00194,try_grammarly,"{""product_feature"": ""academic_citation_helper""}",2026-02-15 08:59:10+00:00,2026-02-15,,academic_citation_helper,,True
3ea72da4-825,u_00194,try_grammarly,"{""product_feature"": ""academic_citation_helper""}",2026-02-16 16:04:11+00:00,2026-02-16,,academic_citation_helper,,True
35a1406c-e91,u_00195,did_click_lp,"{""lp_name"": ""lp_business_emails""}",2026-02-06 15:57:24+00:00,2026-02-06,lp_business_emails,,,True
ded9f775-4c1,u_00195,did_install_grammarly,{},2026-02-06 15:59:24+00:00,2026-02-06,,,,True
87d91608-0f4,u_00195,try_grammarly,"{""product_feature"": ""smart_email_reply""}",2026-02-06 16:21:24+00:00,2026-02-06,,smart_email_reply,,True
291ce079-25f,u_00196,did_click_lp,"{""lp_name"": ""lp_academic_writing""}",2026-02-09 16:20:27+00:00,2026-02-09,lp_academic_writing,,,True
b73be29a-b67,u_00197,did_click_lp,"{""lp_name"": ""lp_academic_writing""}",2026-02-11 17:27:30+00:00,2026-02-11,lp_academic_writing,,,True
f2fa6689-73e,u_00198,did_click_lp,"{""lp_name"": ""lp_business_emails""}",2026-02-04 04:54:16+00:00,2026-02-04,lp_business_emails,,,True
24462359-f91,u_00199,did_click_lp,"{""lp_name"": ""lp_academic_writing""}",2026-02-27 23:20:38+00:00,2026-02-27,lp_academic_writing,,,True
99a3df20-b8f,u_00199,did_install_grammarly,{},2026-02-27 23:29:38+00:00,2026-02-27,,,,True
68558ddb-08d,u_00199,try_grammarly,"{""product_feature"": ""academic_citation_helper""}",2026-02-28 00:23:38+00:00,2026-02-28,,academic_citation_helper,,True
a6ab4eff-ca2,u_00199,try_grammarly,"{""product_feature"": ""academic_citation_helper""}",2026-02-28 23:16:23+00:00,2026-02-28,,academic_citation_helper,,True
0660179e-b5d,u_00200,did_click_lp,"{""lp_name"": ""lp_business_emails""}",2026-02-23 19:31:27+00:00,2026-02-23,lp_business_emails,,,True
e726f142-4dc,u_00201,did_click_lp,"{""lp_name"": ""lp_business_emails""}",2026-02-28 14:40:55+00:00,2026-02-28,lp_business_emails,,,True
2431afef-d4d,u_00201,did_install_grammarly,{},2026-02-28 14:51:55+00:00,2026-02-28,,,,True
3be6d16b-9ea,u_00201,try_grammarly,"{""product_feature"": ""smart_email_reply""}",2026-02-28 15:01:55+00:00,2026-02-28,,smart_email_reply,,True
3c5958e8-1cc,u_00201,try_grammarly,"{""product_feature"": ""smart_email_reply""}",2026-03-01 06:58:47+00:00,2026-03-01,,smart_email_reply,,True
c0bf1eaa-90f,u_00202,did_click_lp,"{""lp_name"": ""lp_academic_writing""}",2026-02-18 05:23:20+00:00,2026-02-18,lp_academic_writing,,,True
7e8a44d1-abc,u_00202,did_install_grammarly,{},2026-02-18 05:25:20+00:00,2026-02-18,,,,True
0c2879cf-46e,u_00202,try_grammarly,"{""product_feature"": ""academic_citation_helper""}",2026-02-18 06:01:20+00:00,2026-02-18,,academic_citation_helper,,True
e2d045eb-bf1,u_00202,try_grammarly,"{""product_feature"": ""academic_citation_helper""}",2026-02-19 20:20:38+00:00,2026-02-19,,academic_citation_helper,,True
691ad284-50c,u_00202,try_grammarly,"{""product_feature"": ""academic_citation_helper""}",2026-02-20 12:37:07+00:00,2026-02-20,,academic_citation_helper,,True
a920689d-1d9,u_00202,try_grammarly,"{""product_feature"": ""academic_citation_helper""}",2026-02-22 19:11:52+00:00,2026-02-22,,academic_citation_helper,,True
de79fb8f-27a,u_00203,did_click_lp,"{""lp_name"": ""lp_business_emails""}",2026-02-13 04:58:24+00:00,2026-02-13,lp_business_emails,,,True
feecea02-be6,u_00203,did_install_grammarly,{},2026-02-13 05:10:24+00:00,2026-02-13,,,,True
24f6c999-bfd,u_00204,did_click_lp,"{""lp_name"": ""lp_business_emails""}",2026-02-01 06:36:11+00:00,2026-02-01,lp_business_emails,,,True
60ecd5f1-eb6,u_00204,did_install_grammarly,{},2026-02-01 06:42:11+00:00,2026-02-01,,,,True
1cf580b0-f8b,u_00204,try_grammarly,"{""product_feature"": ""smart_email_reply""}",2026-02-01 07:11:11+00:00,2026-02-01,,smart_email_reply,,True
50743cfd-1d4,u_00205,did_click_lp,"{""lp_name"": ""lp_academic_writing""}",2026-02-20 16:48:21+00:00,2026-02-20,lp_academic_writing,,,True
c2ebd480-528,u_00205,did_install_grammarly,{},2026-02-20 16:53:21+00:00,2026-02-20,,,,True
e3655db0-e83,u_00205,try_grammarly,"{""product_feature"": ""academic_citation_helper""}",2026-02-20 17:05:21+00:00,2026-02-20,,academic_citation_helper,,True
66514c8d-247,u_00205,try_grammarly,"{""product_feature"": ""academic_citation_helper""}",2026-02-21 22:09:44+00:00,2026-02-21,,academic_citation_helper,,True
01f05f68-17d,u_00205,try_grammarly,"{""product_feature"": ""academic_citation_helper""}",2026-02-22 04:13:08+00:00,2026-02-22,,academic_citation_helper,,True
66dc5303-260,u_00206,did_click_lp,"{""lp_name"": ""lp_business_emails""}",2026-02-08 15:12:02+00:00,2026-02-08,lp_business_emails,,,True
774b132f-6f9,u_00206,did_click_lp,"{""lp_name"": ""lp_business_emails""}",2026-02-28 02:34:59+00:00,2026-02-28,lp_business_emails,,,True
564ec1e4-81b,u_00207,did_click_lp,"{""lp_name"": ""lp_academic_writing""}",2026-02-17 01:25:16+00:00,2026-02-17,lp_academic_writing,,,True
d3fcd007-682,u_00208,did_click_lp,"{""lp_name"": ""lp_business_emails""}",2026-02-24 00:55:25+00:00,2026-02-24,lp_business_emails,,,True
d8d0926d-013,u_00209,did_click_lp,"{""lp_name"": ""lp_business_emails""}",2026-02-06 01:56:02+00:00,2026-02-06,lp_business_emails,,,True
39382e9b-d41,u_00209,did_install_grammarly,{},2026-02-06 02:05:02+00:00,2026-02-06,,,,True
a3bf7b92-7aa,u_00209,try_grammarly,"{""product_feature"": ""smart_email_reply""}",2026-02-06 02:59:02+00:00,2026-02-06,,smart_email_reply,,True
a2aaf8c4-a59,u_00210,did_click_lp,"{""lp_name"": ""lp_academic_writing""}",2026-02-22 11:55:06+00:00,2026-02-22,lp_academic_writing,,,True
6dd70bbf-0af,u_00210,did_install_grammarly,{},2026-02-22 12:02:06+00:00,2026-02-22,,,,True
39aa98f6-e27,u_00210,try_grammarly,"{""product_feature"": ""academic_citation_helper""}",2026-02-22 12:31:06+00:00,2026-02-22,,academic_citation_helper,,True
585a54b6-3a3,u_00210,try_grammarly,"{""product_feature"": ""academic_citation_helper""}",2026-02-23 22:06:57+00:00,2026-02-23,,academic_citation_helper,,True
639dcdfb-5bc,u_00210,try_grammarly,"{""product_feature"": ""academic_citation_helper""}",2026-02-24 19:34:05+00:00,2026-02-24,,academic_citation_helper,,True
d285eedd-dad,u_00210,try_grammarly,"{""product_feature"": ""academic_citation_helper""}",2026-02-27 14:35:59+00:00,2026-02-27,,academic_citation_helper,,True
ea6d5839-d71,u_00211,did_click_lp,"{""lp_name"": ""lp_business_emails""}",2026-02-06 21:31:07+00:00,2026-02-06,lp_business_emails,,,True
0,u_00211,did_install_grammarly,{},2026-02-06 21:39:07+00:00,2026-02-06,,,,True
4ff3484e-943,u_00212,did_click_lp,"{""lp_name"": ""lp_business_emails""}",2026-02-23 03:06:10+00:00,2026-02-23,lp_business_emails,,,True
344797af-89a,u_00212,did_install_grammarly,{},2026-02-23 03:18:10+00:00,2026-02-23,,,,True
a21e4aa5-487,u_00213,did_click_lp,"{""lp_name"": ""lp_business_emails""}",2026-02-14 19:17:20+00:00,2026-02-14,lp_business_emails,,,True
cbe2a589-5a0,u_00214,did_click_lp,"{""lp_name"": ""lp_business_emails""}",2026-02-02 03:46:58+00:00,2026-02-02,lp_business_emails,,,True
0cce3b1e-973,u_00215,did_click_lp,"{""lp_name"": ""lp_academic_writing""}",2026-02-05 01:27:05+00:00,2026-02-05,lp_academic_writing,,,True
033e7721-6ec,u_00216,did_click_lp,"{""lp_name"": ""lp_academic_writing""}",2026-02-12 01:32:50+00:00,2026-02-12,lp_academic_writing,,,True
7f8c1fce-462,u_00216,did_install_grammarly,{},2026-02-12 01:37:50+00:00,2026-02-12,,,,True
de299cdb-a0f,u_00217,did_click_lp,"{""lp_name"": ""lp_academic_writing""}",2026-02-01 12:05:49+00:00,2026-02-01,lp_academic_writing,,,True
5820760e-6ba,u_00218,did_click_lp,"{""lp_name"": ""lp_academic_writing""}",2026-02-20 22:48:15+00:00,2026-02-20,lp_academic_writing,,,True
14b84035-5d7,u_00218,did_install_grammarly,{},2026-02-20 22:54:15+00:00,2026-02-20,,,,True
26808b55-e6b,u_00219,did_click_lp,"{""lp_name"": ""lp_academic_writing""}",2026-02-14 13:19:28+00:00,2026-02-14,lp_academic_writing,,,True
29439cad-fc8,u_00220,did_click_lp,"{""lp_name"": ""lp_business_emails""}",2026-02-05 12:21:42+00:00,2026-02-05,lp_business_emails,,,True
23a9ea15-9ed,u_00221,did_click_lp,"{""lp_name"": ""lp_academic_writing""}",2026-02-27 01:52:21+00:00,2026-02-27,lp_academic_writing,,,True
bc1ff722-d68,u_00222,did_click_lp,"{""lp_name"": ""lp_business_emails""}",2026-02-26 19:01:27+00:00,2026-02-26,lp_business_emails,,,True
efacd784-454,u_00222,did_install_grammarly,{},2026-02-26 19:15:27+00:00,2026-02-26,,,,True
9125a5da-aa0,u_00223,did_click_lp,"{""lp_name"": ""lp_business_emails""}",2026-02-08 04:07:01+00:00,2026-02-08,lp_business_emails,,,True
d05dc88f-c7b,u_00223,did_install_grammarly,{},2026-02-08 04:17:01+00:00,2026-02-08,,,,True
7878187d-bfd,u_00223,try_grammarly,"{""product_feature"": ""smart_email_reply""}",2026-02-08 04:32:01+00:00,2026-02-08,,smart_email_reply,,True
c1177c61-929,u_00224,did_click_lp,"{""lp_name"": ""lp_business_emails""}",2026-02-14 15:01:21+00:00,2026-02-14,lp_business_emails,,,True
932b5237-5b6,u_00224,did_click_lp,"{""lp_name"": ""lp_business_emails""}",2026-02-15 18:28:59+00:00,2026-02-15,lp_business_emails,,,True
6df8e878-4a9,u_00225,did_click_lp,"{""lp_name"": ""lp_academic_writing""}",2026-02-26 06:48:02+00:00,2026-02-26,lp_academic_writing,,,True
cf17e367-b51,u_00226,did_click_lp,"{""lp_name"": ""lp_business_emails""}",2026-02-05 07:42:05+00:00,2026-02-05,lp_business_emails,,,True
7572810a-bc4,u_00227,did_click_lp,"{""lp_name"": ""lp_academic_writing""}",2026-02-11 02:07:17+00:00,2026-02-11,lp_academic_writing,,,True
01231402-32a,u_00227,did_install_grammarly,{},2026-02-11 02:14:17+00:00,2026-02-11,,,,True
cf1a70c3-b20,u_00227,try_grammarly,"{""product_feature"": ""academic_citation_helper""}",2026-02-11 02:42:17+00:00,2026-02-11,,academic_citation_helper,,True
ac2c5f11-d73,u_00227,try_grammarly,"{""product_feature"": ""academic_citation_helper""}",2026-02-12 14:15:59+00:00,2026-02-12,,academic_citation_helper,,True
487619db-201,u_00227,try_grammarly,"{""product_feature"": ""academic_citation_helper""}",2026-02-13 04:06:50+00:00,2026-02-13,,academic_citation_helper,,True
d61f204e-a2b,u_00228,did_click_lp,"{""lp_name"": ""lp_business_emails""}",2026-02-12 16:00:42+00:00,2026-02-12,lp_business_emails,,,True
1db195eb-017,u_00229,did_click_lp,"{""lp_name"": ""lp_academic_writing""}",2026-02-22 17:05:59+00:00,2026-02-22,lp_academic_writing,,,True
8d88190c-284,u_00230,did_click_lp,"{""lp_name"": ""lp_business_emails""}",2026-02-03 15:13:24+00:00,2026-02-03,lp_business_emails,,,True
1896ba36-2df,u_00230,did_install_grammarly,{},2026-02-03 15:16:24+00:00,2026-02-03,,,,True
127a1725-a2a,u_00231,did_click_lp,"{""lp_name"": ""lp_academic_writing""}",2026-02-04 16:42:53+00:00,2026-02-04,lp_academic_writing,,,True
a1186824-197,u_00232,did_click_lp,"{""lp_name"": ""lp_academic_writing""}",2026-02-19 03:47:59+00:00,2026-02-19,lp_academic_writing,,,True
a59e452c-abe,u_00233,did_click_lp,"{""lp_name"": ""lp_business_emails""}",2026-02-09 03:54:59+00:00,2026-02-09,lp_business_emails,,,True
94ce5004-0aa,u_00234,did_click_lp,"{""lp_name"": ""lp_business_emails""}",2026-02-14 05:40:47+00:00,2026-02-14,lp_business_emails,,,True
1af0b3b9-e56,u_00235,did_click_lp,"{""lp_name"": ""lp_business_emails""}",2026-02-09 09:34:08+00:00,2026-02-09,lp_business_emails,,,True
cdd9cc22-a8b,u_00235,did_install_grammarly,{},2026-02-09 09:36:08+00:00,2026-02-09,,,,True
ca5a0acf-2ca,u_00235,try_grammarly,"{""product_feature"": ""smart_email_reply""}",2026-02-09 10:35:08+00:00,2026-02-09,,smart_email_reply,,True
bb3984b4-fea,u_00236,did_click_lp,"{""lp_name"": ""lp_business_emails""}",2026-02-19 20:24:18+00:00,2026-02-19,lp_business_emails,,,True
08acf843-f58,u_00237,did_click_lp,"{""lp_name"": ""lp_academic_writing""}",2026-02-07 08:48:50+00:00,2026-02-07,lp_academic_writing,,,True
8fd7fe3d-4f7,u_00237,did_install_grammarly,{},2026-02-07 08:53:50+00:00,2026-02-07,,,,True
e92bbe9e-146,u_00238,did_click_lp,"{""lp_name"": ""lp_business_emails""}",2026-02-19 08:49:39+00:00,2026-02-19,lp_business_emails,,,True
c5628450-3ac,u_00239,did_click_lp,"{""lp_name"": ""lp_business_emails""}",2026-02-24 03:21:05+00:00,2026-02-24,lp_business_emails,,,True
d5fc360b-13d,u_00239,did_install_grammarly,{},2026-02-24 03:28:05+00:00,2026-02-24,,,,True
33281ff7-88d,u_00240,did_click_lp,"{""lp_name"": ""lp_business_emails""}",2026-02-03 05:32:57+00:00,2026-02-03,lp_business_emails,,,True
e9b86a7a-8d8,u_00241,did_click_lp,"{""lp_name"": ""lp_business_emails""}",2026-02-25 16:28:38+00:00,2026-02-25,lp_business_emails,,,True
395a7761-910,u_00242,did_click_lp,"{""lp_name"": ""lp_business_emails""}",2026-02-20 23:46:31+00:00,2026-02-20,lp_business_emails,,,True
454cd877-9ce,u_00243,did_click_lp,"{""lp_name"": ""lp_academic_writing""}",2026-02-27 07:12:43+00:00,2026-02-27,lp_academic_writing,,,True
91736f07-0e6,u_00243,did_install_grammarly,{},2026-02-27 07:14:43+00:00,2026-02-27,,,,True
cf8b7913-0d6,u_00243,try_grammarly,"{""product_feature"": ""academic_citation_helper""}",2026-02-27 07:22:43+00:00,2026-02-27,,academic_citation_helper,,True
9406977b-6fb,u_00243,try_grammarly,"{""product_feature"": ""academic_citation_helper""}",2026-02-28 19:59:09+00:00,2026-02-28,,academic_citation_helper,,True
1daffc7c-ae0,u_00244,did_click_lp,"{""lp_name"": ""lp_academic_writing""}",2026-02-16 17:52:48+00:00,2026-02-16,lp_academic_writing,,,True
fa8c4ba1-031,u_00245,did_click_lp,"{""lp_name"": ""lp_business_emails""}",2026-02-20 12:53:28+00:00,2026-02-20,lp_business_emails,,,True
c77982bb-2f8,u_00246,did_click_lp,"{""lp_name"": ""lp_academic_writing""}",2026-02-05 05:30:55+00:00,2026-02-05,lp_academic_writing,,,True
b25af1fd-b48,u_00246,did_install_grammarly,{},2026-02-05 05:32:55+00:00,2026-02-05,,,,True
a6f205d4-fde,u_00247,did_click_lp,"{""lp_name"": ""lp_business_emails""}",2026-02-25 20:48:09+00:00,2026-02-25,lp_business_emails,,,True
c35c74fe-a12,u_00248,did_click_lp,"{""lp_name"": ""lp_academic_writing""}",2026-02-01 11:08:36+00:00,2026-02-01,lp_academic_writing,,,True
f5634c51-65d,u_00249,did_click_lp,"{""lp_name"": ""lp_business_emails""}",2026-02-14 01:20:50+00:00,2026-02-14,lp_business_emails,,,True
b08137ed-d77,u_00250,did_click_lp,"{""lp_name"": ""lp_business_emails""}",2026-02-12 14:59:00+00:00,2026-02-12,lp_business_emails,,,True
bc7d5909-0cb,u_00251,did_click_lp,"{""lp_name"": ""lp_business_emails""}",2026-02-21 16:21:26+00:00,2026-02-21,lp_business_emails,,,True
ff8ea41d-a62,u_00252,did_click_lp,"{""lp_name"": ""lp_academic_writing""}",2026-02-19 04:28:44+00:00,2026-02-19,lp_academic_writing,,,True
ca96de47-29e,u_00253,did_click_lp,"{""lp_name"": ""lp_academic_writing""}",2026-02-24 07:59:27+00:00,2026-02-24,lp_academic_writing,,,True
1952156f-a36,u_00253,did_install_grammarly,{},2026-02-24 08:01:27+00:00,2026-02-24,,,,True
208e6b2a-252,u_00253,try_grammarly,"{""product_feature"": ""academic_citation_helper""}",2026-02-24 08:23:27+00:00,2026-02-24,,academic_citation_helper,,True
239d1260-96e,u_00253,try_grammarly,"{""product_feature"": ""academic_citation_helper""}",2026-02-25 08:55:37+00:00,2026-02-25,,academic_citation_helper,,True
f3771e9b-5ce,u_00253,try_grammarly,"{""product_feature"": ""academic_citation_helper""}",2026-02-26 17:23:44+00:00,2026-02-26,,academic_citation_helper,,True
c29955b8-d10,u_00254,did_click_lp,"{""lp_name"": ""lp_business_emails""}",2026-02-09 13:43:36+00:00,2026-02-09,lp_business_emails,,,True
8400b38f-d14,u_00255,did_click_lp,"{""lp_name"": ""lp_academic_writing""}",2026-02-20 10:19:46+00:00,2026-02-20,lp_academic_writing,,,True
ef464ac6-1d4,u_00256,did_click_lp,"{""lp_name"": ""lp_business_emails""}",2026-02-10 06:55:58+00:00,2026-02-10,lp_business_emails,,,True
d5302d16-c07,u_00257,did_click_lp,"{""lp_name"": ""lp_academic_writing""}",2026-02-13 19:33:48+00:00,2026-02-13,lp_academic_writing,,,True
7cf03d6a-a05,u_00257,did_install_grammarly,{},2026-02-13 19:41:48+00:00,2026-02-13,,,,True
8f9f6459-97f,u_00257,try_grammarly,"{""product_feature"": ""academic_citation_helper""}",2026-02-13 20:07:48+00:00,2026-02-13,,academic_citation_helper,,True
1a54ae4a-a4d,u_00257,try_grammarly,"{""product_feature"": ""academic_citation_helper""}",2026-02-14 10:23:43+00:00,2026-02-14,,academic_citation_helper,,True
f32721f8-ac2,u_00258,did_click_lp,"{""lp_name"": ""lp_business_emails""}",2026-02-05 15:52:10+00:00,2026-02-05,lp_business_emails,,,True
8858a171-10d,u_00259,did_click_lp,"{""lp_name"": ""lp_business_emails""}",2026-02-15 08:06:04+00:00,2026-02-15,lp_business_emails,,,True
785fa32d-1ee,u_00259,did_install_grammarly,{},2026-02-15 08:12:04+00:00,2026-02-15,,,,True
537760b0-ad7,u_00260,did_click_lp,"{""lp_name"": ""lp_business_emails""}",2026-02-08 22:05:41+00:00,2026-02-08,lp_business_emails,,,True
4dad1182-b5e,u_00261,did_click_lp,"{""lp_name"": ""lp_business_emails""}",2026-02-27 07:21:55+00:00,2026-02-27,lp_business_emails,,,True
d7bb0d04-8bf,u_00262,did_click_lp,"{""lp_name"": ""lp_academic_writing""}",2026-02-26 16:42:49+00:00,2026-02-26,lp_academic_writing,,,True
5675baf9-15e,u_00263,did_click_lp,"{""lp_name"": ""lp_business_emails""}",2026-02-17 02:53:27+00:00,2026-02-17,lp_business_emails,,,True
563355c2-c8f,u_00263,did_install_grammarly,{},2026-02-17 02:56:27+00:00,2026-02-17,,,,True
4351221a-80b,u_00263,try_grammarly,"{""product_feature"": ""smart_email_reply""}",2026-02-17 03:15:27+00:00,2026-02-17,,smart_email_reply,,True
1dce111a-8df,u_00264,did_click_lp,"{""lp_name"": ""lp_business_emails""}",2026-02-07 16:16:37+00:00,2026-02-07,lp_business_emails,,,True
2efbd739-02e,u_00264,did_install_grammarly,{},2026-02-07 16:28:37+00:00,2026-02-07,,,,True
ab992b10-896,u_00264,try_grammarly,"{""product_feature"": ""smart_email_reply""}",2026-02-07 17:17:37+00:00,2026-02-07,,smart_email_reply,,True
d5326eea-c3a,u_00265,did_click_lp,"{""lp_name"": ""lp_academic_writing""}",2026-02-19 23:19:23+00:00,2026-02-19,lp_academic_writing,,,True
efa9fc19-0ca,u_00265,did_click_lp,"{""lp_name"": ""lp_academic_writing""}",2026-02-20 15:50:07+00:00,2026-02-20,lp_academic_writing,,,True
fd16bd4d-b03,u_00266,did_click_lp,"{""lp_name"": ""lp_academic_writing""}",2026-02-03 11:27:59+00:00,2026-02-03,lp_academic_writing,,,True
c02dc9df-68a,u_00267,did_click_lp,"{""lp_name"": ""lp_business_emails""}",2026-02-05 18:47:59+00:00,2026-02-05,lp_business_emails,,,True
0b0bb410-8c5,u_00268,did_click_lp,"{""lp_name"": ""lp_business_emails""}",2026-02-07 13:36:12+00:00,2026-02-07,lp_business_emails,,,True
3bf0324b-521,u_00269,did_click_lp,"{""lp_name"": ""lp_academic_writing""}",2026-02-02 14:17:23+00:00,2026-02-02,lp_academic_writing,,,True
1999e5eb-d8a,u_00269,did_install_grammarly,{},2026-02-02 14:24:23+00:00,2026-02-02,,,,True
8d6f3e0a-d9e,u_00270,did_click_lp,"{""lp_name"": ""lp_business_emails""}",2026-02-12 02:11:08+00:00,2026-02-12,lp_business_emails,,,True
5e1bf618-7e5,u_00271,did_click_lp,"{""lp_name"": ""lp_business_emails""}",2026-02-10 09:06:51+00:00,2026-02-10,lp_business_emails,,,True
70af8f5b-92d,u_00272,did_click_lp,"{""lp_name"": ""lp_business_emails""}",2026-02-16 16:17:44+00:00,2026-02-16,lp_business_emails,,,True
a4aaa970-397,u_00273,did_click_lp,"{""lp_name"": ""lp_academic_writing""}",2026-02-19 21:55:09+00:00,2026-02-19,lp_academic_writing,,,True
8f3b11ab-c05,u_00274,did_click_lp,"{""lp_name"": ""lp_academic_writing""}",2026-02-08 01:34:44+00:00,2026-02-08,lp_academic_writing,,,True
076a1d96-cf4,u_00274,did_install_grammarly,{},2026-02-08 01:43:44+00:00,2026-02-08,,,,True
dd6e09f5-cd7,u_00274,try_grammarly,"{""product_feature"": ""academic_citation_helper""}",2026-02-08 01:50:44+00:00,2026-02-08,,academic_citation_helper,,True
1bdccaee-3ad,u_00274,try_grammarly,"{""product_feature"": ""academic_citation_helper""}",2026-02-09 09:06:32+00:00,2026-02-09,,academic_citation_helper,,True
19f08b19-805,u_00275,did_click_lp,"{""lp_name"": ""lp_academic_writing""}",2026-02-17 19:44:37+00:00,2026-02-17,lp_academic_writing,,,True
16e47f10-449,u_00275,did_install_grammarly,{},2026-02-17 19:50:37+00:00,2026-02-17,,,,True
d6750d85-54a,u_00275,try_grammarly,"{""product_feature"": ""academic_citation_helper""}",2026-02-17 20:40:37+00:00,2026-02-17,,academic_citation_helper,,True
15fc3fd1-01b,u_00275,try_grammarly,"{""product_feature"": ""academic_citation_helper""}",2026-02-18 06:41:31+00:00,2026-02-18,,academic_citation_helper,,True
3f9cb6f7-bdc,u_00276,did_click_lp,"{""lp_name"": ""lp_academic_writing""}",2026-02-27 09:00:21+00:00,2026-02-27,lp_academic_writing,,,True
306efcda-8c2,u_00277,did_click_lp,"{""lp_name"": ""lp_business_emails""}",2026-02-28 02:07:08+00:00,2026-02-28,lp_business_emails,,,True
b6298967-193,u_00278,did_click_lp,"{""lp_name"": ""lp_business_emails""}",2026-02-14 02:10:01+00:00,2026-02-14,lp_business_emails,,,True
d8a6802a-e0f,u_00279,did_click_lp,"{""lp_name"": ""lp_business_emails""}",2026-02-04 19:28:51+00:00,2026-02-04,lp_business_emails,,,True
0a6c9634-10b,u_00279,did_install_grammarly,{},2026-02-04 19:40:51+00:00,2026-02-04,,,,True
e3ad95f0-d2f,u_00280,did_click_lp,"{""lp_name"": ""lp_academic_writing""}",2026-02-24 14:21:44+00:00,2026-02-24,lp_academic_writing,,,True
e315a374-529,u_00280,did_install_grammarly,{},2026-02-24 14:29:44+00:00,2026-02-24,,,,True
ad97b9a8-2ef,u_00281,did_click_lp,"{""lp_name"": ""lp_business_emails""}",2026-02-22 04:01:13+00:00,2026-02-22,lp_business_emails,,,True
9834040a-c3c,u_00282,did_click_lp,"{""lp_name"": ""lp_business_emails""}",2026-02-02 13:07:23+00:00,2026-02-02,lp_business_emails,,,True
c3566532-588,u_00283,did_click_lp,"{""lp_name"": ""lp_business_emails""}",2026-02-27 20:37:07+00:00,2026-02-27,lp_business_emails,,,True
095219f6-c9f,u_00284,did_click_lp,"{""lp_name"": ""lp_business_emails""}",2026-02-03 10:01:57+00:00,2026-02-03,lp_business_emails,,,True
b7c86c8a-c1e,u_00285,did_click_lp,"{""lp_name"": ""lp_business_emails""}",2026-02-23 22:09:14+00:00,2026-02-23,lp_business_emails,,,True
f0741023-b05,u_00286,did_click_lp,"{""lp_name"": ""lp_business_emails""}",2026-02-27 23:10:54+00:00,2026-02-27,lp_business_emails,,,True
747f9e3b-5fc,u_00287,did_click_lp,"{""lp_name"": ""lp_business_emails""}",2026-02-25 19:02:35+00:00,2026-02-25,lp_business_emails,,,True
1a71e00f-650,u_00288,did_click_lp,"{""lp_name"": ""lp_academic_writing""}",2026-02-23 18:52:58+00:00,2026-02-23,lp_academic_writing,,,True
96084b1e-899,u_00288,did_install_grammarly,{},2026-02-23 18:57:58+00:00,2026-02-23,,,,True
382e7357-a2f,u_00288,try_grammarly,"{""product_feature"": ""academic_citation_helper""}",2026-02-23 19:38:58+00:00,2026-02-23,,academic_citation_helper,,True
011bdf33-e01,u_00288,try_grammarly,"{""product_feature"": ""academic_citation_helper""}",2026-02-24 01:58:49+00:00,2026-02-24,,academic_citation_helper,,True
77e5689e-0c2,u_00288,try_grammarly,"{""product_feature"": ""academic_citation_helper""}",2026-02-25 13:26:59+00:00,2026-02-25,,academic_citation_helper,,True
61f41723-513,u_00289,did_click_lp,"{""lp_name"": ""lp_business_emails""}",2026-02-20 23:10:46+00:00,2026-02-20,lp_business_emails,,,True
07aeba58-a58,u_00290,did_click_lp,"{""lp_name"": ""lp_academic_writing""}",2026-02-05 12:42:00+00:00,2026-02-05,lp_academic_writing,,,True
dd7f6a04-e88,u_00291,did_click_lp,"{""lp_name"": ""lp_business_emails""}",2026-02-22 23:10:31+00:00,2026-02-22,lp_business_emails,,,True
355ee263-549,u_00291,did_install_grammarly,{},2026-02-22 23:14:31+00:00,2026-02-22,,,,True
a7849e99-e3e,u_00292,did_click_lp,"{""lp_name"": ""lp_business_emails""}",2026-02-03 19:44:35+00:00,2026-02-03,lp_business_emails,,,True
2c09f9bc-39d,u_00292,did_install_grammarly,{},2026-02-03 19:46:35+00:00,2026-02-03,,,,True
b2470ff6-ffb,u_00293,did_click_lp,"{""lp_name"": ""lp_business_emails""}",2026-02-25 17:00:11+00:00,2026-02-25,lp_business_emails,,,True
19dde0b8-d70,u_00293,did_install_grammarly,{},2026-02-25 17:12:11+00:00,2026-02-25,,,,True
f2be2b6e-e5a,u_00294,did_click_lp,"{""lp_name"": ""lp_business_emails""}",2026-02-17 11:49:30+00:00,2026-02-17,lp_business_emails,,,True
6f8c2215-298,u_00295,did_click_lp,"{""lp_name"": ""lp_academic_writing""}",2026-02-03 06:38:00+00:00,2026-02-03,lp_academic_writing,,,True
b5da7188-b73,u_00296,did_click_lp,"{""lp_name"": ""lp_academic_writing""}",2026-02-01 13:40:14+00:00,2026-02-01,lp_academic_writing,,,True
363ebf35-af0,u_00297,did_click_lp,"{""lp_name"": ""lp_business_emails""}",2026-02-24 12:40:03+00:00,2026-02-24,lp_business_emails,,,True
0638210e-7b9,u_00298,did_click_lp,"{""lp_name"": ""lp_business_emails""}",2026-02-26 13:35:14+00:00,2026-02-26,lp_business_emails,,,True
a99597e9-703,u_00298,did_install_grammarly,{},2026-02-26 13:42:14+00:00,2026-02-26,,,,True
fddc7871-b21,u_00298,try_grammarly,"{""product_feature"": ""smart_email_reply""}",2026-02-26 13:50:14+00:00,2026-02-26,,smart_email_reply,,True
179c860c-e8c,u_00299,did_click_lp,"{""lp_name"": ""lp_business_emails""}",2026-02-19 19:27:21+00:00,2026-02-19,lp_business_emails,,,True
044755a9-1e0,u_00299,did_install_grammarly,{},2026-02-19 19:40:21+00:00,2026-02-19,,,,True
84b41fe0-6ce,u_00300,did_click_lp,"{""lp_name"": ""lp_academic_writing""}",2026-02-24 06:27:33+00:00,2026-02-24,lp_academic_writing,,,True
a4fffbc6-d81,u_00300,did_install_grammarly,{},2026-02-24 06:37:33+00:00,2026-02-24,,,,True
562eb8a8-041,u_00300,try_grammarly,"{""product_feature"": ""academic_citation_helper""}",2026-02-24 07:04:33+00:00,2026-02-24,,academic_citation_helper,,True
f6e44964-159,u_00300,try_grammarly,"{""product_feature"": ""academic_citation_helper""}",2026-02-25 03:18:17+00:00,2026-02-25,,academic_citation_helper,,True
1b8bc701-fdb,u_00300,try_grammarly,"{""product_feature"": ""academic_citation_helper""}",2026-02-26 07:56:10+00:00,2026-02-26,,academic_citation_helper,,True
9e6ff671-2ae,u_00300,try_grammarly,"{""product_feature"": ""academic_citation_helper""}",2026-02-28 19:48:06+00:00,2026-02-28,,academic_citation_helper,,True
d10da3c3-a56,u_00301,did_click_lp,"{""lp_name"": ""lp_business_emails""}",2026-02-16 18:58:49+00:00,2026-02-16,lp_business_emails,,,True
91ba7b2e-b5c,u_00302,did_click_lp,"{""lp_name"": ""lp_academic_writing""}",2026-02-27 16:52:47+00:00,2026-02-27,lp_academic_writing,,,True
7e106e20-9d0,u_00303,did_click_lp,"{""lp_name"": ""lp_business_emails""}",2026-02-11 12:29:55+00:00,2026-02-11,lp_business_emails,,,True
0f4673ff-ec1,u_00304,did_click_lp,"{""lp_name"": ""lp_business_emails""}",2026-02-24 23:40:17+00:00,2026-02-24,lp_business_emails,,,True
f7a290c9-961,u_00304,did_install_grammarly,{},2026-02-24 23:53:17+00:00,2026-02-24,,,,True
84f914e3-e4b,u_00305,did_click_lp,"{""lp_name"": ""lp_academic_writing""}",2026-02-13 23:53:08+00:00,2026-02-13,lp_academic_writing,,,True
41a704d6-8a4,u_00305,did_install_grammarly,{},2026-02-14 00:03:08+00:00,2026-02-14,,,,True
f56d1716-27a,u_00306,did_click_lp,"{""lp_name"": ""lp_academic_writing""}",2026-02-25 16:16:31+00:00,2026-02-25,lp_academic_writing,,,True
b1dfca0f-c24,u_00307,did_click_lp,"{""lp_name"": ""lp_business_emails""}",2026-02-05 04:32:20+00:00,2026-02-05,lp_business_emails,,,True
83014bb9-b58,u_00307,did_install_grammarly,{},2026-02-05 04:45:20+00:00,2026-02-05,,,,True
0317a4ce-031,u_00308,did_click_lp,"{""lp_name"": ""lp_business_emails""}",2026-02-12 18:50:17+00:00,2026-02-12,lp_business_emails,,,True
83b96c56-6fa,u_00309,did_click_lp,"{""lp_name"": ""lp_business_emails""}",2026-02-20 21:34:39+00:00,2026-02-20,lp_business_emails,,,True
3cd606b3-211,u_00310,did_click_lp,"{""lp_name"": ""lp_academic_writing""}",2026-02-11 08:12:53+00:00,2026-02-11,lp_academic_writing,,,True
5e924e58-a95,u_00311,did_click_lp,"{""lp_name"": ""lp_academic_writing""}",2026-02-20 20:19:56+00:00,2026-02-20,lp_academic_writing,,,True
12113617-be5,u_00312,did_click_lp,"{""lp_name"": ""lp_business_emails""}",2026-02-09 05:30:14+00:00,2026-02-09,lp_business_emails,,,True
867bfae4-25f,u_00313,did_click_lp,"{""lp_name"": ""lp_business_emails""}",2026-02-15 21:18:09+00:00,2026-02-15,lp_business_emails,,,True
c4d20f7e-9f9,u_00314,did_click_lp,"{""lp_name"": ""lp_academic_writing""}",2026-02-24 18:58:52+00:00,2026-02-24,lp_academic_writing,,,True
48a6df7a-57b,u_00315,did_click_lp,"{""lp_name"": ""lp_academic_writing""}",2026-02-05 10:50:27+00:00,2026-02-05,lp_academic_writing,,,True
21ddfd13-f59,u_00315,did_install_grammarly,{},2026-02-05 11:00:27+00:00,2026-02-05,,,,True
fce1a4ad-680,u_00315,try_grammarly,"{""product_feature"": ""academic_citation_helper""}",2026-02-05 11:22:27+00:00,2026-02-05,,academic_citation_helper,,True
f1bb8d7b-c73,u_00315,try_grammarly,"{""product_feature"": ""academic_citation_helper""}",2026-02-06 03:43:35+00:00,2026-02-06,,academic_citation_helper,,True
c4d84353-860,u_00315,try_grammarly,"{""product_feature"": ""academic_citation_helper""}",2026-02-07 10:40:05+00:00,2026-02-07,,academic_citation_helper,,True
b26d3a88-dac,u_00316,did_click_lp,"{""lp_name"": ""lp_academic_writing""}",2026-02-19 20:06:09+00:00,2026-02-19,lp_academic_writing,,,True
c8ebd2a7-383,u_00317,did_click_lp,"{""lp_name"": ""lp_business_emails""}",2026-02-16 14:26:35+00:00,2026-02-16,lp_business_emails,,,True
6163e3e7-308,u_00318,did_click_lp,"{""lp_name"": ""lp_business_emails""}",2026-02-01 07:44:24+00:00,2026-02-01,lp_business_emails,,,True
bb1ea825-2ef,u_00318,did_install_grammarly,{},2026-02-01 07:55:24+00:00,2026-02-01,,,,True
5d8f6515-5ea,u_00319,did_click_lp,"{""lp_name"": ""lp_business_emails""}",2026-02-25 00:28:51+00:00,2026-02-25,lp_business_emails,,,True
9458fd24-f7f,u_00320,did_click_lp,"{""lp_name"": ""lp_academic_writing""}",2026-02-08 08:41:05+00:00,2026-02-08,lp_academic_writing,,,True
37a3a92a-145,u_00320,did_install_grammarly,{},2026-02-08 08:51:05+00:00,2026-02-08,,,,True
f564135a-07b,u_00321,did_click_lp,"{""lp_name"": ""lp_academic_writing""}",2026-02-08 16:21:58+00:00,2026-02-08,lp_academic_writing,,,True
15d2bf69-ebe,u_00322,did_click_lp,"{""lp_name"": ""lp_academic_writing""}",2026-02-11 14:08:05+00:00,2026-02-11,lp_academic_writing,,,True
d8b7a640-167,u_00322,did_install_grammarly,{},2026-02-11 14:17:05+00:00,2026-02-11,,,,True
1fb516b8-6bc,u_00322,try_grammarly,"{""product_feature"": ""academic_citation_helper""}",2026-02-11 14:38:05+00:00,2026-02-11,,academic_citation_helper,,True
d7b2c69e-d0d,u_00322,try_grammarly,"{""product_feature"": ""academic_citation_helper""}",2026-02-12 01:08:31+00:00,2026-02-12,,academic_citation_helper,,True
978c8af0-418,u_00323,did_click_lp,"{""lp_name"": ""lp_business_emails""}",2026-02-24 02:30:19+00:00,2026-02-24,lp_business_emails,,,True
4fe3e1bb-242,u_00323,did_install_grammarly,{},2026-02-24 02:40:19+00:00,2026-02-24,,,,True
06b45e53-6a6,u_00323,try_grammarly,"{""product_feature"": ""smart_email_reply""}",2026-02-24 02:53:19+00:00,2026-02-24,,smart_email_reply,,True
488f2d0d-025,u_00324,did_click_lp,"{""lp_name"": ""lp_business_emails""}",2026-02-20 03:38:08+00:00,2026-02-20,lp_business_emails,,,True
2986fadc-859,u_00325,did_click_lp,"{""lp_name"": ""lp_academic_writing""}",2026-02-21 06:54:26+00:00,2026-02-21,lp_academic_writing,,,True
ee6e223c-b16,u_00325,did_install_grammarly,{},2026-02-21 06:59:26+00:00,2026-02-21,,,,True
0f60ddd5-60a,u_00326,did_click_lp,"{""lp_name"": ""lp_academic_writing""}",2026-02-16 16:22:22+00:00,2026-02-16,lp_academic_writing,,,True
cfdc7e44-4e5,u_00327,did_click_lp,"{""lp_name"": ""lp_business_emails""}",2026-02-02 08:05:17+00:00,2026-02-02,lp_business_emails,,,True
15c7db39-19e,u_00327,did_install_grammarly,{},2026-02-02 08:10:17+00:00,2026-02-02,,,,True
d1308220-7a1,u_00327,did_click_lp,"{""lp_name"": ""lp_academic_writing""}",2026-02-13 16:51:40+00:00,2026-02-13,lp_academic_writing,,,True
bc8c247c-c3f,u_00328,did_click_lp,"{""lp_name"": ""lp_academic_writing""}",2026-02-12 14:32:18+00:00,2026-02-12,lp_academic_writing,,,True
9cfbdc53-fbf,u_00328,did_install_grammarly,{},2026-02-12 14:39:18+00:00,2026-02-12,,,,True
af839fcf-91f,u_00328,try_grammarly,"{""product_feature"": ""academic_citation_helper""}",2026-02-12 15:29:18+00:00,2026-02-12,,academic_citation_helper,,True
fa710f48-964,u_00329,did_click_lp,"{""lp_name"": ""lp_business_emails""}",2026-02-06 03:05:26+00:00,2026-02-06,lp_business_emails,,,True
7ad47ffc-08f,u_00329,did_install_grammarly,{},2026-02-06 03:08:26+00:00,2026-02-06,,,,True
44695719-d28,u_00330,did_click_lp,"{""lp_name"": ""lp_business_emails""}",2026-02-09 04:50:06+00:00,2026-02-09,lp_business_emails,,,True
cdd1f883-50c,u_00331,did_click_lp,"{""lp_name"": ""lp_business_emails""}",2026-02-24 02:05:58+00:00,2026-02-24,lp_business_emails,,,True
96fa6cf9-cee,u_00332,did_click_lp,"{""lp_name"": ""lp_academic_writing""}",2026-02-25 18:19:10+00:00,2026-02-25,lp_academic_writing,,,True
1c53afea-6a4,u_00333,did_click_lp,"{""lp_name"": ""lp_business_emails""}",2026-02-21 16:22:50+00:00,2026-02-21,lp_business_emails,,,True
b86027de-6d9,u_00334,did_click_lp,"{""lp_name"": ""lp_academic_writing""}",2026-02-18 15:37:36+00:00,2026-02-18,lp_academic_writing,,,True
618d5dbd-ae8,u_00335,did_click_lp,"{""lp_name"": ""lp_academic_writing""}",2026-02-05 18:06:09+00:00,2026-02-05,lp_academic_writing,,,True
b023dd1d-55d,u_00335,did_install_grammarly,{},2026-02-05 18:14:09+00:00,2026-02-05,,,,True
bc410d14-a9d,u_00335,try_grammarly,"{""product_feature"": ""academic_citation_helper""}",2026-02-05 18:45:09+00:00,2026-02-05,,academic_citation_helper,,True
3ff50108-706,u_00335,try_grammarly,"{""product_feature"": ""academic_citation_helper""}",2026-02-06 11:49:13+00:00,2026-02-06,,academic_citation_helper,,True
8992d1c6-392,u_00335,try_grammarly,"{""product_feature"": ""academic_citation_helper""}",2026-02-07 14:16:54+00:00,2026-02-07,,academic_citation_helper,,True
a7d9ab92-744,u_00335,try_grammarly,"{""product_feature"": ""academic_citation_helper""}",2026-02-08 21:19:52+00:00,2026-02-08,,academic_citation_helper,,True
33aec0d3-797,u_00336,did_click_lp,"{""lp_name"": ""lp_business_emails""}",2026-02-23 20:44:17+00:00,2026-02-23,lp_business_emails,,,True
a38a5fde-d23,u_00337,did_click_lp,"{""lp_name"": ""lp_business_emails""}",2026-02-28 19:26:03+00:00,2026-02-28,lp_business_emails,,,True
be178cf0-810,u_00337,did_install_grammarly,{},2026-02-28 19:32:03+00:00,2026-02-28,,,,True
7119ded2-3c7,u_00338,did_click_lp,"{""lp_name"": ""lp_academic_writing""}",2026-02-21 22:23:44+00:00,2026-02-21,lp_academic_writing,,,True
751686c6-0cb,u_00338,did_install_grammarly,{},2026-02-21 22:30:44+00:00,2026-02-21,,,,True
90dd22f6-6da,u_00339,did_click_lp,"{""lp_name"": ""lp_academic_writing""}",2026-02-25 10:07:29+00:00,2026-02-25,lp_academic_writing,,,True
6c0045db-e83,u_00339,did_install_grammarly,{},2026-02-25 10:10:29+00:00,2026-02-25,,,,True
020a322c-58d,u_00339,try_grammarly,"{""product_feature"": ""academic_citation_helper""}",2026-02-25 10:38:29+00:00,2026-02-25,,academic_citation_helper,,True
8b5fc8d4-dbb,u_00339,try_grammarly,"{""product_feature"": ""academic_citation_helper""}",2026-02-26 17:46:02+00:00,2026-02-26,,academic_citation_helper,,True
76fc7629-1b6,u_00339,try_grammarly,"{""product_feature"": ""academic_citation_helper""}",2026-02-27 15:07:24+00:00,2026-02-27,,academic_citation_helper,,True
cd50ed1e-139,u_00339,try_grammarly,"{""product_feature"": ""academic_citation_helper""}",2026-03-02 23:19:43+00:00,2026-03-02,,academic_citation_helper,,True
8297a88b-4e8,u_00340,did_click_lp,"{""lp_name"": ""lp_academic_writing""}",2026-02-08 02:16:49+00:00,2026-02-08,lp_academic_writing,,,True
3b23abf6-d5d,u_00340,did_install_grammarly,{},2026-02-08 02:18:49+00:00,2026-02-08,,,,True
4ad32071-832,u_00340,try_grammarly,"{""product_feature"": ""academic_citation_helper""}",2026-02-08 02:38:49+00:00,2026-02-08,,academic_citation_helper,,True
6a6e2053-713,u_00340,try_grammarly,"{""product_feature"": ""academic_citation_helper""}",2026-02-09 23:54:13+00:00,2026-02-09,,academic_citation_helper,,True
dba0ba44-03f,u_00341,did_click_lp,"{""lp_name"": ""lp_academic_writing""}",2026-02-09 06:00:45+00:00,2026-02-09,lp_academic_writing,,,True
b8edb1cf-698,u_00342,did_click_lp,"{""lp_name"": ""lp_academic_writing""}",2026-02-06 11:07:21+00:00,2026-02-06,lp_academic_writing,,,True
ca3ef29c-684,u_00343,did_click_lp,"{""lp_name"": ""lp_academic_writing""}",2026-02-23 19:50:22+00:00,2026-02-23,lp_academic_writing,,,True
e4bb3730-2b4,u_00343,did_install_grammarly,{},2026-02-23 20:00:22+00:00,2026-02-23,,,,True
3744736b-97b,u_00344,did_click_lp,"{""lp_name"": ""lp_business_emails""}",2026-02-03 13:46:40+00:00,2026-02-03,lp_business_emails,,,True
7ae1ffd6-d56,u_00345,did_click_lp,"{""lp_name"": ""lp_academic_writing""}",2026-02-09 19:24:40+00:00,2026-02-09,lp_academic_writing,,,True
447c49df-e51,u_00346,did_click_lp,"{""lp_name"": ""lp_academic_writing""}",2026-02-20 14:47:56+00:00,2026-02-20,lp_academic_writing,,,True
dd3f61c3-664,u_00346,did_install_grammarly,{},2026-02-20 14:52:56+00:00,2026-02-20,,,,True
2e8993b1-080,u_00346,try_grammarly,"{""product_feature"": ""academic_citation_helper""}",2026-02-20 15:47:56+00:00,2026-02-20,,academic_citation_helper,,True
78119984-d13,u_00347,did_click_lp,"{""lp_name"": ""lp_academic_writing""}",2026-02-21 23:15:14+00:00,2026-02-21,lp_academic_writing,,,True
da9e430c-8a3,u_00348,did_click_lp,"{""lp_name"": ""lp_business_emails""}",2026-02-05 01:46:23+00:00,2026-02-05,lp_business_emails,,,True
2d618915-c49,u_00348,did_install_grammarly,{},2026-02-05 01:51:23+00:00,2026-02-05,,,,True
a0235b61-4af,u_00348,try_grammarly,"{""product_feature"": ""smart_email_reply""}",2026-02-05 02:51:23+00:00,2026-02-05,,smart_email_reply,,True
a98f2b56-348,u_00349,did_click_lp,"{""lp_name"": ""lp_business_emails""}",2026-02-11 19:29:22+00:00,2026-02-11,lp_business_emails,,,True
ac1911a3-3ec,u_00350,did_click_lp,"{""lp_name"": ""lp_academic_writing""}",2026-02-15 07:58:40+00:00,2026-02-15,lp_academic_writing,,,True
fb319606-cac,u_00351,did_click_lp,"{""lp_name"": ""lp_business_emails""}",2026-02-09 02:04:00+00:00,2026-02-09,lp_business_emails,,,True
54213394-f03,u_00352,did_click_lp,"{""lp_name"": ""lp_academic_writing""}",2026-02-24 13:01:00+00:00,2026-02-24,lp_academic_writing,,,True
44e8fe1b-acd,u_00353,did_click_lp,"{""lp_name"": ""lp_academic_writing""}",2026-02-16 21:27:08+00:00,2026-02-16,lp_academic_writing,,,True
e0d1d96c-503,u_00353,did_install_grammarly,{},2026-02-16 21:34:08+00:00,2026-02-16,,,,True
839be80e-7a2,u_00354,did_click_lp,"{""lp_name"": ""lp_academic_writing""}",2026-02-25 21:58:56+00:00,2026-02-25,lp_academic_writing,,,True
b1dd324a-1e0,u_00354,did_install_grammarly,{},2026-02-25 22:06:56+00:00,2026-02-25,,,,True
d131dbe5-459,u_00354,try_grammarly,"{""product_feature"": ""academic_citation_helper""}",2026-02-25 22:47:56+00:00,2026-02-25,,academic_citation_helper,,True
858e44e2-f40,u_00355,did_click_lp,"{""lp_name"": ""lp_business_emails""}",2026-02-17 11:04:31+00:00,2026-02-17,lp_business_emails,,,True
c72f5333-6b1,u_00355,did_install_grammarly,{},2026-02-17 11:09:31+00:00,2026-02-17,,,,True
9bc090ad-7f2,u_00355,try_grammarly,"{""product_feature"": ""smart_email_reply""}",2026-02-17 11:13:31+00:00,2026-02-17,,smart_email_reply,,True
3873c576-168,u_00356,did_click_lp,"{""lp_name"": ""lp_academic_writing""}",2026-02-12 21:41:29+00:00,2026-02-12,lp_academic_writing,,,True
08eae496-9fe,u_00356,did_install_grammarly,{},2026-02-12 21:49:29+00:00,2026-02-12,,,,True
99be2a5c-ac4,u_00356,try_grammarly,"{""product_feature"": ""academic_citation_helper""}",2026-02-12 22:40:29+00:00,2026-02-12,,academic_citation_helper,,True
a716b68d-bce,u_00356,try_grammarly,"{""product_feature"": ""academic_citation_helper""}",2026-02-13 03:14:19+00:00,2026-02-13,,academic_citation_helper,,True
3d010f41-195,u_00356,try_grammarly,"{""product_feature"": ""academic_citation_helper""}",2026-02-14 01:36:33+00:00,2026-02-14,,academic_citation_helper,,True
8fc35a20-5ad,u_00357,did_click_lp,"{""lp_name"": ""lp_business_emails""}",2026-02-24 03:31:33+00:00,2026-02-24,lp_business_emails,,,True
bab81af4-29f,u_00358,did_click_lp,"{""lp_name"": ""lp_business_emails""}",2026-02-23 12:18:56+00:00,2026-02-23,lp_business_emails,,,True
7666f79e-42d,u_00359,did_click_lp,"{""lp_name"": ""lp_academic_writing""}",2026-02-26 00:38:06+00:00,2026-02-26,lp_academic_writing,,,True
0537abe5-188,u_00359,did_install_grammarly,{},2026-02-26 00:39:06+00:00,2026-02-26,,,,True
5b2e8928-73f,u_00359,try_grammarly,"{""product_feature"": ""academic_citation_helper""}",2026-02-26 00:44:06+00:00,2026-02-26,,academic_citation_helper,,True
3f62931f-bb5,u_00360,did_click_lp,"{""lp_name"": ""lp_business_emails""}",2026-02-20 13:10:35+00:00,2026-02-20,lp_business_emails,,,True
04712c16-479,u_00361,did_click_lp,"{""lp_name"": ""lp_business_emails""}",2026-02-25 13:53:40+00:00,2026-02-25,lp_business_emails,,,True
af625531-f35,u_00361,did_install_grammarly,{},2026-02-25 13:57:40+00:00,2026-02-25,,,,True
6e4144c6-4a0,u_00362,did_click_lp,"{""lp_name"": ""lp_academic_writing""}",2026-02-19 20:59:21+00:00,2026-02-19,lp_academic_writing,,,True
13155fd7-c6d,u_00363,did_click_lp,"{""lp_name"": ""lp_academic_writing""}",2026-02-20 03:46:02+00:00,2026-02-20,lp_academic_writing,,,True
f485b87e-cbd,u_00363,did_install_grammarly,{},2026-02-20 03:52:02+00:00,2026-02-20,,,,True
c2fa34ac-112,u_00364,did_click_lp,"{""lp_name"": ""lp_academic_writing""}",2026-02-05 01:44:50+00:00,2026-02-05,lp_academic_writing,,,True
1d7903cc-99c,u_00364,did_install_grammarly,{},2026-02-05 01:53:50+00:00,2026-02-05,,,,True
7bfc4b1f-c73,u_00364,try_grammarly,"{""product_feature"": ""academic_citation_helper""}",2026-02-05 02:26:50+00:00,2026-02-05,,academic_citation_helper,,True
c7b92858-ce8,u_00364,try_grammarly,"{""product_feature"": ""academic_citation_helper""}",2026-02-06 21:47:35+00:00,2026-02-06,,academic_citation_helper,,True
0fccbab6-eb9,u_00365,did_click_lp,"{""lp_name"": ""lp_academic_writing""}",2026-02-06 07:53:26+00:00,2026-02-06,lp_academic_writing,,,True
c0788b41-1ad,u_00366,did_click_lp,"{""lp_name"": ""lp_academic_writing""}",2026-02-11 08:46:26+00:00,2026-02-11,lp_academic_writing,,,True
81df51fb-d0e,u_00367,did_click_lp,"{""lp_name"": ""lp_academic_writing""}",2026-02-20 00:55:43+00:00,2026-02-20,lp_academic_writing,,,True
ad34a85a-d4b,u_00368,did_click_lp,"{""lp_name"": ""lp_academic_writing""}",2026-02-03 06:28:13+00:00,2026-02-03,lp_academic_writing,,,True
5c064dea-74e,u_00369,did_click_lp,"{""lp_name"": ""lp_academic_writing""}",2026-02-09 00:46:27+00:00,2026-02-09,lp_academic_writing,,,True
becfca11-b45,u_00370,did_click_lp,"{""lp_name"": ""lp_business_emails""}",2026-02-25 00:34:17+00:00,2026-02-25,lp_business_emails,,,True
7e8fb407-d30,u_00370,did_install_grammarly,{},2026-02-25 00:40:17+00:00,2026-02-25,,,,True
65717100-743,u_00370,try_grammarly,"{""product_feature"": ""smart_email_reply""}",2026-02-25 01:11:17+00:00,2026-02-25,,smart_email_reply,,True
2b93b0b9-f6a,u_00371,did_click_lp,"{""lp_name"": ""lp_business_emails""}",2026-02-20 14:48:20+00:00,2026-02-20,lp_business_emails,,,True
920d4d95-c8f,u_00371,did_install_grammarly,{},2026-02-20 14:53:20+00:00,2026-02-20,,,,True
84ecba08-0a6,u_00371,try_grammarly,"{""product_feature"": ""smart_email_reply""}",2026-02-20 15:08:20+00:00,2026-02-20,,smart_email_reply,,True
70e8ca61-979,u_00372,did_click_lp,"{""lp_name"": ""lp_business_emails""}",2026-02-28 17:23:07+00:00,2026-02-28,lp_business_emails,,,True
b2f2c3bd-6b3,u_00373,did_click_lp,"{""lp_name"": ""lp_business_emails""}",2026-02-13 05:13:36+00:00,2026-02-13,lp_business_emails,,,True
f4663892-e5a,u_00373,did_install_grammarly,{},2026-02-13 05:27:36+00:00,2026-02-13,,,,True
93eb1f75-5ec,u_00373,try_grammarly,"{""product_feature"": ""smart_email_reply""}",2026-02-13 05:32:36+00:00,2026-02-13,,smart_email_reply,,True
feae7d1d-88a,u_00374,did_click_lp,"{""lp_name"": ""lp_business_emails""}",2026-02-08 10:59:57+00:00,2026-02-08,lp_business_emails,,,True
537515d9-9a6,u_00374,did_install_grammarly,{},2026-02-08 11:03:57+00:00,2026-02-08,,,,True
a0007f8b-e88,u_00375,did_click_lp,"{""lp_name"": ""lp_business_emails""}",2026-02-09 15:29:59+00:00,2026-02-09,lp_business_emails,,,True
ffc4e3f5-4cf,u_00376,did_click_lp,"{""lp_name"": ""lp_academic_writing""}",2026-02-28 23:05:46+00:00,2026-02-28,lp_academic_writing,,,True
157622cb-922,u_00377,did_click_lp,"{""lp_name"": ""lp_academic_writing""}",2026-02-20 12:49:10+00:00,2026-02-20,lp_academic_writing,,,True
b28f9471-401,u_00377,did_install_grammarly,{},2026-02-20 12:57:10+00:00,2026-02-20,,,,True
0fa25672-454,u_00377,try_grammarly,"{""product_feature"": ""academic_citation_helper""}",2026-02-20 13:02:10+00:00,2026-02-20,,academic_citation_helper,,True
f2eff15b-340,u_00377,try_grammarly,"{""product_feature"": ""academic_citation_helper""}",2026-02-21 02:45:41+00:00,2026-02-21,,academic_citation_helper,,True
4ae15992-78a,u_00377,try_grammarly,"{""product_feature"": ""academic_citation_helper""}",2026-02-22 09:26:44+00:00,2026-02-22,,academic_citation_helper,,True
d70ad2f2-c23,u_00378,did_click_lp,"{""lp_name"": ""lp_academic_writing""}",2026-02-28 14:37:15+00:00,2026-02-28,lp_academic_writing,,,True
916b596e-2f7,u_00378,did_install_grammarly,{},2026-02-28 14:47:15+00:00,2026-02-28,,,,True
218690ac-b90,u_00379,did_click_lp,"{""lp_name"": ""lp_business_emails""}",2026-02-26 23:55:03+00:00,2026-02-26,lp_business_emails,,,True
cbb0fae0-494,u_00380,did_click_lp,"{""lp_name"": ""lp_business_emails""}",2026-02-13 04:27:56+00:00,2026-02-13,lp_business_emails,,,True
d3820283-c15,u_00381,did_click_lp,"{""lp_name"": ""lp_academic_writing""}",2026-02-19 14:09:20+00:00,2026-02-19,lp_academic_writing,,,True
b1bac55c-27f,u_00382,did_click_lp,"{""lp_name"": ""lp_business_emails""}",2026-02-15 07:25:00+00:00,2026-02-15,lp_business_emails,,,True
e8d86290-6a6,u_00383,did_click_lp,"{""lp_name"": ""lp_business_emails""}",2026-02-28 06:44:18+00:00,2026-02-28,lp_business_emails,,,True
6e42dd53-4da,u_00383,did_install_grammarly,{},2026-02-28 06:57:18+00:00,2026-02-28,,,,True
3f1e58ca-9d0,u_00384,did_click_lp,"{""lp_name"": ""lp_business_emails""}",2026-02-27 09:03:42+00:00,2026-02-27,lp_business_emails,,,True
696412e1-479,u_00385,did_click_lp,"{""lp_name"": ""lp_academic_writing""}",2026-02-11 17:44:15+00:00,2026-02-11,lp_academic_writing,,,True
38f18c5b-eda,u_00385,did_install_grammarly,{},2026-02-11 17:46:15+00:00,2026-02-11,,,,True
d9a86fe1-82a,u_00386,did_click_lp,"{""lp_name"": ""lp_academic_writing""}",2026-02-15 22:19:23+00:00,2026-02-15,lp_academic_writing,,,True
1286b50f-75f,u_00387,did_click_lp,"{""lp_name"": ""lp_business_emails""}",2026-02-13 00:06:05+00:00,2026-02-13,lp_business_emails,,,True
003e29c7-aa7,u_00387,did_install_grammarly,{},2026-02-13 00:18:05+00:00,2026-02-13,,,,True
4dcea65f-428,u_00388,did_click_lp,"{""lp_name"": ""lp_academic_writing""}",2026-02-18 00:41:46+00:00,2026-02-18,lp_academic_writing,,,True
77372475-77e,u_00389,did_click_lp,"{""lp_name"": ""lp_business_emails""}",2026-02-09 11:05:00+00:00,2026-02-09,lp_business_emails,,,True
c70429c1-801,u_00389,did_install_grammarly,{},2026-02-09 11:18:00+00:00,2026-02-09,,,,True
8093a8c0-dfb,u_00389,try_grammarly,"{""product_feature"": ""smart_email_reply""}",2026-02-09 11:58:00+00:00,2026-02-09,,smart_email_reply,,True
6610c431-5a6,u_00390,did_click_lp,"{""lp_name"": ""lp_academic_writing""}",2026-02-11 00:18:43+00:00,2026-02-11,lp_academic_writing,,,True
8548804b-56b,u_00391,did_click_lp,"{""lp_name"": ""lp_academic_writing""}",2026-02-11 09:20:08+00:00,2026-02-11,lp_academic_writing,,,True
23eb073a-c46,u_00392,did_click_lp,"{""lp_name"": ""lp_academic_writing""}",2026-02-18 12:25:38+00:00,2026-02-18,lp_academic_writing,,,True
34ce1624-981,u_00392,did_install_grammarly,{},2026-02-18 12:28:38+00:00,2026-02-18,,,,True
d5ecfa9a-837,u_00392,try_grammarly,"{""product_feature"": ""academic_citation_helper""}",2026-02-18 13:09:38+00:00,2026-02-18,,academic_citation_helper,,True
42cbe138-8f5,u_00392,try_grammarly,"{""product_feature"": ""academic_citation_helper""}",2026-02-19 22:00:56+00:00,2026-02-19,,academic_citation_helper,,True
75e0e28d-97c,u_00393,did_click_lp,"{""lp_name"": ""lp_academic_writing""}",2026-02-11 16:02:18+00:00,2026-02-11,lp_academic_writing,,,True
d3534c8a-f64,u_00394,did_click_lp,"{""lp_name"": ""lp_academic_writing""}",2026-02-17 16:10:48+00:00,2026-02-17,lp_academic_writing,,,True
599d82ff-e9e,u_00394,did_install_grammarly,{},2026-02-17 16:12:48+00:00,2026-02-17,,,,True
35f5cd9a-144,u_00394,try_grammarly,"{""product_feature"": ""academic_citation_helper""}",2026-02-17 17:04:48+00:00,2026-02-17,,academic_citation_helper,,True
92cf9f69-3af,u_00394,try_grammarly,"{""product_feature"": ""academic_citation_helper""}",2026-02-18 15:47:22+00:00,2026-02-18,,academic_citation_helper,,True
4335b1b3-63a,u_00395,did_click_lp,"{""lp_name"": ""lp_academic_writing""}",2026-02-17 21:52:06+00:00,2026-02-17,lp_academic_writing,,,True
32315dba-6a0,u_00395,did_install_grammarly,{},2026-02-17 21:59:06+00:00,2026-02-17,,,,True
43338d2a-e65,u_00396,did_click_lp,"{""lp_name"": ""lp_academic_writing""}",2026-02-06 00:45:03+00:00,2026-02-06,lp_academic_writing,,,True
3cb3f325-fef,u_00396,did_install_grammarly,{},2026-02-06 00:47:03+00:00,2026-02-06,,,,True
bd4c00bc-d0d,u_00396,try_grammarly,"{""product_feature"": ""academic_citation_helper""}",2026-02-06 01:18:03+00:00,2026-02-06,,academic_citation_helper,,True
38718ef7-c68,u_00397,did_click_lp,"{""lp_name"": ""lp_business_emails""}",2026-02-12 00:19:41+00:00,2026-02-12,lp_business_emails,,,True
55d53f4f-0ec,u_00398,did_click_lp,"{""lp_name"": ""lp_business_emails""}",2026-02-22 15:19:25+00:00,2026-02-22,lp_business_emails,,,True
a3a0ca05-8b5,u_00398,did_install_grammarly,{},2026-02-22 15:25:25+00:00,2026-02-22,,,,True
5317a20c-e61,u_00399,did_click_lp,"{""lp_name"": ""lp_academic_writing""}",2026-02-19 18:39:04+00:00,2026-02-19,lp_academic_writing,,,True
e6ea67a7-763,u_00400,did_click_lp,"{""lp_name"": ""lp_academic_writing""}",2026-02-22 10:35:03+00:00,2026-02-22,lp_academic_writing,,,True
d82e9fed-392,u_00400,did_install_grammarly,{},2026-02-22 10:40:03+00:00,2026-02-22,,,,True
0e08c0f4-10f,u_00400,try_grammarly,"{""product_feature"": ""academic_citation_helper""}",2026-02-22 11:34:03+00:00,2026-02-22,,academic_citation_helper,,True
39f64ad8-4cc,u_00401,did_click_lp,"{""lp_name"": ""lp_academic_writing""}",2026-02-05 10:57:31+00:00,2026-02-05,lp_academic_writing,,,True
e060e844-c9c,u_00401,did_install_grammarly,{},2026-02-05 11:01:31+00:00,2026-02-05,,,,True
68d9b14a-2e9,u_00401,try_grammarly,"{""product_feature"": ""academic_citation_helper""}",2026-02-05 11:31:31+00:00,2026-02-05,,academic_citation_helper,,True
bdc88b45-d41,u_00401,try_grammarly,"{""product_feature"": ""academic_citation_helper""}",2026-02-06 07:46:08+00:00,2026-02-06,,academic_citation_helper,,True
8ff2bf72-ea1,u_00401,try_grammarly,"{""product_feature"": ""academic_citation_helper""}",2026-02-07 00:37:32+00:00,2026-02-07,,academic_citation_helper,,True
e14ea22a-20e,u_00401,try_grammarly,"{""product_feature"": ""academic_citation_helper""}",2026-02-09 22:41:50+00:00,2026-02-09,,academic_citation_helper,,True
f1da5317-ada,u_00402,did_click_lp,"{""lp_name"": ""lp_business_emails""}",2026-02-18 04:06:17+00:00,2026-02-18,lp_business_emails,,,True
d9ff636c-8c9,u_00402,did_install_grammarly,{},2026-02-18 04:11:17+00:00,2026-02-18,,,,True
9a58ce55-0ca,u_00402,try_grammarly,"{""product_feature"": ""smart_email_reply""}",2026-02-18 05:08:17+00:00,2026-02-18,,smart_email_reply,,True
2bbeff5a-f58,u_00403,did_click_lp,"{""lp_name"": ""lp_academic_writing""}",2026-02-24 13:48:09+00:00,2026-02-24,lp_academic_writing,,,True
af810f00-9fd,u_00404,did_click_lp,"{""lp_name"": ""lp_business_emails""}",2026-02-06 00:52:50+00:00,2026-02-06,lp_business_emails,,,True
9f2981d0-0ce,u_00405,did_click_lp,"{""lp_name"": ""lp_academic_writing""}",2026-02-19 16:54:59+00:00,2026-02-19,lp_academic_writing,,,True
baec7ff8-0c6,u_00406,did_click_lp,"{""lp_name"": ""lp_academic_writing""}",2026-02-03 04:46:46+00:00,2026-02-03,lp_academic_writing,,,True
f4c58901-e6c,u_00407,did_click_lp,"{""lp_name"": ""lp_business_emails""}",2026-02-13 12:19:23+00:00,2026-02-13,lp_business_emails,,,True
a0f1e1e0-e14,u_00407,did_install_grammarly,{},2026-02-13 12:27:23+00:00,2026-02-13,,,,True
20c64026-9e5,u_00407,try_grammarly,"{""product_feature"": ""smart_email_reply""}",2026-02-13 12:31:23+00:00,2026-02-13,,smart_email_reply,,True
35596dd9-c20,u_00408,did_click_lp,"{""lp_name"": ""lp_academic_writing""}",2026-02-02 23:30:58+00:00,2026-02-02,lp_academic_writing,,,True
1a59c12b-be7,u_00408,did_install_grammarly,{},2026-02-02 23:36:58+00:00,2026-02-02,,,,True
b9bf67e6-e4b,u_00408,try_grammarly,"{""product_feature"": ""academic_citation_helper""}",2026-02-03 00:31:58+00:00,2026-02-03,,academic_citation_helper,,True
03d6fbeb-364,u_00408,try_grammarly,"{""product_feature"": ""academic_citation_helper""}",2026-02-03 08:53:31+00:00,2026-02-03,,academic_citation_helper,,True
edd586d4-b56,u_00409,did_click_lp,"{""lp_name"": ""lp_business_emails""}",2026-02-17 12:10:53+00:00,2026-02-17,lp_business_emails,,,True
7d8d3b9b-fee,u_00409,did_install_grammarly,{},2026-02-17 12:20:53+00:00,2026-02-17,,,,True
d6f33a78-b29,u_00409,try_grammarly,"{""product_feature"": ""smart_email_reply""}",2026-02-17 12:35:53+00:00,2026-02-17,,smart_email_reply,,True
159cd6ea-39c,u_00410,did_click_lp,"{""lp_name"": ""lp_business_emails""}",2026-02-12 13:57:50+00:00,2026-02-12,lp_business_emails,,,True
38d31dd1-9bf,u_00410,did_install_grammarly,{},2026-02-12 13:59:50+00:00,2026-02-12,,,,True
70b62be0-df2,u_00410,try_grammarly,"{""product_feature"": ""smart_email_reply""}",2026-02-12 14:39:50+00:00,2026-02-12,,smart_email_reply,,True
95fc19e5-d20,u_00411,did_click_lp,"{""lp_name"": ""lp_academic_writing""}",2026-02-27 04:46:35+00:00,2026-02-27,lp_academic_writing,,,True
ed2321e8-1c2,u_00412,did_click_lp,"{""lp_name"": ""lp_business_emails""}",2026-02-27 15:06:17+00:00,2026-02-27,lp_business_emails,,,True
95456a4f-e67,u_00413,did_click_lp,"{""lp_name"": ""lp_academic_writing""}",2026-02-28 18:06:46+00:00,2026-02-28,lp_academic_writing,,,True
2b65778d-c24,u_00414,did_click_lp,"{""lp_name"": ""lp_business_emails""}",2026-02-01 01:11:35+00:00,2026-02-01,lp_business_emails,,,True
0cb4ea01-5f2,u_00414,did_install_grammarly,{},2026-02-01 01:16:35+00:00,2026-02-01,,,,True
2fb4bb92-956,u_00415,did_click_lp,"{""lp_name"": ""lp_academic_writing""}",2026-02-24 09:08:29+00:00,2026-02-24,lp_academic_writing,,,True
03e0f345-9f2,u_00416,did_click_lp,"{""lp_name"": ""lp_academic_writing""}",2026-02-17 20:01:18+00:00,2026-02-17,lp_academic_writing,,,True
8b7e83c8-c57,u_00417,did_click_lp,"{""lp_name"": ""lp_academic_writing""}",2026-02-07 18:57:12+00:00,2026-02-07,lp_academic_writing,,,True
21f86bf6-ea7,u_00417,did_install_grammarly,{},2026-02-07 19:03:12+00:00,2026-02-07,,,,True
f3e42771-f1d,u_00417,try_grammarly,"{""product_feature"": ""academic_citation_helper""}",2026-02-07 19:17:12+00:00,2026-02-07,,academic_citation_helper,,True
98334d60-bab,u_00418,did_click_lp,"{""lp_name"": ""lp_business_emails""}",2026-02-09 13:03:16+00:00,2026-02-09,lp_business_emails,,,True
f75100f3-99f,u_00418,did_install_grammarly,{},2026-02-09 13:11:16+00:00,2026-02-09,,,,True
5cbf1f2b-31e,u_00418,try_grammarly,"{""product_feature"": ""smart_email_reply""}",2026-02-09 14:04:16+00:00,2026-02-09,,smart_email_reply,,True
261e994f-dd9,u_00419,did_click_lp,"{""lp_name"": ""lp_business_emails""}",2026-02-03 09:09:16+00:00,2026-02-03,lp_business_emails,,,True
61dcf08e-901,u_00419,did_install_grammarly,{},2026-02-03 09:16:16+00:00,2026-02-03,,,,True
a5d43493-072,u_00420,did_click_lp,"{""lp_name"": ""lp_business_emails""}",2026-02-26 14:16:17+00:00,2026-02-26,lp_business_emails,,,True
786387d0-e90,u_00421,did_click_lp,"{""lp_name"": ""lp_business_emails""}",2026-02-05 03:44:34+00:00,2026-02-05,lp_business_emails,,,True
7f9fb7e3-e52,u_00422,did_click_lp,"{""lp_name"": ""lp_business_emails""}",2026-02-24 00:08:23+00:00,2026-02-24,lp_business_emails,,,True
c5df2bc8-1a5,u_00423,did_click_lp,"{""lp_name"": ""lp_academic_writing""}",2026-02-09 02:06:35+00:00,2026-02-09,lp_academic_writing,,,True
86154ee4-e6a,u_00423,did_install_grammarly,{},2026-02-09 02:12:35+00:00,2026-02-09,,,,True
62e37734-6ce,u_00423,did_click_lp,"{""lp_name"": ""lp_business_emails""}",2026-02-13 01:06:00+00:00,2026-02-13,lp_business_emails,,,True
1dceb0e5-ddb,u_00424,did_click_lp,"{""lp_name"": ""lp_academic_writing""}",2026-02-27 14:14:35+00:00,2026-02-27,lp_academic_writing,,,True
adce8336-9d0,u_00425,did_click_lp,"{""lp_name"": ""lp_business_emails""}",2026-02-05 05:02:07+00:00,2026-02-05,lp_business_emails,,,True
243e4ad8-820,u_00426,did_click_lp,"{""lp_name"": ""lp_academic_writing""}",2026-02-02 12:07:13+00:00,2026-02-02,lp_academic_writing,,,True
6a1cee79-894,u_00427,did_click_lp,"{""lp_name"": ""lp_academic_writing""}",2026-02-23 06:54:01+00:00,2026-02-23,lp_academic_writing,,,True
6d18e854-156,u_00427,did_install_grammarly,{},2026-02-23 06:57:01+00:00,2026-02-23,,,,True
63dbc9b5-c5c,u_00428,did_click_lp,"{""lp_name"": ""lp_academic_writing""}",2026-02-12 18:30:36+00:00,2026-02-12,lp_academic_writing,,,True
ae8a7328-ac4,u_00429,did_click_lp,"{""lp_name"": ""lp_business_emails""}",2026-02-10 15:32:31+00:00,2026-02-10,lp_business_emails,,,True
d4da7375-151,u_00430,did_click_lp,"{""lp_name"": ""lp_academic_writing""}",2026-02-25 06:58:05+00:00,2026-02-25,lp_academic_writing,,,True
a0940797-fa3,u_00431,did_click_lp,"{""lp_name"": ""lp_academic_writing""}",2026-02-21 00:48:09+00:00,2026-02-21,lp_academic_writing,,,True
3b609c71-12f,u_00432,did_click_lp,"{""lp_name"": ""lp_academic_writing""}",2026-02-25 19:31:06+00:00,2026-02-25,lp_academic_writing,,,True
cb7c00ae-b7f,u_00433,did_click_lp,"{""lp_name"": ""lp_business_emails""}",2026-02-07 15:35:15+00:00,2026-02-07,lp_business_emails,,,True
5c935217-7e4,u_00433,did_install_grammarly,{},2026-02-07 15:39:15+00:00,2026-02-07,,,,True
6be5cf46-73a,u_00434,did_click_lp,"{""lp_name"": ""lp_academic_writing""}",2026-02-26 22:38:59+00:00,2026-02-26,lp_academic_writing,,,True
033658f8-fbb,u_00435,did_click_lp,"{""lp_name"": ""lp_business_emails""}",2026-02-09 03:40:29+00:00,2026-02-09,lp_business_emails,,,True
66244727-ce0,u_00436,did_click_lp,"{""lp_name"": ""lp_business_emails""}",2026-02-16 10:32:37+00:00,2026-02-16,lp_business_emails,,,True
7956ce10-71f,u_00436,did_install_grammarly,{},2026-02-16 10:33:37+00:00,2026-02-16,,,,True
98ee3901-e44,u_00437,did_click_lp,"{""lp_name"": ""lp_business_emails""}",2026-02-21 18:15:09+00:00,2026-02-21,lp_business_emails,,,True
552ed9be-3ec,u_00437,did_install_grammarly,{},2026-02-21 18:17:09+00:00,2026-02-21,,,,True
9a6f0d71-187,u_00437,try_grammarly,"{""product_feature"": ""smart_email_reply""}",2026-02-21 19:09:09+00:00,2026-02-21,,smart_email_reply,,True
15f782e9-cf1,u_00438,did_click_lp,"{""lp_name"": ""lp_academic_writing""}",2026-02-03 12:57:11+00:00,2026-02-03,lp_academic_writing,,,True
43c8683a-bf5,u_00438,did_install_grammarly,{},2026-02-03 12:59:11+00:00,2026-02-03,,,,True
b120503b-03d,u_00438,try_grammarly,"{""product_feature"": ""academic_citation_helper""}",2026-02-03 13:21:11+00:00,2026-02-03,,academic_citation_helper,,True
61a4741a-e09,u_00438,try_grammarly,"{""product_feature"": ""academic_citation_helper""}",2026-02-04 04:31:09+00:00,2026-02-04,,academic_citation_helper,,True
ed0fb69e-2dd,u_00439,did_click_lp,"{""lp_name"": ""lp_business_emails""}",2026-02-21 04:46:09+00:00,2026-02-21,lp_business_emails,,,True
b6d914b2-27d,u_00439,did_install_grammarly,{},2026-02-21 04:49:09+00:00,2026-02-21,,,,True
366cc18c-08d,u_00439,try_grammarly,"{""product_feature"": ""smart_email_reply""}",2026-02-21 05:35:09+00:00,2026-02-21,,smart_email_reply,,True
402949f9-24d,u_00440,did_click_lp,"{""lp_name"": ""lp_academic_writing""}",2026-02-05 12:27:43+00:00,2026-02-05,lp_academic_writing,,,True
983b2a30-787,u_00441,did_click_lp,"{""lp_name"": ""lp_business_emails""}",2026-02-05 16:19:03+00:00,2026-02-05,lp_business_emails,,,True
fe9f86a8-b38,u_00441,did_install_grammarly,{},2026-02-05 16:23:03+00:00,2026-02-05,,,,True
53002c24-99a,u_00442,did_click_lp,"{""lp_name"": ""lp_business_emails""}",2026-02-06 23:05:11+00:00,2026-02-06,lp_business_emails,,,True
bf2c98b4-6a8,u_00442,did_install_grammarly,{},2026-02-06 23:16:11+00:00,2026-02-06,,,,True
f9adb691-6c9,u_00443,did_click_lp,"{""lp_name"": ""lp_business_emails""}",2026-02-19 16:26:50+00:00,2026-02-19,lp_business_emails,,,True
e1d924ca-fd0,u_00444,did_click_lp,"{""lp_name"": ""lp_academic_writing""}",2026-02-14 14:02:04+00:00,2026-02-14,lp_academic_writing,,,True
99d5074a-0e9,u_00444,did_install_grammarly,{},2026-02-14 14:08:04+00:00,2026-02-14,,,,True
d93b5fe7-7aa,u_00444,try_grammarly,"{""product_feature"": ""academic_citation_helper""}",2026-02-14 14:56:04+00:00,2026-02-14,,academic_citation_helper,,True
c2cbf280-5df,u_00444,try_grammarly,"{""product_feature"": ""academic_citation_helper""}",2026-02-15 23:36:46+00:00,2026-02-15,,academic_citation_helper,,True
8d70a90d-ff7,u_00444,try_grammarly,"{""product_feature"": ""academic_citation_helper""}",2026-02-16 21:55:21+00:00,2026-02-16,,academic_citation_helper,,True
e38961bb-5ac,u_00445,did_click_lp,"{""lp_name"": ""lp_business_emails""}",2026-02-28 11:48:24+00:00,2026-02-28,lp_business_emails,,,True
148b116b-25f,u_00446,did_click_lp,"{""lp_name"": ""lp_academic_writing""}",2026-02-07 21:40:49+00:00,2026-02-07,lp_academic_writing,,,True
7f16fb70-fd4,u_00446,did_install_grammarly,{},2026-02-07 21:47:49+00:00,2026-02-07,,,,True
a210ac8b-2e2,u_00447,did_click_lp,"{""lp_name"": ""lp_academic_writing""}",2026-02-07 17:53:44+00:00,2026-02-07,lp_academic_writing,,,True
def6699b-a71,u_00448,did_click_lp,"{""lp_name"": ""lp_business_emails""}",2026-02-09 05:03:18+00:00,2026-02-09,lp_business_emails,,,True
518c983a-74a,u_00449,did_click_lp,"{""lp_name"": ""lp_academic_writing""}",2026-02-04 05:49:37+00:00,2026-02-04,lp_academic_writing,,,True
909c4d71-dee,u_00450,did_click_lp,"{""lp_name"": ""lp_business_emails""}",2026-02-05 17:03:21+00:00,2026-02-05,lp_business_emails,,,True
18ed5007-072,u_00450,did_install_grammarly,{},2026-02-05 17:11:21+00:00,2026-02-05,,,,True
837ab4a8-4ed,u_00451,did_click_lp,"{""lp_name"": ""lp_academic_writing""}",2026-02-25 06:04:11+00:00,2026-02-25,lp_academic_writing,,,True
7dd4eb0d-53b,u_00452,did_click_lp,"{""lp_name"": ""lp_business_emails""}",2026-02-13 01:44:45+00:00,2026-02-13,lp_business_emails,,,True
635f3860-e55,u_00452,did_install_grammarly,{},2026-02-13 01:55:45+00:00,2026-02-13,,,,True
e6130f9b-efa,u_00452,try_grammarly,"{""product_feature"": ""smart_email_reply""}",2026-02-13 02:34:45+00:00,2026-02-13,,smart_email_reply,,True
0387588f-42a,u_00453,did_click_lp,"{""lp_name"": ""lp_academic_writing""}",2026-02-14 11:03:42+00:00,2026-02-14,lp_academic_writing,,,True
35d192b4-ba8,u_00453,did_install_grammarly,{},2026-02-14 11:07:42+00:00,2026-02-14,,,,True
ccb2edb3-eec,u_00454,did_click_lp,"{""lp_name"": ""lp_business_emails""}",2026-02-25 05:32:09+00:00,2026-02-25,lp_business_emails,,,True
d50064e3-30e,u_00455,did_click_lp,"{""lp_name"": ""lp_academic_writing""}",2026-02-26 07:32:18+00:00,2026-02-26,lp_academic_writing,,,True
3c326453-2df,u_00455,did_install_grammarly,{},2026-02-26 07:37:18+00:00,2026-02-26,,,,True
286086bc-3b2,u_00455,try_grammarly,"{""product_feature"": ""academic_citation_helper""}",2026-02-26 08:32:18+00:00,2026-02-26,,academic_citation_helper,,True
8b4c7f01-e40,u_00456,did_click_lp,"{""lp_name"": ""lp_academic_writing""}",2026-02-05 05:11:14+00:00,2026-02-05,lp_academic_writing,,,True
fc09a97b-a55,u_00457,did_click_lp,"{""lp_name"": ""lp_business_emails""}",2026-02-11 20:33:42+00:00,2026-02-11,lp_business_emails,,,True
eeada1f4-72d,u_00458,did_click_lp,"{""lp_name"": ""lp_academic_writing""}",2026-02-26 11:40:29+00:00,2026-02-26,lp_academic_writing,,,True
13b179e9-50b,u_00459,did_click_lp,"{""lp_name"": ""lp_business_emails""}",2026-02-19 18:39:25+00:00,2026-02-19,lp_business_emails,,,True
0c7d4cc0-53c,u_00459,did_install_grammarly,{},2026-02-19 18:49:25+00:00,2026-02-19,,,,True
76523164-75d,u_00459,try_grammarly,"{""product_feature"": ""smart_email_reply""}",2026-02-19 18:52:25+00:00,2026-02-19,,smart_email_reply,,True
997efcfc-121,u_00460,did_click_lp,"{""lp_name"": ""lp_business_emails""}",2026-02-03 06:47:33+00:00,2026-02-03,lp_business_emails,,,True
cee02051-5e5,u_00460,did_install_grammarly,{},2026-02-03 06:52:33+00:00,2026-02-03,,,,True
a85fdd02-8f0,u_00461,did_click_lp,"{""lp_name"": ""lp_academic_writing""}",2026-02-05 12:14:14+00:00,2026-02-05,lp_academic_writing,,,True
13996ed5-94b,u_00462,did_click_lp,"{""lp_name"": ""lp_academic_writing""}",2026-02-24 11:24:31+00:00,2026-02-24,lp_academic_writing,,,True
cdf9c2ac-1a1,u_00462,did_install_grammarly,{},2026-02-24 11:34:31+00:00,2026-02-24,,,,True
f2f7a9c1-373,u_00462,try_grammarly,"{""product_feature"": ""academic_citation_helper""}",2026-02-24 11:41:31+00:00,2026-02-24,,academic_citation_helper,,True
38d768a8-d6f,u_00463,did_click_lp,"{""lp_name"": ""lp_business_emails""}",2026-02-11 21:46:28+00:00,2026-02-11,lp_business_emails,,,True
ac2bc9f4-f58,u_00463,did_install_grammarly,{},2026-02-11 21:54:28+00:00,2026-02-11,,,,True
7c688354-9b5,u_00463,try_grammarly,"{""product_feature"": ""smart_email_reply""}",2026-02-11 22:12:28+00:00,2026-02-11,,smart_email_reply,,True
4953505a-af8,u_00464,did_click_lp,"{""lp_name"": ""lp_business_emails""}",2026-02-01 13:42:08+00:00,2026-02-01,lp_business_emails,,,True
706edb8f-7e1,u_00464,did_install_grammarly,{},2026-02-01 13:50:08+00:00,2026-02-01,,,,True
a49ef7b6-d0b,u_00465,did_click_lp,"{""lp_name"": ""lp_business_emails""}",2026-02-18 03:27:44+00:00,2026-02-18,lp_business_emails,,,True
956d1c94-0dd,u_00466,did_click_lp,"{""lp_name"": ""lp_academic_writing""}",2026-02-14 11:24:23+00:00,2026-02-14,lp_academic_writing,,,True
bcfc010e-30d,u_00466,did_install_grammarly,{},2026-02-14 11:30:23+00:00,2026-02-14,,,,True
568e3060-ee7,u_00466,try_grammarly,"{""product_feature"": ""academic_citation_helper""}",2026-02-14 12:03:23+00:00,2026-02-14,,academic_citation_helper,,True
3cbc6c6b-d77,u_00467,did_click_lp,"{""lp_name"": ""lp_academic_writing""}",2026-02-21 11:11:54+00:00,2026-02-21,lp_academic_writing,,,True
e6251df4-80e,u_00467,did_install_grammarly,{},2026-02-21 11:19:54+00:00,2026-02-21,,,,True
cc467c33-e96,u_00467,try_grammarly,"{""product_feature"": ""academic_citation_helper""}",2026-02-21 11:36:54+00:00,2026-02-21,,academic_citation_helper,,True
a5f7a16c-e26,u_00467,try_grammarly,"{""product_feature"": ""academic_citation_helper""}",2026-02-22 13:48:00+00:00,2026-02-22,,academic_citation_helper,,True
e126b194-913,u_00468,did_click_lp,"{""lp_name"": ""lp_business_emails""}",2026-02-27 04:27:35+00:00,2026-02-27,lp_business_emails,,,True
a4d93ad0-9d2,u_00469,did_click_lp,"{""lp_name"": ""lp_business_emails""}",2026-02-05 07:47:13+00:00,2026-02-05,lp_business_emails,,,True
4d0ce85e-9db,u_00469,did_install_grammarly,{},2026-02-05 07:49:13+00:00,2026-02-05,,,,True
e133fb65-5e4,u_00469,try_grammarly,"{""product_feature"": ""smart_email_reply""}",2026-02-05 07:52:13+00:00,2026-02-05,,smart_email_reply,,True
f21f0a59-ebe,u_00470,did_click_lp,"{""lp_name"": ""lp_business_emails""}",2026-02-21 02:56:32+00:00,2026-02-21,lp_business_emails,,,True
4afaf4ca-33e,u_00471,did_click_lp,"{""lp_name"": ""lp_business_emails""}",2026-02-16 13:46:28+00:00,2026-02-16,lp_business_emails,,,True
ec59e93b-2c1,u_00472,did_click_lp,"{""lp_name"": ""lp_academic_writing""}",2026-02-24 23:54:59+00:00,2026-02-24,lp_academic_writing,,,True
b1cbbb78-355,u_00472,did_install_grammarly,{},2026-02-25 00:03:59+00:00,2026-02-25,,,,True
b11fa56d-ed2,u_00473,did_click_lp,"{""lp_name"": ""lp_business_emails""}",2026-02-15 13:29:48+00:00,2026-02-15,lp_business_emails,,,True
24b128d0-066,u_00474,did_click_lp,"{""lp_name"": ""lp_business_emails""}",2026-02-09 12:49:04+00:00,2026-02-09,lp_business_emails,,,True
1519e900-e06,u_00475,did_click_lp,"{""lp_name"": ""lp_business_emails""}",2026-02-11 07:55:30+00:00,2026-02-11,lp_business_emails,,,True
4dfad459-f8a,u_00476,did_click_lp,"{""lp_name"": ""lp_academic_writing""}",2026-02-07 20:42:29+00:00,2026-02-07,lp_academic_writing,,,True
678b8117-982,u_00477,did_click_lp,"{""lp_name"": ""lp_academic_writing""}",2026-02-15 05:24:23+00:00,2026-02-15,lp_academic_writing,,,True
32aa2be4-5a4,u_00477,did_install_grammarly,{},2026-02-15 05:28:23+00:00,2026-02-15,,,,True
2726c1e0-0bc,u_00478,did_click_lp,"{""lp_name"": ""lp_business_emails""}",2026-02-03 16:11:25+00:00,2026-02-03,lp_business_emails,,,True
d8b57439-15d,u_00479,did_click_lp,"{""lp_name"": ""lp_business_emails""}",2026-02-19 22:34:33+00:00,2026-02-19,lp_business_emails,,,True
42f0d3bc-064,u_00480,did_click_lp,"{""lp_name"": ""lp_academic_writing""}",2026-02-16 19:03:25+00:00,2026-02-16,lp_academic_writing,,,True
dc26b532-904,u_00480,did_install_grammarly,{},2026-02-16 19:11:25+00:00,2026-02-16,,,,True
77bd9e7a-315,u_00480,try_grammarly,"{""product_feature"": ""academic_citation_helper""}",2026-02-16 19:57:25+00:00,2026-02-16,,academic_citation_helper,,True
48eba844-963,u_00481,did_click_lp,"{""lp_name"": ""lp_business_emails""}",2026-02-09 18:16:57+00:00,2026-02-09,lp_business_emails,,,True
1e1989d5-c34,u_00482,did_click_lp,"{""lp_name"": ""lp_business_emails""}",2026-02-21 19:37:02+00:00,2026-02-21,lp_business_emails,,,True
7f0a1146-bd7,u_00483,did_click_lp,"{""lp_name"": ""lp_academic_writing""}",2026-02-28 03:05:51+00:00,2026-02-28,lp_academic_writing,,,True
34582e2b-70b,u_00484,did_click_lp,"{""lp_name"": ""lp_business_emails""}",2026-02-11 14:44:40+00:00,2026-02-11,lp_business_emails,,,True
e2fc1eea-33b,u_00484,did_install_grammarly,{},2026-02-11 14:57:40+00:00,2026-02-11,,,,True
5756ccee-cf4,u_00484,try_grammarly,"{""product_feature"": ""smart_email_reply""}",2026-02-11 15:35:40+00:00,2026-02-11,,smart_email_reply,,True
a6e15bbb-ec7,u_00485,did_click_lp,"{""lp_name"": ""lp_academic_writing""}",2026-02-08 23:16:42+00:00,2026-02-08,lp_academic_writing,,,True
f4e36f8b-a47,u_00486,did_click_lp,"{""lp_name"": ""lp_business_emails""}",2026-02-18 08:03:01+00:00,2026-02-18,lp_business_emails,,,True
57485723-9ff,u_00487,did_click_lp,"{""lp_name"": ""lp_academic_writing""}",2026-02-09 01:07:03+00:00,2026-02-09,lp_academic_writing,,,True
6fd8ae60-c7d,u_00488,did_click_lp,"{""lp_name"": ""lp_business_emails""}",2026-02-27 08:39:20+00:00,2026-02-27,lp_business_emails,,,True
f81f9c31-ef7,u_00488,did_install_grammarly,{},2026-02-27 08:40:20+00:00,2026-02-27,,,,True
a01c8370-a7a,u_00488,try_grammarly,"{""product_feature"": ""smart_email_reply""}",2026-02-27 09:39:20+00:00,2026-02-27,,smart_email_reply,,True
6adb5765-1c1,u_00489,did_click_lp,"{""lp_name"": ""lp_academic_writing""}",2026-02-14 01:57:45+00:00,2026-02-14,lp_academic_writing,,,True
9f1097ab-8ab,u_00490,did_click_lp,"{""lp_name"": ""lp_business_emails""}",2026-02-15 04:09:46+00:00,2026-02-15,lp_business_emails,,,True
d454ebe2-f8e,u_00490,did_install_grammarly,{},2026-02-15 04:22:46+00:00,2026-02-15,,,,True
1c33a2c0-118,u_00490,try_grammarly,"{""product_feature"": ""smart_email_reply""}",2026-02-15 04:45:46+00:00,2026-02-15,,smart_email_reply,,True
198fbff4-caf,u_00491,did_click_lp,"{""lp_name"": ""lp_academic_writing""}",2026-02-10 10:03:01+00:00,2026-02-10,lp_academic_writing,,,True
a00605ac-b43,u_00492,did_click_lp,"{""lp_name"": ""lp_business_emails""}",2026-02-13 03:09:13+00:00,2026-02-13,lp_business_emails,,,True
0fe89048-722,u_00493,did_click_lp,"{""lp_name"": ""lp_academic_writing""}",2026-02-02 07:25:11+00:00,2026-02-02,lp_academic_writing,,,True
31b08e7e-d50,u_00494,did_click_lp,"{""lp_name"": ""lp_academic_writing""}",2026-02-02 19:09:11+00:00,2026-02-02,lp_academic_writing,,,True
3028630b-f66,u_00495,did_click_lp,"{""lp_name"": ""lp_business_emails""}",2026-02-12 05:25:12+00:00,2026-02-12,lp_business_emails,,,True
101deb9c-b2f,u_00495,did_install_grammarly,{},2026-02-12 05:26:12+00:00,2026-02-12,,,,True
f7d29ee5-b2d,u_00495,try_grammarly,"{""product_feature"": ""smart_email_reply""}",2026-02-12 06:23:12+00:00,2026-02-12,,smart_email_reply,,True
6c6935e0-561,u_00496,did_click_lp,"{""lp_name"": ""lp_business_emails""}",2026-02-15 22:50:35+00:00,2026-02-15,lp_business_emails,,,True
a91fac6f-337,u_00496,did_install_grammarly,{},2026-02-15 23:01:35+00:00,2026-02-15,,,,True
756efe76-869,u_00497,did_click_lp,"{""lp_name"": ""lp_academic_writing""}",2026-02-13 13:30:24+00:00,2026-02-13,lp_academic_writing,,,True
82405446-f9f,u_00497,did_install_grammarly,{},2026-02-13 13:39:24+00:00,2026-02-13,,,,True
1435578a-c73,u_00497,try_grammarly,"{""product_feature"": ""academic_citation_helper""}",2026-02-13 14:07:24+00:00,2026-02-13,,academic_citation_helper,,True
81b47be4-721,u_00498,did_click_lp,"{""lp_name"": ""lp_business_emails""}",2026-02-02 16:23:36+00:00,2026-02-02,lp_business_emails,,,True
cf282bfc-b38,u_00499,did_click_lp,"{""lp_name"": ""lp_business_emails""}",2026-02-26 07:25:50+00:00,2026-02-26,lp_business_emails,,,True
f3d826ae-5b5,u_00499,did_install_grammarly,{},2026-02-26 07:32:50+00:00,2026-02-26,,,,True
18c07a4c-f6a,u_00499,try_grammarly,"{""product_feature"": ""smart_email_reply""}",2026-02-26 07:47:50+00:00,2026-02-26,,smart_email_reply,,True
9f3e2707-491,u_00500,did_click_lp,"{""lp_name"": ""lp_academic_writing""}",2026-02-01 03:42:22+00:00,2026-02-01,lp_academic_writing,,,True
01b2f144-ad5,u_00501,did_click_lp,"{""lp_name"": ""lp_academic_writing""}",2026-02-09 21:38:15+00:00,2026-02-09,lp_academic_writing,,,True
a7e9db1f-3a2,u_00502,did_click_lp,"{""lp_name"": ""lp_academic_writing""}",2026-02-26 16:41:42+00:00,2026-02-26,lp_academic_writing,,,True
ef520429-2ca,u_00503,did_click_lp,"{""lp_name"": ""lp_academic_writing""}",2026-02-15 14:22:49+00:00,2026-02-15,lp_academic_writing,,,True
0f47a04d-d0b,u_00503,did_install_grammarly,{},2026-02-15 14:31:49+00:00,2026-02-15,,,,True
5c558fce-269,u_00503,try_grammarly,"{""product_feature"": ""academic_citation_helper""}",2026-02-15 15:17:49+00:00,2026-02-15,,academic_citation_helper,,True
58e26243-4e7,u_00503,try_grammarly,"{""product_feature"": ""academic_citation_helper""}",2026-02-16 08:54:52+00:00,2026-02-16,,academic_citation_helper,,True
e83e0ea2-012,u_00503,try_grammarly,"{""product_feature"": ""academic_citation_helper""}",2026-02-17 17:12:16+00:00,2026-02-17,,academic_citation_helper,,True
19ef7a5f-4a5,u_00504,did_click_lp,"{""lp_name"": ""lp_academic_writing""}",2026-02-13 20:13:44+00:00,2026-02-13,lp_academic_writing,,,True
05f90e3a-d2a,u_00505,did_click_lp,"{""lp_name"": ""lp_academic_writing""}",2026-02-12 09:13:48+00:00,2026-02-12,lp_academic_writing,,,True
7d085c33-a48,u_00506,did_click_lp,"{""lp_name"": ""lp_academic_writing""}",2026-02-09 06:01:05+00:00,2026-02-09,lp_academic_writing,,,True
a2ad0753-856,u_00507,did_click_lp,"{""lp_name"": ""lp_academic_writing""}",2026-02-08 01:17:58+00:00,2026-02-08,lp_academic_writing,,,True
4ca9d254-844,u_00508,did_click_lp,"{""lp_name"": ""lp_academic_writing""}",2026-02-18 22:57:07+00:00,2026-02-18,lp_academic_writing,,,True
ed17af87-2db,u_00509,did_click_lp,"{""lp_name"": ""lp_academic_writing""}",2026-02-22 09:59:20+00:00,2026-02-22,lp_academic_writing,,,True
a9bc4888-d55,u_00509,did_install_grammarly,{},2026-02-22 10:00:20+00:00,2026-02-22,,,,True
4ce36615-00f,u_00510,did_click_lp,"{""lp_name"": ""lp_business_emails""}",2026-02-28 12:28:13+00:00,2026-02-28,lp_business_emails,,,True
475e6abc-179,u_00510,did_install_grammarly,{},2026-02-28 12:42:13+00:00,2026-02-28,,,,True
dbcb2fff-7bc,u_00510,try_grammarly,"{""product_feature"": ""smart_email_reply""}",2026-02-28 13:30:13+00:00,2026-02-28,,smart_email_reply,,True
d1f74b7a-2ac,u_00511,did_click_lp,"{""lp_name"": ""lp_business_emails""}",2026-02-22 21:23:00+00:00,2026-02-22,lp_business_emails,,,True
c1374680-004,u_00512,did_click_lp,"{""lp_name"": ""lp_business_emails""}",2026-02-24 17:52:17+00:00,2026-02-24,lp_business_emails,,,True
3e35642a-851,u_00512,did_install_grammarly,{},2026-02-24 17:59:17+00:00,2026-02-24,,,,True
2a28e0b4-b20,u_00512,try_grammarly,"{""product_feature"": ""smart_email_reply""}",2026-02-24 18:11:17+00:00,2026-02-24,,smart_email_reply,,True
dcf6136e-6c0,u_00513,did_click_lp,"{""lp_name"": ""lp_academic_writing""}",2026-02-04 06:38:01+00:00,2026-02-04,lp_academic_writing,,,True
5d9a3527-2e4,u_00514,did_click_lp,"{""lp_name"": ""lp_business_emails""}",2026-02-10 10:45:29+00:00,2026-02-10,lp_business_emails,,,True
53f2269f-ece,u_00515,did_click_lp,"{""lp_name"": ""lp_academic_writing""}",2026-02-22 15:31:11+00:00,2026-02-22,lp_academic_writing,,,True
097c3f82-565,u_00515,did_install_grammarly,{},2026-02-22 15:32:11+00:00,2026-02-22,,,,True
f100eb83-9b7,u_00515,try_grammarly,"{""product_feature"": ""academic_citation_helper""}",2026-02-22 16:00:11+00:00,2026-02-22,,academic_citation_helper,,True
4c075c25-c75,u_00515,try_grammarly,"{""product_feature"": ""academic_citation_helper""}",2026-02-23 13:16:21+00:00,2026-02-23,,academic_citation_helper,,True
c077fd9b-060,u_00516,did_click_lp,"{""lp_name"": ""lp_business_emails""}",2026-02-15 12:58:11+00:00,2026-02-15,lp_business_emails,,,True
964f0147-42b,u_00516,did_install_grammarly,{},2026-02-15 13:12:11+00:00,2026-02-15,,,,True
a0ffbbf2-721,u_00517,did_click_lp,"{""lp_name"": ""lp_academic_writing""}",2026-02-21 00:11:09+00:00,2026-02-21,lp_academic_writing,,,True
bdee9937-a94,u_00518,did_click_lp,"{""lp_name"": ""lp_business_emails""}",2026-02-15 06:05:21+00:00,2026-02-15,lp_business_emails,,,True
e1829cc5-2f4,u_00519,did_click_lp,"{""lp_name"": ""lp_business_emails""}",2026-02-28 07:18:15+00:00,2026-02-28,lp_business_emails,,,True
a5579f43-520,u_00520,did_click_lp,"{""lp_name"": ""lp_academic_writing""}",2026-02-03 00:55:59+00:00,2026-02-03,lp_academic_writing,,,True
9da7fafc-9a4,u_00521,did_click_lp,"{""lp_name"": ""lp_academic_writing""}",2026-02-02 07:33:34+00:00,2026-02-02,lp_academic_writing,,,True
26178422-ee4,u_00521,did_install_grammarly,{},2026-02-02 07:34:34+00:00,2026-02-02,,,,True
5732f741-a7f,u_00522,did_click_lp,"{""lp_name"": ""lp_business_emails""}",2026-02-15 07:48:27+00:00,2026-02-15,lp_business_emails,,,True
19e0bfd6-57b,u_00523,did_click_lp,"{""lp_name"": ""lp_business_emails""}",2026-02-12 17:40:17+00:00,2026-02-12,lp_business_emails,,,True
84a1b5c5-7f7,u_00524,did_click_lp,"{""lp_name"": ""lp_business_emails""}",2026-02-04 07:35:25+00:00,2026-02-04,lp_business_emails,,,True
18ef1d7d-05e,u_00524,did_install_grammarly,{},2026-02-04 07:42:25+00:00,2026-02-04,,,,True
90a0d603-269,u_00525,did_click_lp,"{""lp_name"": ""lp_academic_writing""}",2026-02-11 12:20:48+00:00,2026-02-11,lp_academic_writing,,,True
e0ca7487-ec7,u_00525,did_install_grammarly,{},2026-02-11 12:23:48+00:00,2026-02-11,,,,True
f0234a79-bb7,u_00525,try_grammarly,"{""product_feature"": ""academic_citation_helper""}",2026-02-11 13:15:48+00:00,2026-02-11,,academic_citation_helper,,True
da368846-436,u_00526,did_click_lp,"{""lp_name"": ""lp_business_emails""}",2026-02-22 03:02:00+00:00,2026-02-22,lp_business_emails,,,True
19da8c71-c4e,u_00526,did_install_grammarly,{},2026-02-22 03:15:00+00:00,2026-02-22,,,,True
2a435577-99c,u_00527,did_click_lp,"{""lp_name"": ""lp_business_emails""}",2026-02-15 09:57:53+00:00,2026-02-15,lp_business_emails,,,True
d9251374-d80,u_00528,did_click_lp,"{""lp_name"": ""lp_academic_writing""}",2026-02-10 10:37:01+00:00,2026-02-10,lp_academic_writing,,,True
cb1ed0cc-c67,u_00529,did_click_lp,"{""lp_name"": ""lp_academic_writing""}",2026-02-14 10:23:16+00:00,2026-02-14,lp_academic_writing,,,True
9fffaa7f-458,u_00530,did_click_lp,"{""lp_name"": ""lp_academic_writing""}",2026-02-03 15:20:15+00:00,2026-02-03,lp_academic_writing,,,True
167315b1-ea6,u_00530,did_install_grammarly,{},2026-02-03 15:25:15+00:00,2026-02-03,,,,True
245fe2a5-124,u_00530,try_grammarly,"{""product_feature"": ""academic_citation_helper""}",2026-02-03 15:44:15+00:00,2026-02-03,,academic_citation_helper,,True
f0e406e9-370,u_00530,try_grammarly,"{""product_feature"": ""academic_citation_helper""}",2026-02-04 12:25:52+00:00,2026-02-04,,academic_citation_helper,,True
72d4419d-de1,u_00530,try_grammarly,"{""product_feature"": ""academic_citation_helper""}",2026-02-05 14:28:51+00:00,2026-02-05,,academic_citation_helper,,True
b6d0d3fc-509,u_00531,did_click_lp,"{""lp_name"": ""lp_academic_writing""}",2026-02-26 17:25:13+00:00,2026-02-26,lp_academic_writing,,,True
93f83274-25e,u_00532,did_click_lp,"{""lp_name"": ""lp_academic_writing""}",2026-02-23 17:55:19+00:00,2026-02-23,lp_academic_writing,,,True
b4d7b406-cc2,u_00533,did_click_lp,"{""lp_name"": ""lp_academic_writing""}",2026-02-27 02:00:26+00:00,2026-02-27,lp_academic_writing,,,True
f06d80c7-969,u_00533,did_install_grammarly,{},2026-02-27 02:02:26+00:00,2026-02-27,,,,True
0c47cf95-d85,u_00534,did_click_lp,"{""lp_name"": ""lp_academic_writing""}",2026-02-13 07:02:07+00:00,2026-02-13,lp_academic_writing,,,True
b15e5c7b-140,u_00534,did_install_grammarly,{},2026-02-13 07:10:07+00:00,2026-02-13,,,,True
3eadbfe7-c88,u_00534,try_grammarly,"{""product_feature"": ""academic_citation_helper""}",2026-02-13 07:53:07+00:00,2026-02-13,,academic_citation_helper,,True
b9e03392-8ac,u_00535,did_click_lp,"{""lp_name"": ""lp_academic_writing""}",2026-02-25 09:10:22+00:00,2026-02-25,lp_academic_writing,,,True
2f96caf5-030,u_00536,did_click_lp,"{""lp_name"": ""lp_business_emails""}",2026-02-19 14:00:11+00:00,2026-02-19,lp_business_emails,,,True
6c72b540-19b,u_00537,did_click_lp,"{""lp_name"": ""lp_business_emails""}",2026-02-27 09:23:33+00:00,2026-02-27,lp_business_emails,,,True
75c3a80e-b19,u_00538,did_click_lp,"{""lp_name"": ""lp_academic_writing""}",2026-02-02 15:23:39+00:00,2026-02-02,lp_academic_writing,,,True
ddd1dad4-beb,u_00538,did_install_grammarly,{},2026-02-02 15:33:39+00:00,2026-02-02,,,,True
ec61163d-a48,u_00539,did_click_lp,"{""lp_name"": ""lp_academic_writing""}",2026-02-06 20:28:50+00:00,2026-02-06,lp_academic_writing,,,True
0cbe3a6d-c03,u_00540,did_click_lp,"{""lp_name"": ""lp_academic_writing""}",2026-02-18 15:03:05+00:00,2026-02-18,lp_academic_writing,,,True
56f40c3c-8db,u_00540,did_install_grammarly,{},2026-02-18 15:06:05+00:00,2026-02-18,,,,True
5be4dc0c-4ca,u_00540,try_grammarly,"{""product_feature"": ""academic_citation_helper""}",2026-02-18 15:52:05+00:00,2026-02-18,,academic_citation_helper,,True
555118b9-a59,u_00541,did_click_lp,"{""lp_name"": ""lp_academic_writing""}",2026-02-24 02:34:14+00:00,2026-02-24,lp_academic_writing,,,True
c30a9eca-16a,u_00541,did_install_grammarly,{},2026-02-24 02:42:14+00:00,2026-02-24,,,,True
76ed8d95-142,u_00541,try_grammarly,"{""product_feature"": ""academic_citation_helper""}",2026-02-24 03:21:14+00:00,2026-02-24,,academic_citation_helper,,True
888113b6-904,u_00542,did_click_lp,"{""lp_name"": ""lp_business_emails""}",2026-02-26 08:28:08+00:00,2026-02-26,lp_business_emails,,,True
f3d7c3e0-fcd,u_00543,did_click_lp,"{""lp_name"": ""lp_business_emails""}",2026-02-02 14:46:46+00:00,2026-02-02,lp_business_emails,,,True
c206a454-986,u_00544,did_click_lp,"{""lp_name"": ""lp_business_emails""}",2026-02-11 01:09:54+00:00,2026-02-11,lp_business_emails,,,True
b70b2fc9-768,u_00544,did_install_grammarly,{},2026-02-11 01:19:54+00:00,2026-02-11,,,,True
19f5dabc-8d8,u_00544,try_grammarly,"{""product_feature"": ""smart_email_reply""}",2026-02-11 01:55:54+00:00,2026-02-11,,smart_email_reply,,True
e91b21c1-e52,u_00545,did_click_lp,"{""lp_name"": ""lp_academic_writing""}",2026-02-10 10:31:25+00:00,2026-02-10,lp_academic_writing,,,True
a23a37a2-fa8,u_00546,did_click_lp,"{""lp_name"": ""lp_academic_writing""}",2026-02-15 04:56:18+00:00,2026-02-15,lp_academic_writing,,,True
c2784a06-553,u_00547,did_click_lp,"{""lp_name"": ""lp_business_emails""}",2026-02-24 03:03:06+00:00,2026-02-24,lp_business_emails,,,True
814c7fc8-5c3,u_00548,did_click_lp,"{""lp_name"": ""lp_business_emails""}",2026-02-13 07:11:05+00:00,2026-02-13,lp_business_emails,,,True
c5da3ab1-f70,u_00549,did_click_lp,"{""lp_name"": ""lp_academic_writing""}",2026-02-12 04:39:36+00:00,2026-02-12,lp_academic_writing,,,True
acc112c0-fd3,u_00550,did_click_lp,"{""lp_name"": ""lp_academic_writing""}",2026-02-23 19:13:00+00:00,2026-02-23,lp_academic_writing,,,True
954d18bc-a0e,u_00550,did_install_grammarly,{},2026-02-23 19:20:00+00:00,2026-02-23,,,,True
5cefe310-bc5,u_00550,try_grammarly,"{""product_feature"": ""academic_citation_helper""}",2026-02-23 19:42:00+00:00,2026-02-23,,academic_citation_helper,,True
80330109-616,u_00550,try_grammarly,"{""product_feature"": ""academic_citation_helper""}",2026-02-24 15:10:35+00:00,2026-02-24,,academic_citation_helper,,True
1ab8d588-670,u_00550,try_grammarly,"{""product_feature"": ""academic_citation_helper""}",2026-02-25 23:36:43+00:00,2026-02-25,,academic_citation_helper,,True
76cc2c0c-3f0,u_00551,did_click_lp,"{""lp_name"": ""lp_business_emails""}",2026-02-03 03:07:24+00:00,2026-02-03,lp_business_emails,,,True
1b64b063-6ae,u_00552,did_click_lp,"{""lp_name"": ""lp_academic_writing""}",2026-02-19 15:30:35+00:00,2026-02-19,lp_academic_writing,,,True
be223a2a-099,u_00553,did_click_lp,"{""lp_name"": ""lp_academic_writing""}",2026-02-03 10:07:02+00:00,2026-02-03,lp_academic_writing,,,True
5056d097-368,u_00554,did_click_lp,"{""lp_name"": ""lp_academic_writing""}",2026-02-24 20:35:24+00:00,2026-02-24,lp_academic_writing,,,True
a8548ea8-a5f,u_00554,did_install_grammarly,{},2026-02-24 20:40:24+00:00,2026-02-24,,,,True
cfc87b4e-0a9,u_00555,did_click_lp,"{""lp_name"": ""lp_academic_writing""}",2026-02-08 13:44:37+00:00,2026-02-08,lp_academic_writing,,,True
0a519fba-538,u_00555,did_install_grammarly,{},2026-02-08 13:50:37+00:00,2026-02-08,,,,True
a4d056c4-3c4,u_00556,did_click_lp,"{""lp_name"": ""lp_business_emails""}",2026-02-09 08:21:35+00:00,2026-02-09,lp_business_emails,,,True
6a8f76fd-5bb,u_00556,did_install_grammarly,{},2026-02-09 08:24:35+00:00,2026-02-09,,,,True
ab77df01-8bf,u_00556,try_grammarly,"{""product_feature"": ""smart_email_reply""}",2026-02-09 08:58:35+00:00,2026-02-09,,smart_email_reply,,True
bc5d320b-337,u_00557,did_click_lp,"{""lp_name"": ""lp_academic_writing""}",2026-02-10 16:51:19+00:00,2026-02-10,lp_academic_writing,,,True
96d154a6-e28,u_00558,did_click_lp,"{""lp_name"": ""lp_business_emails""}",2026-02-14 11:41:51+00:00,2026-02-14,lp_business_emails,,,True
29d7f8cb-eb1,u_00559,did_click_lp,"{""lp_name"": ""lp_business_emails""}",2026-02-06 14:01:44+00:00,2026-02-06,lp_business_emails,,,True
2f0b96e5-82c,u_00559,did_install_grammarly,{},2026-02-06 14:11:44+00:00,2026-02-06,,,,True
7f386b9e-5ad,u_00560,did_click_lp,"{""lp_name"": ""lp_business_emails""}",2026-02-05 06:52:44+00:00,2026-02-05,lp_business_emails,,,True
55e27f85-c97,u_00561,did_click_lp,"{""lp_name"": ""lp_business_emails""}",2026-02-02 22:43:17+00:00,2026-02-02,lp_business_emails,,,True
6c829565-6d1,u_00562,did_click_lp,"{""lp_name"": ""lp_academic_writing""}",2026-02-02 17:29:02+00:00,2026-02-02,lp_academic_writing,,,True
db95ee45-b7d,u_00562,did_click_lp,"{""lp_name"": ""lp_academic_writing""}",2026-02-24 14:56:05+00:00,2026-02-24,lp_academic_writing,,,True
5966620d-57c,u_00562,did_install_grammarly,{},2026-02-24 15:01:05+00:00,2026-02-24,,,,True
1ef167d9-4ec,u_00562,try_grammarly,"{""product_feature"": ""academic_citation_helper""}",2026-02-24 15:15:05+00:00,2026-02-24,,academic_citation_helper,,True
1f6327e5-27c,u_00563,did_click_lp,"{""lp_name"": ""lp_academic_writing""}",2026-02-03 20:27:56+00:00,2026-02-03,lp_academic_writing,,,True
ad9bac7f-828,u_00563,did_install_grammarly,{},2026-02-03 20:28:56+00:00,2026-02-03,,,,True
7265e73d-7c7,u_00563,try_grammarly,"{""product_feature"": ""academic_citation_helper""}",2026-02-03 21:23:56+00:00,2026-02-03,,academic_citation_helper,,True
67002bfc-2bf,u_00563,try_grammarly,"{""product_feature"": ""academic_citation_helper""}",2026-02-04 13:57:41+00:00,2026-02-04,,academic_citation_helper,,True
76717249-82e,u_00563,try_grammarly,"{""product_feature"": ""academic_citation_helper""}",2026-02-05 09:39:01+00:00,2026-02-05,,academic_citation_helper,,True
2722eeb5-a8f,u_00563,try_grammarly,"{""product_feature"": ""academic_citation_helper""}",2026-02-06 09:59:09+00:00,2026-02-06,,academic_citation_helper,,True
64320e10-a1f,u_00564,did_click_lp,"{""lp_name"": ""lp_business_emails""}",2026-02-11 17:35:47+00:00,2026-02-11,lp_business_emails,,,True
4471ccb0-d9f,u_00564,did_install_grammarly,{},2026-02-11 17:39:47+00:00,2026-02-11,,,,True
6ac3a47f-b47,u_00565,did_click_lp,"{""lp_name"": ""lp_academic_writing""}",2026-02-19 06:21:46+00:00,2026-02-19,lp_academic_writing,,,True
4232be06-8eb,u_00566,did_click_lp,"{""lp_name"": ""lp_business_emails""}",2026-02-19 13:42:17+00:00,2026-02-19,lp_business_emails,,,True
e362bec0-729,u_00566,did_install_grammarly,{},2026-02-19 13:55:17+00:00,2026-02-19,,,,True
d495a639-155,u_00567,did_click_lp,"{""lp_name"": ""lp_business_emails""}",2026-02-20 03:56:14+00:00,2026-02-20,lp_business_emails,,,True
841daeb6-885,u_00567,did_install_grammarly,{},2026-02-20 03:58:14+00:00,2026-02-20,,,,True
56957359-90b,u_00568,did_click_lp,"{""lp_name"": ""lp_business_emails""}",2026-02-19 15:30:54+00:00,2026-02-19,lp_business_emails,,,True
fa819dc4-efb,u_00568,did_install_grammarly,{},2026-02-19 15:41:54+00:00,2026-02-19,,,,True
3e6dba6c-d71,u_00569,did_click_lp,"{""lp_name"": ""lp_academic_writing""}",2026-02-10 10:52:12+00:00,2026-02-10,lp_academic_writing,,,True
2223b13c-4fc,u_00570,did_click_lp,"{""lp_name"": ""lp_academic_writing""}",2026-02-15 03:30:03+00:00,2026-02-15,lp_academic_writing,,,True
d5eaa404-10a,u_00571,did_click_lp,"{""lp_name"": ""lp_business_emails""}",2026-02-24 22:38:52+00:00,2026-02-24,lp_business_emails,,,True
170e12d4-5a6,u_00572,did_click_lp,"{""lp_name"": ""lp_business_emails""}",2026-02-06 20:59:52+00:00,2026-02-06,lp_business_emails,,,True
de1b110c-592,u_00573,did_click_lp,"{""lp_name"": ""lp_business_emails""}",2026-02-16 11:21:51+00:00,2026-02-16,lp_business_emails,,,True
1e27610f-fc5,u_00574,did_click_lp,"{""lp_name"": ""lp_academic_writing""}",2026-02-19 23:40:03+00:00,2026-02-19,lp_academic_writing,,,True
3f47f4f6-7a4,u_00575,did_click_lp,"{""lp_name"": ""lp_business_emails""}",2026-02-22 05:03:54+00:00,2026-02-22,lp_business_emails,,,True
110ac039-c60,u_00576,did_click_lp,"{""lp_name"": ""lp_business_emails""}",2026-02-12 04:46:23+00:00,2026-02-12,lp_business_emails,,,True
4c6a1051-60a,u_00576,did_click_lp,"{""lp_name"": ""lp_academic_writing""}",2026-02-22 12:48:49+00:00,2026-02-22,lp_academic_writing,,,True
706851f3-89a,u_00577,did_click_lp,"{""lp_name"": ""lp_academic_writing""}",2026-02-08 22:03:33+00:00,2026-02-08,lp_academic_writing,,,True
3a4aadb2-eb3,u_00577,did_install_grammarly,{},2026-02-08 22:13:33+00:00,2026-02-08,,,,True
cad822f9-793,u_00577,try_grammarly,"{""product_feature"": ""academic_citation_helper""}",2026-02-08 22:22:33+00:00,2026-02-08,,academic_citation_helper,,True
4facfe90-a9f,u_00577,try_grammarly,"{""product_feature"": ""academic_citation_helper""}",2026-02-09 20:26:56+00:00,2026-02-09,,academic_citation_helper,,True
8b904311-7ca,u_00577,try_grammarly,"{""product_feature"": ""academic_citation_helper""}",2026-02-10 15:39:41+00:00,2026-02-10,,academic_citation_helper,,True
eb842d1b-98c,u_00577,try_grammarly,"{""product_feature"": ""academic_citation_helper""}",2026-02-13 13:01:10+00:00,2026-02-13,,academic_citation_helper,,True
25d9795c-945,u_00578,did_click_lp,"{""lp_name"": ""lp_academic_writing""}",2026-02-21 16:22:25+00:00,2026-02-21,lp_academic_writing,,,True
c961dea9-309,u_00578,did_install_grammarly,{},2026-02-21 16:25:25+00:00,2026-02-21,,,,True
33536cee-5f2,u_00579,did_click_lp,"{""lp_name"": ""lp_academic_writing""}",2026-02-14 11:22:12+00:00,2026-02-14,lp_academic_writing,,,True
cd4b45c8-7a6,u_00579,did_install_grammarly,{},2026-02-14 11:32:12+00:00,2026-02-14,,,,True
cf6580df-8db,u_00580,did_click_lp,"{""lp_name"": ""lp_academic_writing""}",2026-02-12 13:36:34+00:00,2026-02-12,lp_academic_writing,,,True
ca2ec1f1-da0,u_00581,did_click_lp,"{""lp_name"": ""lp_business_emails""}",2026-02-11 21:54:57+00:00,2026-02-11,lp_business_emails,,,True
aefc6d83-d38,u_00581,did_install_grammarly,{},2026-02-11 22:06:57+00:00,2026-02-11,,,,True
296bd418-443,u_00581,try_grammarly,"{""product_feature"": ""smart_email_reply""}",2026-02-11 22:46:57+00:00,2026-02-11,,smart_email_reply,,True
49199daf-acc,u_00582,did_click_lp,"{""lp_name"": ""lp_academic_writing""}",2026-02-22 07:10:32+00:00,2026-02-22,lp_academic_writing,,,True
426db370-150,u_00583,did_click_lp,"{""lp_name"": ""lp_business_emails""}",2026-02-23 21:24:10+00:00,2026-02-23,lp_business_emails,,,True
f2bbf5ce-f12,u_00584,did_click_lp,"{""lp_name"": ""lp_academic_writing""}",2026-02-05 03:20:55+00:00,2026-02-05,lp_academic_writing,,,True
f156bf72-221,u_00585,did_click_lp,"{""lp_name"": ""lp_academic_writing""}",2026-02-19 03:43:50+00:00,2026-02-19,lp_academic_writing,,,True
ad28eec1-3d0,u_00586,did_click_lp,"{""lp_name"": ""lp_business_emails""}",2026-02-10 21:39:13+00:00,2026-02-10,lp_business_emails,,,True
9ec9eb62-99f,u_00587,did_click_lp,"{""lp_name"": ""lp_business_emails""}",2026-02-22 01:22:06+00:00,2026-02-22,lp_business_emails,,,True
2d411f38-343,u_00587,did_install_grammarly,{},2026-02-22 01:28:06+00:00,2026-02-22,,,,True
520b4b4c-6bb,u_00588,did_click_lp,"{""lp_name"": ""lp_academic_writing""}",2026-02-18 14:27:36+00:00,2026-02-18,lp_academic_writing,,,True
2b97d998-948,u_00589,did_click_lp,"{""lp_name"": ""lp_academic_writing""}",2026-02-03 09:38:56+00:00,2026-02-03,lp_academic_writing,,,True
deca0fa3-459,u_00590,did_click_lp,"{""lp_name"": ""lp_business_emails""}",2026-02-15 09:52:59+00:00,2026-02-15,lp_business_emails,,,True
3201db2d-51a,u_00591,did_click_lp,"{""lp_name"": ""lp_business_emails""}",2026-02-01 11:44:05+00:00,2026-02-01,lp_business_emails,,,True
f19a2bd3-d95,u_00592,did_click_lp,"{""lp_name"": ""lp_academic_writing""}",2026-02-07 06:18:11+00:00,2026-02-07,lp_academic_writing,,,True
7c92d512-286,u_00592,did_install_grammarly,{},2026-02-07 06:23:11+00:00,2026-02-07,,,,True
0a3438d3-be4,u_00593,did_click_lp,"{""lp_name"": ""lp_business_emails""}",2026-02-22 22:50:21+00:00,2026-02-22,lp_business_emails,,,True
2bfbbd9a-727,u_00594,did_click_lp,"{""lp_name"": ""lp_academic_writing""}",2026-02-12 07:12:05+00:00,2026-02-12,lp_academic_writing,,,True
7390b8e3-282,u_00594,did_install_grammarly,{},2026-02-12 07:13:05+00:00,2026-02-12,,,,True
98d77dfd-99c,u_00595,did_click_lp,"{""lp_name"": ""lp_academic_writing""}",2026-02-05 16:42:38+00:00,2026-02-05,lp_academic_writing,,,True
94ab1d76-2d7,u_00596,did_click_lp,"{""lp_name"": ""lp_academic_writing""}",2026-02-11 01:05:04+00:00,2026-02-11,lp_academic_writing,,,True
20e9e5e4-02e,u_00596,did_install_grammarly,{},2026-02-11 01:10:04+00:00,2026-02-11,,,,True
6255f8f0-9bb,u_00597,did_click_lp,"{""lp_name"": ""lp_business_emails""}",2026-02-11 22:12:57+00:00,2026-02-11,lp_business_emails,,,True
c1e0aa5e-e1b,u_00597,did_install_grammarly,{},2026-02-11 22:18:57+00:00,2026-02-11,,,,True
bab57e59-f9c,u_00598,did_click_lp,"{""lp_name"": ""lp_academic_writing""}",2026-02-08 03:30:15+00:00,2026-02-08,lp_academic_writing,,,True
9f525a1f-058,u_00599,did_click_lp,"{""lp_name"": ""lp_academic_writing""}",2026-02-27 21:56:35+00:00,2026-02-27,lp_academic_writing,,,True
3e5b04a8-92f,u_00599,did_install_grammarly,{},2026-02-27 21:58:35+00:00,2026-02-27,,,,True
307fe885-83a,u_00599,try_grammarly,"{""product_feature"": ""academic_citation_helper""}",2026-02-27 22:50:35+00:00,2026-02-27,,academic_citation_helper,,True
56b93a37-bca,u_00599,try_grammarly,"{""product_feature"": ""academic_citation_helper""}",2026-02-28 17:48:58+00:00,2026-02-28,,academic_citation_helper,,True
852d6dc8-ace,u_00599,try_grammarly,"{""product_feature"": ""academic_citation_helper""}",2026-03-01 21:57:21+00:00,2026-03-01,,academic_citation_helper,,True
42a3b5ca-4ed,u_00600,did_click_lp,"{""lp_name"": ""lp_academic_writing""}",2026-02-19 00:11:12+00:00,2026-02-19,lp_academic_writing,,,True
bed3db97-6a6,u_00601,did_click_lp,"{""lp_name"": ""lp_academic_writing""}",2026-02-13 20:16:55+00:00,2026-02-13,lp_academic_writing,,,True
27cedd10-113,u_00602,did_click_lp,"{""lp_name"": ""lp_academic_writing""}",2026-02-14 15:35:31+00:00,2026-02-14,lp_academic_writing,,,True
3bae9792-1ae,u_00603,did_click_lp,"{""lp_name"": ""lp_academic_writing""}",2026-02-04 03:33:42+00:00,2026-02-04,lp_academic_writing,,,True
afd2e6b0-ee7,u_00603,did_install_grammarly,{},2026-02-04 03:36:42+00:00,2026-02-04,,,,True
d0b1dcff-ea8,u_00603,try_grammarly,"{""product_feature"": ""academic_citation_helper""}",2026-02-04 03:43:42+00:00,2026-02-04,,academic_citation_helper,,True
814dcf0f-44c,u_00603,try_grammarly,"{""product_feature"": ""academic_citation_helper""}",2026-02-05 15:12:06+00:00,2026-02-05,,academic_citation_helper,,True
573691e1-567,u_00603,try_grammarly,"{""product_feature"": ""academic_citation_helper""}",2026-02-06 20:53:24+00:00,2026-02-06,,academic_citation_helper,,True
72f0158b-709,u_00604,did_click_lp,"{""lp_name"": ""lp_business_emails""}",2026-02-25 03:16:53+00:00,2026-02-25,lp_business_emails,,,True
e89dd5ba-0b5,u_00604,did_install_grammarly,{},2026-02-25 03:21:53+00:00,2026-02-25,,,,True
08943257-476,u_00604,try_grammarly,"{""product_feature"": ""smart_email_reply""}",2026-02-25 03:33:53+00:00,2026-02-25,,smart_email_reply,,True
4e32367a-b2e,u_00605,did_click_lp,"{""lp_name"": ""lp_business_emails""}",2026-02-07 05:56:12+00:00,2026-02-07,lp_business_emails,,,True
bafd3aec-d02,u_00605,did_install_grammarly,{},2026-02-07 06:10:12+00:00,2026-02-07,,,,True
bdc06fd7-463,u_00606,did_click_lp,"{""lp_name"": ""lp_academic_writing""}",2026-02-24 00:06:11+00:00,2026-02-24,lp_academic_writing,,,True
d5f34b7f-131,u_00607,did_click_lp,"{""lp_name"": ""lp_business_emails""}",2026-02-11 04:39:05+00:00,2026-02-11,lp_business_emails,,,True
7e301e61-322,u_00608,did_click_lp,"{""lp_name"": ""lp_academic_writing""}",2026-02-25 01:49:56+00:00,2026-02-25,lp_academic_writing,,,True
eb6ed843-fef,u_00609,did_click_lp,"{""lp_name"": ""lp_business_emails""}",2026-02-28 13:35:44+00:00,2026-02-28,lp_business_emails,,,True
6e40c516-ecd,u_00610,did_click_lp,"{""lp_name"": ""lp_academic_writing""}",2026-02-06 02:42:48+00:00,2026-02-06,lp_academic_writing,,,True
9c48e8b9-879,u_00610,did_install_grammarly,{},2026-02-06 02:47:48+00:00,2026-02-06,,,,True
dd631f26-57d,u_00610,try_grammarly,"{""product_feature"": ""academic_citation_helper""}",2026-02-06 03:14:48+00:00,2026-02-06,,academic_citation_helper,,True
14563ff2-b62,u_00610,try_grammarly,"{""product_feature"": ""academic_citation_helper""}",2026-02-07 22:02:57+00:00,2026-02-07,,academic_citation_helper,,True
74879a48-113,u_00611,did_click_lp,"{""lp_name"": ""lp_business_emails""}",2026-02-06 00:20:11+00:00,2026-02-06,lp_business_emails,,,True
43b368d0-217,u_00611,did_install_grammarly,{},2026-02-06 00:30:11+00:00,2026-02-06,,,,True
3f9b9095-208,u_00612,did_click_lp,"{""lp_name"": ""lp_business_emails""}",2026-02-17 01:42:49+00:00,2026-02-17,lp_business_emails,,,True
66abc684-407,u_00613,did_click_lp,"{""lp_name"": ""lp_academic_writing""}",2026-02-09 08:08:39+00:00,2026-02-09,lp_academic_writing,,,True
97aefa30-323,u_00613,did_install_grammarly,{},2026-02-09 08:13:39+00:00,2026-02-09,,,,True
c25ca1c2-4a0,u_00613,try_grammarly,"{""product_feature"": ""academic_citation_helper""}",2026-02-09 08:25:39+00:00,2026-02-09,,academic_citation_helper,,True
73e9ea48-026,u_00613,try_grammarly,"{""product_feature"": ""academic_citation_helper""}",2026-02-10 18:47:09+00:00,2026-02-10,,academic_citation_helper,,True
fa06314d-b96,u_00614,did_click_lp,"{""lp_name"": ""lp_academic_writing""}",2026-02-26 08:26:12+00:00,2026-02-26,lp_academic_writing,,,True
ef861c72-3bc,u_00615,did_click_lp,"{""lp_name"": ""lp_academic_writing""}",2026-02-11 11:51:43+00:00,2026-02-11,lp_academic_writing,,,True
5f3df5a8-d4f,u_00616,did_click_lp,"{""lp_name"": ""lp_academic_writing""}",2026-02-13 16:18:40+00:00,2026-02-13,lp_academic_writing,,,True
b4f1ea59-d89,u_00617,did_click_lp,"{""lp_name"": ""lp_academic_writing""}",2026-02-03 02:11:45+00:00,2026-02-03,lp_academic_writing,,,True
f97945b5-f12,u_00618,did_click_lp,"{""lp_name"": ""lp_business_emails""}",2026-02-16 06:08:25+00:00,2026-02-16,lp_business_emails,,,True
51edcbc7-b3c,u_00619,did_click_lp,"{""lp_name"": ""lp_business_emails""}",2026-02-09 15:05:11+00:00,2026-02-09,lp_business_emails,,,True
efc34009-848,u_00619,did_install_grammarly,{},2026-02-09 15:09:11+00:00,2026-02-09,,,,True
ebd94960-c48,u_00619,try_grammarly,"{""product_feature"": ""smart_email_reply""}",2026-02-09 15:53:11+00:00,2026-02-09,,smart_email_reply,,True
68598429-7e7,u_00620,did_click_lp,"{""lp_name"": ""lp_academic_writing""}",2026-02-25 09:20:05+00:00,2026-02-25,lp_academic_writing,,,True
07832ae4-bc7,u_00621,did_click_lp,"{""lp_name"": ""lp_academic_writing""}",2026-02-19 00:06:38+00:00,2026-02-19,lp_academic_writing,,,True
435ccad9-f07,u_00621,did_install_grammarly,{},2026-02-19 00:12:38+00:00,2026-02-19,,,,True
f94945ef-747,u_00621,try_grammarly,"{""product_feature"": ""academic_citation_helper""}",2026-02-19 01:06:38+00:00,2026-02-19,,academic_citation_helper,,True
1e2f6258-a04,u_00621,try_grammarly,"{""product_feature"": ""academic_citation_helper""}",2026-02-20 18:45:22+00:00,2026-02-20,,academic_citation_helper,,True
a6d44e57-618,u_00622,did_click_lp,"{""lp_name"": ""lp_business_emails""}",2026-02-24 18:32:04+00:00,2026-02-24,lp_business_emails,,,True
15661706-9f6,u_00623,did_click_lp,"{""lp_name"": ""lp_academic_writing""}",2026-02-24 07:15:30+00:00,2026-02-24,lp_academic_writing,,,True
b5667498-65e,u_00623,did_install_grammarly,{},2026-02-24 07:21:30+00:00,2026-02-24,,,,True
efd123f1-9ff,u_00624,did_click_lp,"{""lp_name"": ""lp_business_emails""}",2026-02-13 23:20:29+00:00,2026-02-13,lp_business_emails,,,True
cf61f7c8-5cd,u_00625,did_click_lp,"{""lp_name"": ""lp_business_emails""}",2026-02-21 07:02:30+00:00,2026-02-21,lp_business_emails,,,True
812a8177-99f,u_00626,did_click_lp,"{""lp_name"": ""lp_business_emails""}",2026-02-15 16:29:46+00:00,2026-02-15,lp_business_emails,,,True
db8d28c5-452,u_00627,did_click_lp,"{""lp_name"": ""lp_business_emails""}",2026-02-13 20:54:19+00:00,2026-02-13,lp_business_emails,,,True
25e11d4d-bb7,u_00628,did_click_lp,"{""lp_name"": ""lp_academic_writing""}",2026-02-19 12:13:59+00:00,2026-02-19,lp_academic_writing,,,True
7227b77b-e3c,u_00628,did_install_grammarly,{},2026-02-19 12:22:59+00:00,2026-02-19,,,,True
484a7795-c65,u_00629,did_click_lp,"{""lp_name"": ""lp_academic_writing""}",2026-02-21 02:46:04+00:00,2026-02-21,lp_academic_writing,,,True
d95f1890-fb1,u_00630,did_click_lp,"{""lp_name"": ""lp_academic_writing""}",2026-02-21 02:50:19+00:00,2026-02-21,lp_academic_writing,,,True
bec7f748-4e3,u_00631,did_click_lp,"{""lp_name"": ""lp_business_emails""}",2026-02-10 13:39:37+00:00,2026-02-10,lp_business_emails,,,True
f3d4e141-758,u_00632,did_click_lp,"{""lp_name"": ""lp_business_emails""}",2026-02-21 14:31:11+00:00,2026-02-21,lp_business_emails,,,True
4f818d28-8dc,u_00633,did_click_lp,"{""lp_name"": ""lp_business_emails""}",2026-02-13 00:32:48+00:00,2026-02-13,lp_business_emails,,,True
e70b501f-971,u_00633,did_install_grammarly,{},2026-02-13 00:33:48+00:00,2026-02-13,,,,True
a690b5f0-3bd,u_00634,did_click_lp,"{""lp_name"": ""lp_business_emails""}",2026-02-22 03:18:19+00:00,2026-02-22,lp_business_emails,,,True
22ffe2a7-be8,u_00634,did_install_grammarly,{},2026-02-22 03:27:19+00:00,2026-02-22,,,,True
a65db3e3-b49,u_00635,did_click_lp,"{""lp_name"": ""lp_business_emails""}",2026-02-08 22:07:16+00:00,2026-02-08,lp_business_emails,,,True
2b09d582-927,u_00636,did_click_lp,"{""lp_name"": ""lp_academic_writing""}",2026-02-14 14:20:15+00:00,2026-02-14,lp_academic_writing,,,True
2b855141-543,u_00636,did_click_lp,"{""lp_name"": ""lp_academic_writing""}",2026-02-20 11:22:45+00:00,2026-02-20,lp_academic_writing,,,True
58e0f127-ee9,u_00637,did_click_lp,"{""lp_name"": ""lp_business_emails""}",2026-02-20 21:39:06+00:00,2026-02-20,lp_business_emails,,,True
0759e741-ab9,u_00638,did_click_lp,"{""lp_name"": ""lp_academic_writing""}",2026-02-09 19:58:55+00:00,2026-02-09,lp_academic_writing,,,True
6ee975ec-423,u_00639,did_click_lp,"{""lp_name"": ""lp_business_emails""}",2026-02-22 04:12:56+00:00,2026-02-22,lp_business_emails,,,True
a82101f0-125,u_00639,did_install_grammarly,{},2026-02-22 04:17:56+00:00,2026-02-22,,,,True
4fe04e99-cce,u_00639,try_grammarly,"{""product_feature"": ""smart_email_reply""}",2026-02-22 04:35:56+00:00,2026-02-22,,smart_email_reply,,True
bb6573bd-4fb,u_00640,did_click_lp,"{""lp_name"": ""lp_business_emails""}",2026-02-21 20:20:32+00:00,2026-02-21,lp_business_emails,,,True
cb689a50-c64,u_00641,did_click_lp,"{""lp_name"": ""lp_business_emails""}",2026-02-16 20:10:55+00:00,2026-02-16,lp_business_emails,,,True
1cbebb57-615,u_00642,did_click_lp,"{""lp_name"": ""lp_academic_writing""}",2026-02-22 23:36:09+00:00,2026-02-22,lp_academic_writing,,,True
b5d507b3-b8e,u_00642,did_click_lp,"{""lp_name"": ""lp_business_emails""}",2026-02-28 04:15:55+00:00,2026-02-28,lp_business_emails,,,True
6730c706-701,u_00643,did_click_lp,"{""lp_name"": ""lp_academic_writing""}",2026-02-24 13:41:52+00:00,2026-02-24,lp_academic_writing,,,True
ddf8e172-0b9,u_00644,did_click_lp,"{""lp_name"": ""lp_business_emails""}",2026-02-18 23:25:56+00:00,2026-02-18,lp_business_emails,,,True
4d39784d-ed6,u_00645,did_click_lp,"{""lp_name"": ""lp_business_emails""}",2026-02-18 02:15:23+00:00,2026-02-18,lp_business_emails,,,True
58b09bd8-e69,u_00646,did_click_lp,"{""lp_name"": ""lp_academic_writing""}",2026-02-13 03:44:10+00:00,2026-02-13,lp_academic_writing,,,True
d05a019d-4b2,u_00646,did_install_grammarly,{},2026-02-13 03:49:10+00:00,2026-02-13,,,,True
ec654cf2-9a7,u_00646,try_grammarly,"{""product_feature"": ""academic_citation_helper""}",2026-02-13 04:34:10+00:00,2026-02-13,,academic_citation_helper,,True
e24d1a47-3d1,u_00646,try_grammarly,"{""product_feature"": ""academic_citation_helper""}",2026-02-14 23:21:16+00:00,2026-02-14,,academic_citation_helper,,True
8d3eb9fc-d9b,u_00646,try_grammarly,"{""product_feature"": ""academic_citation_helper""}",2026-02-15 17:35:59+00:00,2026-02-15,,academic_citation_helper,,True
2b1df0c7-84d,u_00647,did_click_lp,"{""lp_name"": ""lp_business_emails""}",2026-02-27 00:49:06+00:00,2026-02-27,lp_business_emails,,,True
61bbae0d-cf1,u_00647,did_install_grammarly,{},2026-02-27 00:57:06+00:00,2026-02-27,,,,True
c736b71c-dd0,u_00647,try_grammarly,"{""product_feature"": ""smart_email_reply""}",2026-02-27 01:17:06+00:00,2026-02-27,,smart_email_reply,,True
d9132ee1-61f,u_00648,did_click_lp,"{""lp_name"": ""lp_business_emails""}",2026-02-27 16:11:10+00:00,2026-02-27,lp_business_emails,,,True
e283eca5-329,u_00649,did_click_lp,"{""lp_name"": ""lp_business_emails""}",2026-02-28 14:13:39+00:00,2026-02-28,lp_business_emails,,,True
7d100726-a34,u_00650,did_click_lp,"{""lp_name"": ""lp_academic_writing""}",2026-02-22 18:50:02+00:00,2026-02-22,lp_academic_writing,,,True
d547ce05-fea,u_00650,did_install_grammarly,{},2026-02-22 18:59:02+00:00,2026-02-22,,,,True
26dfda21-2d5,u_00651,did_click_lp,"{""lp_name"": ""lp_academic_writing""}",2026-02-25 17:09:39+00:00,2026-02-25,lp_academic_writing,,,True
18dd9c27-674,u_00651,did_install_grammarly,{},2026-02-25 17:16:39+00:00,2026-02-25,,,,True
363ebc5e-343,u_00652,did_click_lp,"{""lp_name"": ""lp_business_emails""}",2026-02-14 13:50:47+00:00,2026-02-14,lp_business_emails,,,True
7fceda5a-e37,u_00652,did_install_grammarly,{},2026-02-14 14:02:47+00:00,2026-02-14,,,,True
7808285c-54a,u_00652,try_grammarly,"{""product_feature"": ""smart_email_reply""}",2026-02-14 14:52:47+00:00,2026-02-14,,smart_email_reply,,True
18485e6d-f23,u_00652,try_grammarly,"{""product_feature"": ""smart_email_reply""}",2026-02-15 01:12:55+00:00,2026-02-15,,smart_email_reply,,True
4d9d7b10-727,u_00653,did_click_lp,"{""lp_name"": ""lp_business_emails""}",2026-02-18 14:17:19+00:00,2026-02-18,lp_business_emails,,,True
5c190c41-e6c,u_00654,did_click_lp,"{""lp_name"": ""lp_business_emails""}",2026-02-06 11:42:03+00:00,2026-02-06,lp_business_emails,,,True
2539847b-8b1,u_00654,did_install_grammarly,{},2026-02-06 11:46:03+00:00,2026-02-06,,,,True
118fe0ee-a0b,u_00654,try_grammarly,"{""product_feature"": ""smart_email_reply""}",2026-02-06 12:05:03+00:00,2026-02-06,,smart_email_reply,,True
3f6ae13e-a04,u_00655,did_click_lp,"{""lp_name"": ""lp_academic_writing""}",2026-02-05 23:42:54+00:00,2026-02-05,lp_academic_writing,,,True
ecb23908-486,u_00656,did_click_lp,"{""lp_name"": ""lp_business_emails""}",2026-02-09 09:59:34+00:00,2026-02-09,lp_business_emails,,,True
70d47380-bee,u_00657,did_click_lp,"{""lp_name"": ""lp_academic_writing""}",2026-02-17 01:58:42+00:00,2026-02-17,lp_academic_writing,,,True
71eb68d9-7cd,u_00657,did_install_grammarly,{},2026-02-17 02:01:42+00:00,2026-02-17,,,,True
3e200d08-a50,u_00658,did_click_lp,"{""lp_name"": ""lp_academic_writing""}",2026-02-05 11:47:27+00:00,2026-02-05,lp_academic_writing,,,True
6a3389dd-f67,u_00658,did_install_grammarly,{},2026-02-05 11:51:27+00:00,2026-02-05,,,,True
962a7708-2e2,u_00658,try_grammarly,"{""product_feature"": ""academic_citation_helper""}",2026-02-05 12:14:27+00:00,2026-02-05,,academic_citation_helper,,True
197370c8-84c,u_00658,try_grammarly,"{""product_feature"": ""academic_citation_helper""}",2026-02-06 12:26:47+00:00,2026-02-06,,academic_citation_helper,,True
b204c356-fe1,u_00658,try_grammarly,"{""product_feature"": ""academic_citation_helper""}",2026-02-07 01:10:42+00:00,2026-02-07,,academic_citation_helper,,True
fee1f780-e7e,u_00658,try_grammarly,"{""product_feature"": ""academic_citation_helper""}",2026-02-09 21:17:07+00:00,2026-02-09,,academic_citation_helper,,True
8e057203-3ee,u_00659,did_click_lp,"{""lp_name"": ""lp_business_emails""}",2026-02-11 09:53:34+00:00,2026-02-11,lp_business_emails,,,True
1850f750-b9c,u_00659,did_click_lp,"{""lp_name"": ""lp_business_emails""}",2026-02-22 13:31:25+00:00,2026-02-22,lp_business_emails,,,True
24d1a653-5a0,u_00660,did_click_lp,"{""lp_name"": ""lp_business_emails""}",2026-02-09 17:23:28+00:00,2026-02-09,lp_business_emails,,,True
13781768-de6,u_00661,did_click_lp,"{""lp_name"": ""lp_academic_writing""}",2026-02-04 12:59:36+00:00,2026-02-04,lp_academic_writing,,,True
265c3689-7cb,u_00661,did_install_grammarly,{},2026-02-04 13:06:36+00:00,2026-02-04,,,,True
f3d09131-1b2,u_00662,did_click_lp,"{""lp_name"": ""lp_business_emails""}",2026-02-12 14:54:40+00:00,2026-02-12,lp_business_emails,,,True
028ac200-764,u_00663,did_click_lp,"{""lp_name"": ""lp_academic_writing""}",2026-02-25 15:44:08+00:00,2026-02-25,lp_academic_writing,,,True
5ff275a6-a80,u_00663,did_install_grammarly,{},2026-02-25 15:49:08+00:00,2026-02-25,,,,True
f8453b47-621,u_00663,try_grammarly,"{""product_feature"": ""academic_citation_helper""}",2026-02-25 16:20:08+00:00,2026-02-25,,academic_citation_helper,,True
1626d00e-dd2,u_00663,try_grammarly,"{""product_feature"": ""academic_citation_helper""}",2026-02-26 05:39:44+00:00,2026-02-26,,academic_citation_helper,,True
d764f05e-cce,u_00663,try_grammarly,"{""product_feature"": ""academic_citation_helper""}",2026-02-27 05:45:31+00:00,2026-02-27,,academic_citation_helper,,True
16e8bee8-16e,u_00664,did_click_lp,"{""lp_name"": ""lp_business_emails""}",2026-02-24 21:11:23+00:00,2026-02-24,lp_business_emails,,,True
96f8ccaf-f0c,u_00665,did_click_lp,"{""lp_name"": ""lp_business_emails""}",2026-02-05 21:21:50+00:00,2026-02-05,lp_business_emails,,,True
5e5fcf12-f66,u_00666,did_click_lp,"{""lp_name"": ""lp_business_emails""}",2026-02-03 06:00:20+00:00,2026-02-03,lp_business_emails,,,True
52927d27-15a,u_00666,did_install_grammarly,{},2026-02-03 06:01:20+00:00,2026-02-03,,,,True
212ceef7-1f3,u_00667,did_click_lp,"{""lp_name"": ""lp_business_emails""}",2026-02-23 01:48:49+00:00,2026-02-23,lp_business_emails,,,True
f812942d-0be,u_00667,did_install_grammarly,{},2026-02-23 01:52:49+00:00,2026-02-23,,,,True
3940271a-494,u_00667,try_grammarly,"{""product_feature"": ""smart_email_reply""}",2026-02-23 02:43:49+00:00,2026-02-23,,smart_email_reply,,True
525127fa-51a,u_00668,did_click_lp,"{""lp_name"": ""lp_academic_writing""}",2026-02-27 21:51:19+00:00,2026-02-27,lp_academic_writing,,,True
51433446-1f1,u_00668,did_install_grammarly,{},2026-02-27 21:57:19+00:00,2026-02-27,,,,True
b6f7e922-16b,u_00668,try_grammarly,"{""product_feature"": ""academic_citation_helper""}",2026-02-27 22:39:19+00:00,2026-02-27,,academic_citation_helper,,True
f1bf0db5-2ce,u_00668,try_grammarly,"{""product_feature"": ""academic_citation_helper""}",2026-02-28 04:00:08+00:00,2026-02-28,,academic_citation_helper,,True
3b037f1b-23d,u_00668,try_grammarly,"{""product_feature"": ""academic_citation_helper""}",2026-03-01 11:49:31+00:00,2026-03-01,,academic_citation_helper,,True
62a7efc0-e98,u_00669,did_click_lp,"{""lp_name"": ""lp_academic_writing""}",2026-02-21 21:04:23+00:00,2026-02-21,lp_academic_writing,,,True
072bf7ee-a53,u_00669,did_click_lp,"{""lp_name"": ""lp_academic_writing""}",2026-02-25 03:50:07+00:00,2026-02-25,lp_academic_writing,,,True
139a589a-ef6,u_00670,did_click_lp,"{""lp_name"": ""lp_business_emails""}",2026-02-15 10:48:56+00:00,2026-02-15,lp_business_emails,,,True
91b1c269-f33,u_00671,did_click_lp,"{""lp_name"": ""lp_business_emails""}",2026-02-24 13:16:44+00:00,2026-02-24,lp_business_emails,,,True
c2729502-f1a,u_00672,did_click_lp,"{""lp_name"": ""lp_business_emails""}",2026-02-17 05:57:06+00:00,2026-02-17,lp_business_emails,,,True
5b4a61cf-c16,u_00673,did_click_lp,"{""lp_name"": ""lp_business_emails""}",2026-02-05 11:19:28+00:00,2026-02-05,lp_business_emails,,,True
4d5cfefa-e5f,u_00674,did_click_lp,"{""lp_name"": ""lp_academic_writing""}",2026-02-01 18:33:07+00:00,2026-02-01,lp_academic_writing,,,True
279eda97-816,u_00675,did_click_lp,"{""lp_name"": ""lp_business_emails""}",2026-02-20 01:56:27+00:00,2026-02-20,lp_business_emails,,,True
3c941bca-bbe,u_00675,did_install_grammarly,{},2026-02-20 02:01:27+00:00,2026-02-20,,,,True
0eed023b-139,u_00675,try_grammarly,"{""product_feature"": ""smart_email_reply""}",2026-02-20 02:13:27+00:00,2026-02-20,,smart_email_reply,,True
6ab0f62b-a88,u_00676,did_click_lp,"{""lp_name"": ""lp_business_emails""}",2026-02-22 19:28:15+00:00,2026-02-22,lp_business_emails,,,True
0d51b2fe-62f,u_00677,did_click_lp,"{""lp_name"": ""lp_business_emails""}",2026-02-24 07:57:35+00:00,2026-02-24,lp_business_emails,,,True
62590eb7-e1d,u_00677,did_install_grammarly,{},2026-02-24 08:03:35+00:00,2026-02-24,,,,True
1ed0098e-697,u_00678,did_click_lp,"{""lp_name"": ""lp_academic_writing""}",2026-02-04 21:14:00+00:00,2026-02-04,lp_academic_writing,,,True
8a153446-b10,u_00678,did_install_grammarly,{},2026-02-04 21:19:00+00:00,2026-02-04,,,,True
8db9260f-109,u_00678,try_grammarly,"{""product_feature"": ""academic_citation_helper""}",2026-02-04 21:47:00+00:00,2026-02-04,,academic_citation_helper,,True
88e332b5-692,u_00678,try_grammarly,"{""product_feature"": ""academic_citation_helper""}",2026-02-05 01:57:10+00:00,2026-02-05,,academic_citation_helper,,True
225bbc60-598,u_00678,try_grammarly,"{""product_feature"": ""academic_citation_helper""}",2026-02-06 22:47:46+00:00,2026-02-06,,academic_citation_helper,,True
ed2e7b13-4a1,u_00679,did_click_lp,"{""lp_name"": ""lp_academic_writing""}",2026-02-05 19:43:26+00:00,2026-02-05,lp_academic_writing,,,True
cd2ea4d2-0e0,u_00680,did_click_lp,"{""lp_name"": ""lp_business_emails""}",2026-02-17 10:20:01+00:00,2026-02-17,lp_business_emails,,,True
0c0b91c4-7c2,u_00681,did_click_lp,"{""lp_name"": ""lp_academic_writing""}",2026-02-14 04:00:58+00:00,2026-02-14,lp_academic_writing,,,True
8b65b840-cff,u_00681,did_install_grammarly,{},2026-02-14 04:04:58+00:00,2026-02-14,,,,True
578fc7a8-070,u_00681,try_grammarly,"{""product_feature"": ""academic_citation_helper""}",2026-02-14 04:18:58+00:00,2026-02-14,,academic_citation_helper,,True
a74eb614-f35,u_00681,try_grammarly,"{""product_feature"": ""academic_citation_helper""}",2026-02-15 09:14:58+00:00,2026-02-15,,academic_citation_helper,,True
12655c44-5fd,u_00682,did_click_lp,"{""lp_name"": ""lp_business_emails""}",2026-02-25 22:01:58+00:00,2026-02-25,lp_business_emails,,,True
2e7bd627-a1d,u_00682,did_install_grammarly,{},2026-02-25 22:16:58+00:00,2026-02-25,,,,True
b6a30d0d-91d,u_00683,did_click_lp,"{""lp_name"": ""lp_academic_writing""}",2026-02-21 11:30:33+00:00,2026-02-21,lp_academic_writing,,,True
ec81a62d-9db,u_00684,did_click_lp,"{""lp_name"": ""lp_business_emails""}",2026-02-12 02:14:17+00:00,2026-02-12,lp_business_emails,,,True
b0a60e1e-403,u_00684,did_install_grammarly,{},2026-02-12 02:21:17+00:00,2026-02-12,,,,True
64145ddd-276,u_00684,try_grammarly,"{""product_feature"": ""smart_email_reply""}",2026-02-12 03:11:17+00:00,2026-02-12,,smart_email_reply,,True
0d9ec1e0-0d1,u_00685,did_click_lp,"{""lp_name"": ""lp_academic_writing""}",2026-02-22 20:41:05+00:00,2026-02-22,lp_academic_writing,,,True
dc10845f-236,u_00686,did_click_lp,"{""lp_name"": ""lp_academic_writing""}",2026-02-19 22:59:32+00:00,2026-02-19,lp_academic_writing,,,True
bfe00a7d-fb7,u_00687,did_click_lp,"{""lp_name"": ""lp_academic_writing""}",2026-02-05 15:55:20+00:00,2026-02-05,lp_academic_writing,,,True
ac1eea30-d01,u_00687,did_install_grammarly,{},2026-02-05 16:02:20+00:00,2026-02-05,,,,True
34b4e08a-bc1,u_00687,try_grammarly,"{""product_feature"": ""academic_citation_helper""}",2026-02-05 16:53:20+00:00,2026-02-05,,academic_citation_helper,,True
f6a0d8af-118,u_00687,try_grammarly,"{""product_feature"": ""academic_citation_helper""}",2026-02-06 14:53:54+00:00,2026-02-06,,academic_citation_helper,,True
727bcd53-175,u_00687,try_grammarly,"{""product_feature"": ""academic_citation_helper""}",2026-02-07 14:40:37+00:00,2026-02-07,,academic_citation_helper,,True
09ccc6a8-d2e,u_00687,try_grammarly,"{""product_feature"": ""academic_citation_helper""}",2026-02-08 23:12:26+00:00,2026-02-08,,academic_citation_helper,,True
52943dbd-16b,u_00688,did_click_lp,"{""lp_name"": ""lp_business_emails""}",2026-02-20 18:36:22+00:00,2026-02-20,lp_business_emails,,,True
f5887a31-b4a,u_00688,did_install_grammarly,{},2026-02-20 18:44:22+00:00,2026-02-20,,,,True
5d77529b-0ad,u_00689,did_click_lp,"{""lp_name"": ""lp_academic_writing""}",2026-02-23 21:34:39+00:00,2026-02-23,lp_academic_writing,,,True
b907c192-e8e,u_00689,did_install_grammarly,{},2026-02-23 21:43:39+00:00,2026-02-23,,,,True
64cd7b31-e96,u_00690,did_click_lp,"{""lp_name"": ""lp_academic_writing""}",2026-02-20 08:33:38+00:00,2026-02-20,lp_academic_writing,,,True
0143de0a-81d,u_00691,did_click_lp,"{""lp_name"": ""lp_academic_writing""}",2026-02-19 15:49:15+00:00,2026-02-19,lp_academic_writing,,,True
7ccf4555-340,u_00692,did_click_lp,"{""lp_name"": ""lp_academic_writing""}",2026-02-01 07:01:39+00:00,2026-02-01,lp_academic_writing,,,True
9739f4aa-b9b,u_00693,did_click_lp,"{""lp_name"": ""lp_academic_writing""}",2026-02-07 08:31:28+00:00,2026-02-07,lp_academic_writing,,,True
2d2560b7-3f4,u_00694,did_click_lp,"{""lp_name"": ""lp_business_emails""}",2026-02-12 20:29:30+00:00,2026-02-12,lp_business_emails,,,True
aa3ca212-df9,u_00695,did_click_lp,"{""lp_name"": ""lp_business_emails""}",2026-02-11 16:04:17+00:00,2026-02-11,lp_business_emails,,,True
991fe4bf-6a3,u_00696,did_click_lp,"{""lp_name"": ""lp_business_emails""}",2026-02-15 19:18:25+00:00,2026-02-15,lp_business_emails,,,True
31cb3e22-933,u_00696,did_install_grammarly,{},2026-02-15 19:30:25+00:00,2026-02-15,,,,True
d6b5d624-082,u_00697,did_click_lp,"{""lp_name"": ""lp_business_emails""}",2026-02-05 11:36:30+00:00,2026-02-05,lp_business_emails,,,True
8c044b56-90b,u_00697,did_install_grammarly,{},2026-02-05 11:44:30+00:00,2026-02-05,,,,True
a05b3b4d-85a,u_00697,try_grammarly,"{""product_feature"": ""smart_email_reply""}",2026-02-05 12:02:30+00:00,2026-02-05,,smart_email_reply,,True
5ce7d274-c57,u_00698,did_click_lp,"{""lp_name"": ""lp_academic_writing""}",2026-02-07 18:00:33+00:00,2026-02-07,lp_academic_writing,,,True
02b7e925-3e4,u_00699,did_click_lp,"{""lp_name"": ""lp_business_emails""}",2026-02-07 15:42:24+00:00,2026-02-07,lp_business_emails,,,True
0679aa7e-f38,u_00700,did_click_lp,"{""lp_name"": ""lp_academic_writing""}",2026-02-10 22:21:57+00:00,2026-02-10,lp_academic_writing,,,True
4d3fbcdf-4ed,u_00701,did_click_lp,"{""lp_name"": ""lp_business_emails""}",2026-02-08 07:26:42+00:00,2026-02-08,lp_business_emails,,,True
094fbb91-64b,u_00702,did_click_lp,"{""lp_name"": ""lp_academic_writing""}",2026-02-01 03:01:29+00:00,2026-02-01,lp_academic_writing,,,True
99c52f3e-ee6,u_00702,did_click_lp,"{""lp_name"": ""lp_academic_writing""}",2026-02-05 12:06:22+00:00,2026-02-05,lp_academic_writing,,,True
0fe16d6a-e93,u_00703,did_click_lp,"{""lp_name"": ""lp_academic_writing""}",2026-02-01 10:29:45+00:00,2026-02-01,lp_academic_writing,,,True
1f300e43-9ac,u_00704,did_click_lp,"{""lp_name"": ""lp_academic_writing""}",2026-02-14 22:27:35+00:00,2026-02-14,lp_academic_writing,,,True
21917512-2f4,u_00704,did_install_grammarly,{},2026-02-14 22:35:35+00:00,2026-02-14,,,,True
cef9704b-74c,u_00704,try_grammarly,"{""product_feature"": ""academic_citation_helper""}",2026-02-14 23:19:35+00:00,2026-02-14,,academic_citation_helper,,True
3e06d7a9-e15,u_00705,did_click_lp,"{""lp_name"": ""lp_academic_writing""}",2026-02-15 19:51:16+00:00,2026-02-15,lp_academic_writing,,,True
95ed5820-e41,u_00705,did_install_grammarly,{},2026-02-15 19:54:16+00:00,2026-02-15,,,,True
38f19dad-b06,u_00705,try_grammarly,"{""product_feature"": ""academic_citation_helper""}",2026-02-15 20:04:16+00:00,2026-02-15,,academic_citation_helper,,True
b5bc1183-442,u_00705,try_grammarly,"{""product_feature"": ""academic_citation_helper""}",2026-02-16 19:16:55+00:00,2026-02-16,,academic_citation_helper,,True
ec616eeb-956,u_00706,did_click_lp,"{""lp_name"": ""lp_academic_writing""}",2026-02-13 22:19:00+00:00,2026-02-13,lp_academic_writing,,,True
1c7ac7f5-c02,u_00707,did_click_lp,"{""lp_name"": ""lp_business_emails""}",2026-02-05 23:17:05+00:00,2026-02-05,lp_business_emails,,,True
68296e45-72c,u_00707,did_install_grammarly,{},2026-02-05 23:18:05+00:00,2026-02-05,,,,True
a527d237-b2e,u_00707,try_grammarly,"{""product_feature"": ""smart_email_reply""}",2026-02-05 23:33:05+00:00,2026-02-05,,smart_email_reply,,True
b0c690ee-d12,u_00708,did_click_lp,"{""lp_name"": ""lp_academic_writing""}",2026-02-13 21:13:45+00:00,2026-02-13,lp_academic_writing,,,True
8982bea0-285,u_00708,did_install_grammarly,{},2026-02-13 21:20:45+00:00,2026-02-13,,,,True
536884ed-deb,u_00709,did_click_lp,"{""lp_name"": ""lp_academic_writing""}",2026-02-16 12:59:26+00:00,2026-02-16,lp_academic_writing,,,True
22c83f9a-356,u_00710,did_click_lp,"{""lp_name"": ""lp_academic_writing""}",2026-02-02 22:58:50+00:00,2026-02-02,lp_academic_writing,,,True
82a1aedd-487,u_00711,did_click_lp,"{""lp_name"": ""lp_academic_writing""}",2026-02-14 17:43:55+00:00,2026-02-14,lp_academic_writing,,,True
30c4e846-765,u_00712,did_click_lp,"{""lp_name"": ""lp_business_emails""}",2026-02-06 20:38:48+00:00,2026-02-06,lp_business_emails,,,True
8d4cdd39-e97,u_00712,did_install_grammarly,{},2026-02-06 20:45:48+00:00,2026-02-06,,,,True
d7675ab9-a09,u_00712,try_grammarly,"{""product_feature"": ""smart_email_reply""}",2026-02-06 21:06:48+00:00,2026-02-06,,smart_email_reply,,True
b79887de-58b,u_00713,did_click_lp,"{""lp_name"": ""lp_business_emails""}",2026-02-17 05:58:11+00:00,2026-02-17,lp_business_emails,,,True
95b5b8b4-2d2,u_00713,did_install_grammarly,{},2026-02-17 06:12:11+00:00,2026-02-17,,,,True
3d794848-d82,u_00713,try_grammarly,"{""product_feature"": ""smart_email_reply""}",2026-02-17 06:20:11+00:00,2026-02-17,,smart_email_reply,,True
38731d72-b97,u_00714,did_click_lp,"{""lp_name"": ""lp_academic_writing""}",2026-02-15 02:38:38+00:00,2026-02-15,lp_academic_writing,,,True
b805fdc2-041,u_00714,did_install_grammarly,{},2026-02-15 02:47:38+00:00,2026-02-15,,,,True
26bfc480-fba,u_00714,try_grammarly,"{""product_feature"": ""academic_citation_helper""}",2026-02-15 03:32:38+00:00,2026-02-15,,academic_citation_helper,,True
61c3ce56-c96,u_00714,try_grammarly,"{""product_feature"": ""academic_citation_helper""}",2026-02-16 06:03:11+00:00,2026-02-16,,academic_citation_helper,,True
b834757e-c7c,u_00714,try_grammarly,"{""product_feature"": ""academic_citation_helper""}",2026-02-17 20:22:02+00:00,2026-02-17,,academic_citation_helper,,True
c0095476-a0f,u_00714,try_grammarly,"{""product_feature"": ""academic_citation_helper""}",2026-02-18 21:36:53+00:00,2026-02-18,,academic_citation_helper,,True
d82317a6-841,u_00715,did_click_lp,"{""lp_name"": ""lp_academic_writing""}",2026-02-28 10:03:01+00:00,2026-02-28,lp_academic_writing,,,True
1b8150b2-340,u_00715,did_install_grammarly,{},2026-02-28 10:06:01+00:00,2026-02-28,,,,True
12aa33c1-c08,u_00716,did_click_lp,"{""lp_name"": ""lp_academic_writing""}",2026-02-24 07:46:04+00:00,2026-02-24,lp_academic_writing,,,True
a855ae6d-bfa,u_00716,did_install_grammarly,{},2026-02-24 07:55:04+00:00,2026-02-24,,,,True
cd6b3d30-f6d,u_00716,try_grammarly,"{""product_feature"": ""academic_citation_helper""}",2026-02-24 08:29:04+00:00,2026-02-24,,academic_citation_helper,,True
d4964d1c-417,u_00716,try_grammarly,"{""product_feature"": ""academic_citation_helper""}",2026-02-25 16:43:49+00:00,2026-02-25,,academic_citation_helper,,True
85dfd9ca-de1,u_00716,try_grammarly,"{""product_feature"": ""academic_citation_helper""}",2026-02-26 22:20:57+00:00,2026-02-26,,academic_citation_helper,,True
e506ef2f-dac,u_00717,did_click_lp,"{""lp_name"": ""lp_academic_writing""}",2026-02-19 09:03:48+00:00,2026-02-19,lp_academic_writing,,,True
0fd06fc6-d7b,u_00718,did_click_lp,"{""lp_name"": ""lp_business_emails""}",2026-02-21 10:11:56+00:00,2026-02-21,lp_business_emails,,,True
1c223646-624,u_00719,did_click_lp,"{""lp_name"": ""lp_business_emails""}",2026-02-03 04:00:21+00:00,2026-02-03,lp_business_emails,,,True
96feee1d-3a0,u_00720,did_click_lp,"{""lp_name"": ""lp_academic_writing""}",2026-02-24 21:07:22+00:00,2026-02-24,lp_academic_writing,,,True
3c6c43e6-6e0,u_00721,did_click_lp,"{""lp_name"": ""lp_business_emails""}",2026-02-24 23:43:43+00:00,2026-02-24,lp_business_emails,,,True
d16cf159-f41,u_00722,did_click_lp,"{""lp_name"": ""lp_business_emails""}",2026-02-18 03:16:10+00:00,2026-02-18,lp_business_emails,,,True
69d48333-aea,u_00723,did_click_lp,"{""lp_name"": ""lp_academic_writing""}",2026-02-18 19:53:04+00:00,2026-02-18,lp_academic_writing,,,True
2b910b5c-210,u_00724,did_click_lp,"{""lp_name"": ""lp_academic_writing""}",2026-02-13 08:34:46+00:00,2026-02-13,lp_academic_writing,,,True
d7d8031c-849,u_00724,did_install_grammarly,{},2026-02-13 08:43:46+00:00,2026-02-13,,,,True
1ac868a0-017,u_00725,did_click_lp,"{""lp_name"": ""lp_business_emails""}",2026-02-01 23:38:56+00:00,2026-02-01,lp_business_emails,,,True
61b3423a-8a4,u_00726,did_click_lp,"{""lp_name"": ""lp_business_emails""}",2026-02-27 03:51:20+00:00,2026-02-27,lp_business_emails,,,True
b2f8ce1a-37f,u_00727,did_click_lp,"{""lp_name"": ""lp_academic_writing""}",2026-02-03 20:59:56+00:00,2026-02-03,lp_academic_writing,,,True
99dde2ab-23a,u_00727,did_install_grammarly,{},2026-02-03 21:03:56+00:00,2026-02-03,,,,True
f0c51cab-aff,u_00727,try_grammarly,"{""product_feature"": ""academic_citation_helper""}",2026-02-03 21:26:56+00:00,2026-02-03,,academic_citation_helper,,True
8af0a45e-f09,u_00727,try_grammarly,"{""product_feature"": ""academic_citation_helper""}",2026-02-04 04:08:33+00:00,2026-02-04,,academic_citation_helper,,True
ae24d048-ecf,u_00728,did_click_lp,"{""lp_name"": ""lp_academic_writing""}",2026-02-12 07:46:18+00:00,2026-02-12,lp_academic_writing,,,True
460fbae4-b09,u_00728,did_install_grammarly,{},2026-02-12 07:47:18+00:00,2026-02-12,,,,True
16436c04-a8f,u_00728,try_grammarly,"{""product_feature"": ""academic_citation_helper""}",2026-02-12 07:57:18+00:00,2026-02-12,,academic_citation_helper,,True
54e53baf-860,u_00728,try_grammarly,"{""product_feature"": ""academic_citation_helper""}",2026-02-13 19:42:57+00:00,2026-02-13,,academic_citation_helper,,True
7b475c9b-f42,u_00729,did_click_lp,"{""lp_name"": ""lp_academic_writing""}",2026-02-14 09:10:02+00:00,2026-02-14,lp_academic_writing,,,True
28e85255-62e,u_00730,did_click_lp,"{""lp_name"": ""lp_academic_writing""}",2026-02-15 00:11:29+00:00,2026-02-15,lp_academic_writing,,,True
580d8e95-240,u_00731,did_click_lp,"{""lp_name"": ""lp_academic_writing""}",2026-02-23 11:56:51+00:00,2026-02-23,lp_academic_writing,,,True
7e371f10-3e9,u_00732,did_click_lp,"{""lp_name"": ""lp_business_emails""}",2026-02-10 11:31:53+00:00,2026-02-10,lp_business_emails,,,True
47bbed7b-740,u_00733,did_click_lp,"{""lp_name"": ""lp_academic_writing""}",2026-02-01 12:50:45+00:00,2026-02-01,lp_academic_writing,,,True
94c68b49-796,u_00733,did_install_grammarly,{},2026-02-01 12:59:45+00:00,2026-02-01,,,,True
f413a23b-e29,u_00734,did_click_lp,"{""lp_name"": ""lp_business_emails""}",2026-02-03 13:04:07+00:00,2026-02-03,lp_business_emails,,,True
7c764b08-1d7,u_00734,did_click_lp,"{""lp_name"": ""lp_academic_writing""}",2026-02-18 15:22:51+00:00,2026-02-18,lp_academic_writing,,,True
ca8d0e18-2cb,u_00735,did_click_lp,"{""lp_name"": ""lp_business_emails""}",2026-02-03 22:27:21+00:00,2026-02-03,lp_business_emails,,,True
6a4ac9ae-ca6,u_00735,did_install_grammarly,{},2026-02-03 22:42:21+00:00,2026-02-03,,,,True
5eedce25-a8d,u_00736,did_click_lp,"{""lp_name"": ""lp_academic_writing""}",2026-02-15 08:12:00+00:00,2026-02-15,lp_academic_writing,,,True
a3d0f780-1a0,u_00737,did_click_lp,"{""lp_name"": ""lp_academic_writing""}",2026-02-24 20:31:31+00:00,2026-02-24,lp_academic_writing,,,True
362f92b9-95d,u_00738,did_click_lp,"{""lp_name"": ""lp_business_emails""}",2026-02-11 22:14:58+00:00,2026-02-11,lp_business_emails,,,True
a352afd3-cb4,u_00739,did_click_lp,"{""lp_name"": ""lp_academic_writing""}",2026-02-14 11:03:44+00:00,2026-02-14,lp_academic_writing,,,True
b9cf3934-38c,u_00739,did_install_grammarly,{},2026-02-14 11:13:44+00:00,2026-02-14,,,,True
18deb6e9-4a0,u_00739,try_grammarly,"{""product_feature"": ""academic_citation_helper""}",2026-02-14 11:56:44+00:00,2026-02-14,,academic_citation_helper,,True
b0a60645-544,u_00740,did_click_lp,"{""lp_name"": ""lp_academic_writing""}",2026-02-19 22:32:02+00:00,2026-02-19,lp_academic_writing,,,True
bbc1bc6d-474,u_00740,did_install_grammarly,{},2026-02-19 22:34:02+00:00,2026-02-19,,,,True
be8eb6e7-6f2,u_00740,try_grammarly,"{""product_feature"": ""academic_citation_helper""}",2026-02-19 23:22:02+00:00,2026-02-19,,academic_citation_helper,,True
8caeb2da-674,u_00741,did_click_lp,"{""lp_name"": ""lp_academic_writing""}",2026-02-08 08:07:18+00:00,2026-02-08,lp_academic_writing,,,True
32c435c9-583,u_00741,did_install_grammarly,{},2026-02-08 08:09:18+00:00,2026-02-08,,,,True
c6842d06-349,u_00741,try_grammarly,"{""product_feature"": ""academic_citation_helper""}",2026-02-08 08:51:18+00:00,2026-02-08,,academic_citation_helper,,True
79e61e02-6ab,u_00742,did_click_lp,"{""lp_name"": ""lp_business_emails""}",2026-02-08 06:49:22+00:00,2026-02-08,lp_business_emails,,,True
50abab7d-ce2,u_00742,did_install_grammarly,{},2026-02-08 07:04:22+00:00,2026-02-08,,,,True
0463fb5d-fe4,u_00743,did_click_lp,"{""lp_name"": ""lp_business_emails""}",2026-02-24 14:54:57+00:00,2026-02-24,lp_business_emails,,,True
6748411e-4d4,u_00743,did_install_grammarly,{},2026-02-24 15:08:57+00:00,2026-02-24,,,,True
86b2ee68-33b,u_00744,did_click_lp,"{""lp_name"": ""lp_business_emails""}",2026-02-26 04:51:49+00:00,2026-02-26,lp_business_emails,,,True
c72caa3f-004,u_00745,did_click_lp,"{""lp_name"": ""lp_business_emails""}",2026-02-26 04:15:58+00:00,2026-02-26,lp_business_emails,,,True
4de8793e-be5,u_00745,did_install_grammarly,{},2026-02-26 04:29:58+00:00,2026-02-26,,,,True
7b5fb0f4-afc,u_00746,did_click_lp,"{""lp_name"": ""lp_academic_writing""}",2026-02-24 20:33:31+00:00,2026-02-24,lp_academic_writing,,,True
1b92befd-a37,u_00746,did_install_grammarly,{},2026-02-24 20:37:31+00:00,2026-02-24,,,,True
d372579f-62d,u_00747,did_click_lp,"{""lp_name"": ""lp_academic_writing""}",2026-02-03 08:21:44+00:00,2026-02-03,lp_academic_writing,,,True
406a7b38-099,u_00748,did_click_lp,"{""lp_name"": ""lp_business_emails""}",2026-02-22 06:40:20+00:00,2026-02-22,lp_business_emails,,,True
ed98adb4-be5,u_00748,did_install_grammarly,{},2026-02-22 06:53:20+00:00,2026-02-22,,,,True
bbbc76d6-206,u_00749,did_click_lp,"{""lp_name"": ""lp_academic_writing""}",2026-02-06 10:35:00+00:00,2026-02-06,lp_academic_writing,,,True
65b580c3-cef,u_00750,did_click_lp,"{""lp_name"": ""lp_business_emails""}",2026-02-25 19:33:47+00:00,2026-02-25,lp_business_emails,,,True
4f38b1f0-383,u_00751,did_click_lp,"{""lp_name"": ""lp_academic_writing""}",2026-02-06 16:46:56+00:00,2026-02-06,lp_academic_writing,,,True
dabfe4d3-b2f,u_00751,did_install_grammarly,{},2026-02-06 16:54:56+00:00,2026-02-06,,,,True
97683000-533,u_00751,try_grammarly,"{""product_feature"": ""academic_citation_helper""}",2026-02-06 17:21:56+00:00,2026-02-06,,academic_citation_helper,,True
41bcd600-c27,u_00751,try_grammarly,"{""product_feature"": ""academic_citation_helper""}",2026-02-07 09:35:17+00:00,2026-02-07,,academic_citation_helper,,True
2d8a91b8-48e,u_00752,did_click_lp,"{""lp_name"": ""lp_business_emails""}",2026-02-11 10:37:16+00:00,2026-02-11,lp_business_emails,,,True
61e2cf8b-e9a,u_00753,did_click_lp,"{""lp_name"": ""lp_business_emails""}",2026-02-15 18:55:33+00:00,2026-02-15,lp_business_emails,,,True
5883772b-8b7,u_00753,did_install_grammarly,{},2026-02-15 19:02:33+00:00,2026-02-15,,,,True
ae4e00a3-2ba,u_00754,did_click_lp,"{""lp_name"": ""lp_academic_writing""}",2026-02-14 21:48:27+00:00,2026-02-14,lp_academic_writing,,,True
5301e20e-491,u_00754,did_install_grammarly,{},2026-02-14 21:54:27+00:00,2026-02-14,,,,True
28c7ffd5-ef3,u_00754,try_grammarly,"{""product_feature"": ""academic_citation_helper""}",2026-02-14 22:02:27+00:00,2026-02-14,,academic_citation_helper,,True
e2cbca22-ec1,u_00755,did_click_lp,"{""lp_name"": ""lp_business_emails""}",2026-02-27 10:11:24+00:00,2026-02-27,lp_business_emails,,,True
af6ef811-168,u_00756,did_click_lp,"{""lp_name"": ""lp_business_emails""}",2026-02-11 19:46:23+00:00,2026-02-11,lp_business_emails,,,True
7be2c3cd-b7e,u_00757,did_click_lp,"{""lp_name"": ""lp_academic_writing""}",2026-02-25 01:48:46+00:00,2026-02-25,lp_academic_writing,,,True
e80cac35-99a,u_00758,did_click_lp,"{""lp_name"": ""lp_business_emails""}",2026-02-14 02:46:15+00:00,2026-02-14,lp_business_emails,,,True
566f2fbe-069,u_00759,did_click_lp,"{""lp_name"": ""lp_business_emails""}",2026-02-27 12:26:51+00:00,2026-02-27,lp_business_emails,,,True
f974fe70-a81,u_00760,did_click_lp,"{""lp_name"": ""lp_business_emails""}",2026-02-08 23:22:45+00:00,2026-02-08,lp_business_emails,,,True
08098585-329,u_00761,did_click_lp,"{""lp_name"": ""lp_business_emails""}",2026-02-03 15:01:31+00:00,2026-02-03,lp_business_emails,,,True
2b31b857-356,u_00761,did_install_grammarly,{},2026-02-03 15:10:31+00:00,2026-02-03,,,,True
03ca7621-3a6,u_00761,try_grammarly,"{""product_feature"": ""smart_email_reply""}",2026-02-03 15:37:31+00:00,2026-02-03,,smart_email_reply,,True
173ec8d1-a92,u_00762,did_click_lp,"{""lp_name"": ""lp_business_emails""}",2026-02-17 14:52:57+00:00,2026-02-17,lp_business_emails,,,True
06add8dc-2fb,u_00763,did_click_lp,"{""lp_name"": ""lp_academic_writing""}",2026-02-11 11:26:48+00:00,2026-02-11,lp_academic_writing,,,True
71017975-b70,u_00764,did_click_lp,"{""lp_name"": ""lp_business_emails""}",2026-02-24 01:18:51+00:00,2026-02-24,lp_business_emails,,,True
1ca30b3a-008,u_00765,did_click_lp,"{""lp_name"": ""lp_academic_writing""}",2026-02-25 20:09:20+00:00,2026-02-25,lp_academic_writing,,,True
c7be69ce-5d5,u_00765,did_install_grammarly,{},2026-02-25 20:17:20+00:00,2026-02-25,,,,True
ce71748e-82e,u_00766,did_click_lp,"{""lp_name"": ""lp_academic_writing""}",2026-02-03 20:01:39+00:00,2026-02-03,lp_academic_writing,,,True
70b0e66c-409,u_00767,did_click_lp,"{""lp_name"": ""lp_business_emails""}",2026-02-23 04:09:38+00:00,2026-02-23,lp_business_emails,,,True
d797b763-d98,u_00767,did_install_grammarly,{},2026-02-23 04:16:38+00:00,2026-02-23,,,,True
71f3b512-ccf,u_00767,try_grammarly,"{""product_feature"": ""smart_email_reply""}",2026-02-23 04:33:38+00:00,2026-02-23,,smart_email_reply,,True
e4833bc8-051,u_00767,try_grammarly,"{""product_feature"": ""smart_email_reply""}",2026-02-24 18:19:09+00:00,2026-02-24,,smart_email_reply,,True
1d7986c5-dd8,u_00768,did_click_lp,"{""lp_name"": ""lp_academic_writing""}",2026-02-15 13:26:22+00:00,2026-02-15,lp_academic_writing,,,True
4f82a01c-b01,u_00768,did_install_grammarly,{},2026-02-15 13:35:22+00:00,2026-02-15,,,,True
0f8b6a18-172,u_00768,try_grammarly,"{""product_feature"": ""academic_citation_helper""}",2026-02-15 14:28:22+00:00,2026-02-15,,academic_citation_helper,,True
e6252669-7b7,u_00768,try_grammarly,"{""product_feature"": ""academic_citation_helper""}",2026-02-16 05:29:27+00:00,2026-02-16,,academic_citation_helper,,True
9ff8aade-84d,u_00768,try_grammarly,"{""product_feature"": ""academic_citation_helper""}",2026-02-17 17:38:10+00:00,2026-02-17,,academic_citation_helper,,True
b9a876b3-da6,u_00769,did_click_lp,"{""lp_name"": ""lp_business_emails""}",2026-02-22 11:30:25+00:00,2026-02-22,lp_business_emails,,,True
034b1821-6fe,u_00770,did_click_lp,"{""lp_name"": ""lp_academic_writing""}",2026-02-13 11:34:24+00:00,2026-02-13,lp_academic_writing,,,True
8065c319-151,u_00770,did_install_grammarly,{},2026-02-13 11:42:24+00:00,2026-02-13,,,,True
6699c014-1dd,u_00771,did_click_lp,"{""lp_name"": ""lp_business_emails""}",2026-02-14 19:25:34+00:00,2026-02-14,lp_business_emails,,,True
36b0b189-b4c,u_00771,did_install_grammarly,{},2026-02-14 19:33:34+00:00,2026-02-14,,,,True
28a71a68-d9e,u_00772,did_click_lp,"{""lp_name"": ""lp_academic_writing""}",2026-02-20 09:11:36+00:00,2026-02-20,lp_academic_writing,,,True
39264c6f-9ee,u_00773,did_click_lp,"{""lp_name"": ""lp_business_emails""}",2026-02-22 00:56:59+00:00,2026-02-22,lp_business_emails,,,True
eb41b038-71a,u_00774,did_click_lp,"{""lp_name"": ""lp_academic_writing""}",2026-02-04 19:54:26+00:00,2026-02-04,lp_academic_writing,,,True
38a00dac-462,u_00774,did_install_grammarly,{},2026-02-04 20:00:26+00:00,2026-02-04,,,,True
b9f7ed53-ff6,u_00775,did_click_lp,"{""lp_name"": ""lp_academic_writing""}",2026-02-04 04:12:01+00:00,2026-02-04,lp_academic_writing,,,True
8d469c7d-c7e,u_00775,did_install_grammarly,{},2026-02-04 04:17:01+00:00,2026-02-04,,,,True
0045863f-735,u_00775,try_grammarly,"{""product_feature"": ""academic_citation_helper""}",2026-02-04 04:57:01+00:00,2026-02-04,,academic_citation_helper,,True
6d93b6bb-d86,u_00776,did_click_lp,"{""lp_name"": ""lp_academic_writing""}",2026-02-15 09:40:11+00:00,2026-02-15,lp_academic_writing,,,True
3291a335-6e2,u_00776,did_install_grammarly,{},2026-02-15 09:43:11+00:00,2026-02-15,,,,True
8c0b1577-84b,u_00777,did_click_lp,"{""lp_name"": ""lp_academic_writing""}",2026-02-25 14:29:42+00:00,2026-02-25,lp_academic_writing,,,True
ae3cb61c-82e,u_00778,did_click_lp,"{""lp_name"": ""lp_business_emails""}",2026-02-22 15:42:40+00:00,2026-02-22,lp_business_emails,,,True
2223dbab-b07,u_00778,did_install_grammarly,{},2026-02-22 15:43:40+00:00,2026-02-22,,,,True
92ec3237-703,u_00779,did_click_lp,"{""lp_name"": ""lp_business_emails""}",2026-02-12 05:15:57+00:00,2026-02-12,lp_business_emails,,,True
ff3dca82-66a,u_00780,did_click_lp,"{""lp_name"": ""lp_business_emails""}",2026-02-03 11:58:54+00:00,2026-02-03,lp_business_emails,,,True
da19dbda-8a4,u_00781,did_click_lp,"{""lp_name"": ""lp_business_emails""}",2026-02-18 01:33:06+00:00,2026-02-18,lp_business_emails,,,True
1ce90f7d-1cf,u_00782,did_click_lp,"{""lp_name"": ""lp_academic_writing""}",2026-02-06 03:29:56+00:00,2026-02-06,lp_academic_writing,,,True
436aa196-3e4,u_00783,did_click_lp,"{""lp_name"": ""lp_business_emails""}",2026-02-03 02:09:55+00:00,2026-02-03,lp_business_emails,,,True
6e3c6379-f04,u_00783,did_install_grammarly,{},2026-02-03 02:24:55+00:00,2026-02-03,,,,True
35147b47-77d,u_00783,try_grammarly,"{""product_feature"": ""smart_email_reply""}",2026-02-03 02:42:55+00:00,2026-02-03,,smart_email_reply,,True
53ae1b74-9f7,u_00783,try_grammarly,"{""product_feature"": ""smart_email_reply""}",2026-02-05 05:07:48+00:00,2026-02-05,,smart_email_reply,,True
47cb3c9a-779,u_00784,did_click_lp,"{""lp_name"": ""lp_academic_writing""}",2026-02-01 11:43:22+00:00,2026-02-01,lp_academic_writing,,,True
42a64471-2fb,u_00784,did_install_grammarly,{},2026-02-01 11:48:22+00:00,2026-02-01,,,,True
ae8ec02d-790,u_00784,try_grammarly,"{""product_feature"": ""academic_citation_helper""}",2026-02-01 12:25:22+00:00,2026-02-01,,academic_citation_helper,,True
cfa40504-9fb,u_00784,try_grammarly,"{""product_feature"": ""academic_citation_helper""}",2026-02-02 01:40:16+00:00,2026-02-02,,academic_citation_helper,,True
63add6da-8ff,u_00785,did_click_lp,"{""lp_name"": ""lp_business_emails""}",2026-02-04 16:37:16+00:00,2026-02-04,lp_business_emails,,,True
40527e17-0a5,u_00785,did_install_grammarly,{},2026-02-04 16:47:16+00:00,2026-02-04,,,,True
94e0b3be-db5,u_00785,try_grammarly,"{""product_feature"": ""smart_email_reply""}",2026-02-04 17:21:16+00:00,2026-02-04,,smart_email_reply,,True
3ec0b291-dcf,u_00785,try_grammarly,"{""product_feature"": ""smart_email_reply""}",2026-02-05 19:41:41+00:00,2026-02-05,,smart_email_reply,,True
6a149139-617,u_00786,did_click_lp,"{""lp_name"": ""lp_business_emails""}",2026-02-27 15:50:46+00:00,2026-02-27,lp_business_emails,,,True
325ccfdd-727,u_00787,did_click_lp,"{""lp_name"": ""lp_academic_writing""}",2026-02-11 04:24:55+00:00,2026-02-11,lp_academic_writing,,,True
e57c80a6-eff,u_00788,did_click_lp,"{""lp_name"": ""lp_business_emails""}",2026-02-25 04:32:05+00:00,2026-02-25,lp_business_emails,,,True
fbc68ec3-c6c,u_00789,did_click_lp,"{""lp_name"": ""lp_business_emails""}",2026-02-22 17:46:37+00:00,2026-02-22,lp_business_emails,,,True
bb2162d7-496,u_00789,did_install_grammarly,{},2026-02-22 17:58:37+00:00,2026-02-22,,,,True
5f285780-5f5,u_00789,try_grammarly,"{""product_feature"": ""smart_email_reply""}",2026-02-22 18:31:37+00:00,2026-02-22,,smart_email_reply,,True
f1b35cdb-9d1,u_00790,did_click_lp,"{""lp_name"": ""lp_academic_writing""}",2026-02-18 19:54:49+00:00,2026-02-18,lp_academic_writing,,,True
30794315-efb,u_00791,did_click_lp,"{""lp_name"": ""lp_academic_writing""}",2026-02-14 20:18:44+00:00,2026-02-14,lp_academic_writing,,,True
0c9c2b50-3b7,u_00792,did_click_lp,"{""lp_name"": ""lp_business_emails""}",2026-02-11 18:15:17+00:00,2026-02-11,lp_business_emails,,,True
3688072e-9e6,u_00793,did_click_lp,"{""lp_name"": ""lp_academic_writing""}",2026-02-26 15:52:04+00:00,2026-02-26,lp_academic_writing,,,True
e0908d20-c4a,u_00793,did_install_grammarly,{},2026-02-26 15:59:04+00:00,2026-02-26,,,,True
4dcdcef2-17f,u_00794,did_click_lp,"{""lp_name"": ""lp_academic_writing""}",2026-02-17 06:05:37+00:00,2026-02-17,lp_academic_writing,,,True
ef9b0ec1-41f,u_00794,did_install_grammarly,{},2026-02-17 06:07:37+00:00,2026-02-17,,,,True
6bb81592-deb,u_00794,try_grammarly,"{""product_feature"": ""academic_citation_helper""}",2026-02-17 06:20:37+00:00,2026-02-17,,academic_citation_helper,,True
927ca324-5ee,u_00795,did_click_lp,"{""lp_name"": ""lp_academic_writing""}",2026-02-10 14:27:05+00:00,2026-02-10,lp_academic_writing,,,True
a2db2397-e28,u_00796,did_click_lp,"{""lp_name"": ""lp_business_emails""}",2026-02-27 06:50:10+00:00,2026-02-27,lp_business_emails,,,True
ce8ea223-2a4,u_00797,did_click_lp,"{""lp_name"": ""lp_business_emails""}",2026-02-24 07:33:38+00:00,2026-02-24,lp_business_emails,,,True
7aa64736-9cf,u_00797,did_install_grammarly,{},2026-02-24 07:44:38+00:00,2026-02-24,,,,True
ad4a0f9c-029,u_00798,did_click_lp,"{""lp_name"": ""lp_academic_writing""}",2026-02-16 14:32:23+00:00,2026-02-16,lp_academic_writing,,,True
3c8398af-3fb,u_00798,did_install_grammarly,{},2026-02-16 14:42:23+00:00,2026-02-16,,,,True
5643ffc4-481,u_00798,try_grammarly,"{""product_feature"": ""academic_citation_helper""}",2026-02-16 14:57:23+00:00,2026-02-16,,academic_citation_helper,,True
e46c1d40-6cf,u_00798,try_grammarly,"{""product_feature"": ""academic_citation_helper""}",2026-02-17 03:57:36+00:00,2026-02-17,,academic_citation_helper,,True
d2034a40-9d3,u_00799,did_click_lp,"{""lp_name"": ""lp_academic_writing""}",2026-02-05 14:10:11+00:00,2026-02-05,lp_academic_writing,,,True
5d2bc0a8-d82,u_00800,did_click_lp,"{""lp_name"": ""lp_academic_writing""}",2026-02-16 22:26:38+00:00,2026-02-16,lp_academic_writing,,,True
a6dc2e2f-145,u_00801,did_click_lp,"{""lp_name"": ""lp_academic_writing""}",2026-02-10 03:29:39+00:00,2026-02-10,lp_academic_writing,,,True
f32c2407-40d,u_00801,did_install_grammarly,{},2026-02-10 03:39:39+00:00,2026-02-10,,,,True
8da615e7-e6b,u_00801,try_grammarly,"{""product_feature"": ""academic_citation_helper""}",2026-02-10 03:50:39+00:00,2026-02-10,,academic_citation_helper,,True
de979954-281,u_00801,try_grammarly,"{""product_feature"": ""academic_citation_helper""}",2026-02-11 19:51:39+00:00,2026-02-11,,academic_citation_helper,,True
0ef9b77c-b22,u_00801,try_grammarly,"{""product_feature"": ""academic_citation_helper""}",2026-02-12 06:27:21+00:00,2026-02-12,,academic_citation_helper,,True
e907c97f-117,u_00802,did_click_lp,"{""lp_name"": ""lp_academic_writing""}",2026-02-16 09:09:08+00:00,2026-02-16,lp_academic_writing,,,True
5914a38a-b82,u_00803,did_click_lp,"{""lp_name"": ""lp_academic_writing""}",2026-02-12 14:22:27+00:00,2026-02-12,lp_academic_writing,,,True
fc10c45f-2e3,u_00804,did_click_lp,"{""lp_name"": ""lp_academic_writing""}",2026-02-27 18:42:31+00:00,2026-02-27,lp_academic_writing,,,True
20c3d113-8b6,u_00804,did_install_grammarly,{},2026-02-27 18:44:31+00:00,2026-02-27,,,,True
3a2b0a52-6bc,u_00805,did_click_lp,"{""lp_name"": ""lp_academic_writing""}",2026-02-09 21:35:11+00:00,2026-02-09,lp_academic_writing,,,True
a33db529-d0c,u_00806,did_click_lp,"{""lp_name"": ""lp_academic_writing""}",2026-02-04 05:20:53+00:00,2026-02-04,lp_academic_writing,,,True
ecdf2dea-1d4,u_00807,did_click_lp,"{""lp_name"": ""lp_academic_writing""}",2026-02-03 04:39:27+00:00,2026-02-03,lp_academic_writing,,,True
621f8236-475,u_00808,did_click_lp,"{""lp_name"": ""lp_business_emails""}",2026-02-01 05:08:57+00:00,2026-02-01,lp_business_emails,,,True
1df339fc-428,u_00809,did_click_lp,"{""lp_name"": ""lp_business_emails""}",2026-02-27 15:16:38+00:00,2026-02-27,lp_business_emails,,,True
4aa643f2-f62,u_00809,did_install_grammarly,{},2026-02-27 15:28:38+00:00,2026-02-27,,,,True
fd4a7cee-f47,u_00809,try_grammarly,"{""product_feature"": ""smart_email_reply""}",2026-02-27 16:15:38+00:00,2026-02-27,,smart_email_reply,,True
3f35505b-ba3,u_00810,did_click_lp,"{""lp_name"": ""lp_business_emails""}",2026-02-17 00:38:17+00:00,2026-02-17,lp_business_emails,,,True
0f0db85a-6cf,u_00810,did_install_grammarly,{},2026-02-17 00:43:17+00:00,2026-02-17,,,,True
6cfc71f5-2e9,u_00811,did_click_lp,"{""lp_name"": ""lp_business_emails""}",2026-02-09 15:10:10+00:00,2026-02-09,lp_business_emails,,,True
21be8a45-7d1,u_00811,did_install_grammarly,{},2026-02-09 15:20:10+00:00,2026-02-09,,,,True
9ca55e5c-2c9,u_00812,did_click_lp,"{""lp_name"": ""lp_academic_writing""}",2026-02-18 03:40:28+00:00,2026-02-18,lp_academic_writing,,,True
ca4ca069-15a,u_00813,did_click_lp,"{""lp_name"": ""lp_business_emails""}",2026-02-05 00:49:15+00:00,2026-02-05,lp_business_emails,,,True
82efd662-bd9,u_00814,did_click_lp,"{""lp_name"": ""lp_business_emails""}",2026-02-03 22:51:04+00:00,2026-02-03,lp_business_emails,,,True
208cee6d-65e,u_00814,did_install_grammarly,{},2026-02-03 23:01:04+00:00,2026-02-03,,,,True
5a196da2-c46,u_00814,try_grammarly,"{""product_feature"": ""smart_email_reply""}",2026-02-03 23:51:04+00:00,2026-02-03,,smart_email_reply,,True
8ae40db8-f24,u_00814,try_grammarly,"{""product_feature"": ""smart_email_reply""}",2026-02-06 01:42:59+00:00,2026-02-06,,smart_email_reply,,True
0b69c170-b93,u_00815,did_click_lp,"{""lp_name"": ""lp_business_emails""}",2026-02-05 02:11:21+00:00,2026-02-05,lp_business_emails,,,True
bcfecc78-824,u_00815,did_install_grammarly,{},2026-02-05 02:12:21+00:00,2026-02-05,,,,True
1409ce42-27a,u_00816,did_click_lp,"{""lp_name"": ""lp_business_emails""}",2026-02-26 09:54:32+00:00,2026-02-26,lp_business_emails,,,True
6219bdc4-f96,u_00816,did_install_grammarly,{},2026-02-26 10:09:32+00:00,2026-02-26,,,,True
655abe3c-8f5,u_00816,try_grammarly,"{""product_feature"": ""smart_email_reply""}",2026-02-26 10:13:32+00:00,2026-02-26,,smart_email_reply,,True
9ffe9a50-802,u_00817,did_click_lp,"{""lp_name"": ""lp_business_emails""}",2026-02-01 15:52:13+00:00,2026-02-01,lp_business_emails,,,True
5c19d2d5-c36,u_00818,did_click_lp,"{""lp_name"": ""lp_business_emails""}",2026-02-18 01:38:46+00:00,2026-02-18,lp_business_emails,,,True
f6f42e06-a20,u_00819,did_click_lp,"{""lp_name"": ""lp_academic_writing""}",2026-02-19 12:49:37+00:00,2026-02-19,lp_academic_writing,,,True
4b9dfaa0-40d,u_00819,did_install_grammarly,{},2026-02-19 12:50:37+00:00,2026-02-19,,,,True
ffb324dc-120,u_00820,did_click_lp,"{""lp_name"": ""lp_academic_writing""}",2026-02-25 04:21:23+00:00,2026-02-25,lp_academic_writing,,,True
b9cce55b-dd9,u_00821,did_click_lp,"{""lp_name"": ""lp_business_emails""}",2026-02-15 00:31:41+00:00,2026-02-15,lp_business_emails,,,True
b30a1ef1-d3d,u_00822,did_click_lp,"{""lp_name"": ""lp_academic_writing""}",2026-02-12 13:38:46+00:00,2026-02-12,lp_academic_writing,,,True
187fe637-100,u_00823,did_click_lp,"{""lp_name"": ""lp_business_emails""}",2026-02-22 22:16:16+00:00,2026-02-22,lp_business_emails,,,True
42adb592-5b2,u_00824,did_click_lp,"{""lp_name"": ""lp_business_emails""}",2026-02-05 03:41:42+00:00,2026-02-05,lp_business_emails,,,True
4fc6e148-837,u_00825,did_click_lp,"{""lp_name"": ""lp_academic_writing""}",2026-02-22 07:26:15+00:00,2026-02-22,lp_academic_writing,,,True
ac155e80-d9e,u_00826,did_click_lp,"{""lp_name"": ""lp_academic_writing""}",2026-02-25 02:01:37+00:00,2026-02-25,lp_academic_writing,,,True
a6bd7111-486,u_00826,did_install_grammarly,{},2026-02-25 02:06:37+00:00,2026-02-25,,,,True
85532821-75e,u_00826,try_grammarly,"{""product_feature"": ""academic_citation_helper""}",2026-02-25 02:14:37+00:00,2026-02-25,,academic_citation_helper,,True
b88ff2ce-bc0,u_00827,did_click_lp,"{""lp_name"": ""lp_academic_writing""}",2026-02-21 21:44:22+00:00,2026-02-21,lp_academic_writing,,,True
72ad4d97-eb6,u_00828,did_click_lp,"{""lp_name"": ""lp_academic_writing""}",2026-02-14 01:02:30+00:00,2026-02-14,lp_academic_writing,,,True
f41c7993-aa9,u_00829,did_click_lp,"{""lp_name"": ""lp_academic_writing""}",2026-02-03 03:35:10+00:00,2026-02-03,lp_academic_writing,,,True
afa25014-85c,u_00829,did_install_grammarly,{},2026-02-03 03:43:10+00:00,2026-02-03,,,,True
61c2b476-093,u_00830,did_click_lp,"{""lp_name"": ""lp_academic_writing""}",2026-02-14 16:47:01+00:00,2026-02-14,lp_academic_writing,,,True
8f94ae2b-619,u_00830,did_install_grammarly,{},2026-02-14 16:55:01+00:00,2026-02-14,,,,True
4f61d540-6b2,u_00830,try_grammarly,"{""product_feature"": ""academic_citation_helper""}",2026-02-14 17:16:01+00:00,2026-02-14,,academic_citation_helper,,True
ecff11b3-50b,u_00831,did_click_lp,"{""lp_name"": ""lp_academic_writing""}",2026-02-23 11:57:51+00:00,2026-02-23,lp_academic_writing,,,True
f38f1167-2ba,u_00832,did_click_lp,"{""lp_name"": ""lp_academic_writing""}",2026-02-21 02:04:46+00:00,2026-02-21,lp_academic_writing,,,True
0a9b432a-851,u_00832,did_install_grammarly,{},2026-02-21 02:06:46+00:00,2026-02-21,,,,True
ce008695-98e,u_00832,try_grammarly,"{""product_feature"": ""academic_citation_helper""}",2026-02-21 02:14:46+00:00,2026-02-21,,academic_citation_helper,,True
9f13e8ff-f70,u_00832,try_grammarly,"{""product_feature"": ""academic_citation_helper""}",2026-02-22 09:35:59+00:00,2026-02-22,,academic_citation_helper,,True
6a64169f-84d,u_00832,try_grammarly,"{""product_feature"": ""academic_citation_helper""}",2026-02-23 00:27:43+00:00,2026-02-23,,academic_citation_helper,,True
04d3d5cd-a51,u_00833,did_click_lp,"{""lp_name"": ""lp_academic_writing""}",2026-02-23 15:44:38+00:00,2026-02-23,lp_academic_writing,,,True
590299a6-2e2,u_00833,did_install_grammarly,{},2026-02-23 15:46:38+00:00,2026-02-23,,,,True
92d64067-c30,u_00833,try_grammarly,"{""product_feature"": ""academic_citation_helper""}",2026-02-23 16:22:38+00:00,2026-02-23,,academic_citation_helper,,True
915a5668-a15,u_00833,try_grammarly,"{""product_feature"": ""academic_citation_helper""}",2026-02-24 19:21:59+00:00,2026-02-24,,academic_citation_helper,,True
3806a642-5c7,u_00834,did_click_lp,"{""lp_name"": ""lp_business_emails""}",2026-02-27 18:54:50+00:00,2026-02-27,lp_business_emails,,,True
f8d9a3bd-456,u_00835,did_click_lp,"{""lp_name"": ""lp_academic_writing""}",2026-02-25 21:25:31+00:00,2026-02-25,lp_academic_writing,,,True
a87d9c0a-999,u_00835,did_install_grammarly,{},2026-02-25 21:30:31+00:00,2026-02-25,,,,True
2fe3a5d8-4d7,u_00836,did_click_lp,"{""lp_name"": ""lp_business_emails""}",2026-02-12 05:10:20+00:00,2026-02-12,lp_business_emails,,,True
e1d5cd78-09d,u_00836,did_install_grammarly,{},2026-02-12 05:14:20+00:00,2026-02-12,,,,True
7c5869ce-99e,u_00837,did_click_lp,"{""lp_name"": ""lp_business_emails""}",2026-02-15 08:53:27+00:00,2026-02-15,lp_business_emails,,,True
11f222b7-923,u_00838,did_click_lp,"{""lp_name"": ""lp_academic_writing""}",2026-02-08 06:47:10+00:00,2026-02-08,lp_academic_writing,,,True
2ae04fea-7ea,u_00839,did_click_lp,"{""lp_name"": ""lp_academic_writing""}",2026-02-26 03:00:29+00:00,2026-02-26,lp_academic_writing,,,True
b314b698-d10,u_00840,did_click_lp,"{""lp_name"": ""lp_academic_writing""}",2026-02-14 10:55:53+00:00,2026-02-14,lp_academic_writing,,,True
6851f31b-d35,u_00841,did_click_lp,"{""lp_name"": ""lp_academic_writing""}",2026-02-01 03:25:26+00:00,2026-02-01,lp_academic_writing,,,True
96f0e644-a74,u_00841,did_install_grammarly,{},2026-02-01 03:34:26+00:00,2026-02-01,,,,True
e19873a8-788,u_00841,try_grammarly,"{""product_feature"": ""academic_citation_helper""}",2026-02-01 03:44:26+00:00,2026-02-01,,academic_citation_helper,,True
d4d3dfd0-36a,u_00842,did_click_lp,"{""lp_name"": ""lp_business_emails""}",2026-02-13 17:32:55+00:00,2026-02-13,lp_business_emails,,,True
79f5cce8-47e,u_00842,did_install_grammarly,{},2026-02-13 17:47:55+00:00,2026-02-13,,,,True
14bb75f9-469,u_00842,try_grammarly,"{""product_feature"": ""smart_email_reply""}",2026-02-13 18:13:55+00:00,2026-02-13,,smart_email_reply,,True
980e4dc1-063,u_00843,did_click_lp,"{""lp_name"": ""lp_academic_writing""}",2026-02-15 10:46:46+00:00,2026-02-15,lp_academic_writing,,,True
cb592ec4-968,u_00844,did_click_lp,"{""lp_name"": ""lp_academic_writing""}",2026-02-08 16:25:22+00:00,2026-02-08,lp_academic_writing,,,True
84416cf2-ba4,u_00845,did_click_lp,"{""lp_name"": ""lp_academic_writing""}",2026-02-24 22:04:58+00:00,2026-02-24,lp_academic_writing,,,True
4640a96a-573,u_00845,did_install_grammarly,{},2026-02-24 22:09:58+00:00,2026-02-24,,,,True
19e3d2dc-4cc,u_00846,did_click_lp,"{""lp_name"": ""lp_academic_writing""}",2026-02-19 16:12:48+00:00,2026-02-19,lp_academic_writing,,,True
cecb4293-d24,u_00847,did_click_lp,"{""lp_name"": ""lp_academic_writing""}",2026-02-25 23:37:02+00:00,2026-02-25,lp_academic_writing,,,True
a2fa4456-205,u_00848,did_click_lp,"{""lp_name"": ""lp_business_emails""}",2026-02-02 05:25:50+00:00,2026-02-02,lp_business_emails,,,True
6efe1cfc-30c,u_00848,did_install_grammarly,{},2026-02-02 05:36:50+00:00,2026-02-02,,,,True
43b33ec8-795,u_00848,try_grammarly,"{""product_feature"": ""smart_email_reply""}",2026-02-02 06:13:50+00:00,2026-02-02,,smart_email_reply,,True
3bb27f75-98c,u_00849,did_click_lp,"{""lp_name"": ""lp_business_emails""}",2026-02-08 09:53:43+00:00,2026-02-08,lp_business_emails,,,True
0c30bb7c-45e,u_00850,did_click_lp,"{""lp_name"": ""lp_business_emails""}",2026-02-11 07:28:52+00:00,2026-02-11,lp_business_emails,,,True
65aef543-b11,u_00850,did_install_grammarly,{},2026-02-11 07:37:52+00:00,2026-02-11,,,,True
f0438e9f-c64,u_00850,try_grammarly,"{""product_feature"": ""smart_email_reply""}",2026-02-11 07:57:52+00:00,2026-02-11,,smart_email_reply,,True
9759e275-284,u_00850,try_grammarly,"{""product_feature"": ""smart_email_reply""}",2026-02-12 22:14:15+00:00,2026-02-12,,smart_email_reply,,True
7a89b0f7-67b,u_00851,did_click_lp,"{""lp_name"": ""lp_business_emails""}",2026-02-16 22:17:44+00:00,2026-02-16,lp_business_emails,,,True
62604413-960,u_00852,did_click_lp,"{""lp_name"": ""lp_business_emails""}",2026-02-12 09:07:38+00:00,2026-02-12,lp_business_emails,,,True
d572978d-f72,u_00853,did_click_lp,"{""lp_name"": ""lp_academic_writing""}",2026-02-27 11:35:41+00:00,2026-02-27,lp_academic_writing,,,True
404488ac-86b,u_00854,did_click_lp,"{""lp_name"": ""lp_academic_writing""}",2026-02-06 16:10:00+00:00,2026-02-06,lp_academic_writing,,,True
50963577-20b,u_00854,did_install_grammarly,{},2026-02-06 16:17:00+00:00,2026-02-06,,,,True
5da755cf-0d0,u_00855,did_click_lp,"{""lp_name"": ""lp_academic_writing""}",2026-02-06 04:18:07+00:00,2026-02-06,lp_academic_writing,,,True
10d4b50d-eda,u_00856,did_click_lp,"{""lp_name"": ""lp_academic_writing""}",2026-02-23 17:32:15+00:00,2026-02-23,lp_academic_writing,,,True
29c9256e-039,u_00856,did_install_grammarly,{},2026-02-23 17:40:15+00:00,2026-02-23,,,,True
5e62b3e4-b6f,u_00857,did_click_lp,"{""lp_name"": ""lp_academic_writing""}",2026-02-07 10:01:09+00:00,2026-02-07,lp_academic_writing,,,True
7e582060-8e3,u_00857,did_install_grammarly,{},2026-02-07 10:10:09+00:00,2026-02-07,,,,True
d881738c-2e8,u_00857,try_grammarly,"{""product_feature"": ""academic_citation_helper""}",2026-02-07 10:21:09+00:00,2026-02-07,,academic_citation_helper,,True
0cc5672e-227,u_00857,try_grammarly,"{""product_feature"": ""academic_citation_helper""}",2026-02-08 04:45:28+00:00,2026-02-08,,academic_citation_helper,,True
e2d9efeb-cc2,u_00858,did_click_lp,"{""lp_name"": ""lp_academic_writing""}",2026-02-24 15:27:56+00:00,2026-02-24,lp_academic_writing,,,True
6d67150a-c20,u_00859,did_click_lp,"{""lp_name"": ""lp_business_emails""}",2026-02-07 17:23:21+00:00,2026-02-07,lp_business_emails,,,True
c0ab14f5-d6c,u_00860,did_click_lp,"{""lp_name"": ""lp_business_emails""}",2026-02-11 09:52:43+00:00,2026-02-11,lp_business_emails,,,True
5c8664be-104,u_00861,did_click_lp,"{""lp_name"": ""lp_business_emails""}",2026-02-23 17:51:52+00:00,2026-02-23,lp_business_emails,,,True
51fe33c9-75c,u_00861,did_install_grammarly,{},2026-02-23 17:54:52+00:00,2026-02-23,,,,True
5718ac13-046,u_00861,try_grammarly,"{""product_feature"": ""smart_email_reply""}",2026-02-23 18:01:52+00:00,2026-02-23,,smart_email_reply,,True
12956890-03e,u_00861,try_grammarly,"{""product_feature"": ""smart_email_reply""}",2026-02-26 04:56:53+00:00,2026-02-26,,smart_email_reply,,True
1857d2f3-3f1,u_00862,did_click_lp,"{""lp_name"": ""lp_academic_writing""}",2026-02-18 00:57:49+00:00,2026-02-18,lp_academic_writing,,,True
c9dbdf17-0f8,u_00863,did_click_lp,"{""lp_name"": ""lp_business_emails""}",2026-02-06 06:55:46+00:00,2026-02-06,lp_business_emails,,,True
819accb6-86b,u_00864,did_click_lp,"{""lp_name"": ""lp_academic_writing""}",2026-02-02 10:27:54+00:00,2026-02-02,lp_academic_writing,,,True
de6730d4-50c,u_00865,did_click_lp,"{""lp_name"": ""lp_business_emails""}",2026-02-23 14:30:16+00:00,2026-02-23,lp_business_emails,,,True
bd4b34df-925,u_00865,did_install_grammarly,{},2026-02-23 14:42:16+00:00,2026-02-23,,,,True
9f5380e4-47e,u_00866,did_click_lp,"{""lp_name"": ""lp_academic_writing""}",2026-02-18 07:54:28+00:00,2026-02-18,lp_academic_writing,,,True
879134b3-c56,u_00866,did_install_grammarly,{},2026-02-18 08:01:28+00:00,2026-02-18,,,,True
f28e42d4-02b,u_00867,did_click_lp,"{""lp_name"": ""lp_business_emails""}",2026-02-03 18:07:50+00:00,2026-02-03,lp_business_emails,,,True
8254b766-c96,u_00868,did_click_lp,"{""lp_name"": ""lp_business_emails""}",2026-02-23 18:35:59+00:00,2026-02-23,lp_business_emails,,,True
66ae912f-e38,u_00868,did_install_grammarly,{},2026-02-23 18:38:59+00:00,2026-02-23,,,,True
7a7f6cf5-827,u_00868,try_grammarly,"{""product_feature"": ""smart_email_reply""}",2026-02-23 19:33:59+00:00,2026-02-23,,smart_email_reply,,True
ca8106e2-d87,u_00868,try_grammarly,"{""product_feature"": ""smart_email_reply""}",2026-02-24 07:11:56+00:00,2026-02-24,,smart_email_reply,,True
007ac1c7-dde,u_00868,try_grammarly,"{""product_feature"": ""smart_email_reply""}",2026-02-27 22:33:24+00:00,2026-02-27,,smart_email_reply,,True
7487b1d2-9b1,u_00869,did_click_lp,"{""lp_name"": ""lp_business_emails""}",2026-02-13 06:10:12+00:00,2026-02-13,lp_business_emails,,,True
31865ec0-58f,u_00870,did_click_lp,"{""lp_name"": ""lp_academic_writing""}",2026-02-08 01:43:53+00:00,2026-02-08,lp_academic_writing,,,True
eb49cefd-cdf,u_00870,did_install_grammarly,{},2026-02-08 01:53:53+00:00,2026-02-08,,,,True
97ec0fb6-6be,u_00871,did_click_lp,"{""lp_name"": ""lp_business_emails""}",2026-02-21 10:56:39+00:00,2026-02-21,lp_business_emails,,,True
c4d0d00d-9f6,u_00872,did_click_lp,"{""lp_name"": ""lp_academic_writing""}",2026-02-16 15:47:26+00:00,2026-02-16,lp_academic_writing,,,True
17c26592-123,u_00873,did_click_lp,"{""lp_name"": ""lp_academic_writing""}",2026-02-08 17:54:49+00:00,2026-02-08,lp_academic_writing,,,True
3fa8ee0f-873,u_00874,did_click_lp,"{""lp_name"": ""lp_business_emails""}",2026-02-21 00:14:44+00:00,2026-02-21,lp_business_emails,,,True
080af86b-68b,u_00875,did_click_lp,"{""lp_name"": ""lp_business_emails""}",2026-02-11 16:23:24+00:00,2026-02-11,lp_business_emails,,,True
8a9e99a5-48c,u_00875,did_click_lp,"{""lp_name"": ""lp_business_emails""}",2026-02-24 08:04:04+00:00,2026-02-24,lp_business_emails,,,True
98d9702e-93f,u_00876,did_click_lp,"{""lp_name"": ""lp_business_emails""}",2026-02-20 20:52:10+00:00,2026-02-20,lp_business_emails,,,True
0bde6f5e-43d,u_00877,did_click_lp,"{""lp_name"": ""lp_business_emails""}",2026-02-05 03:05:06+00:00,2026-02-05,lp_business_emails,,,True
9c9edd8b-c41,u_00878,did_click_lp,"{""lp_name"": ""lp_business_emails""}",2026-02-14 02:09:46+00:00,2026-02-14,lp_business_emails,,,True
4ce4e7b6-66d,u_00879,did_click_lp,"{""lp_name"": ""lp_business_emails""}",2026-02-06 08:32:42+00:00,2026-02-06,lp_business_emails,,,True
4a3b97cc-641,u_00879,did_install_grammarly,{},2026-02-06 08:39:42+00:00,2026-02-06,,,,True
406f4b0f-635,u_00880,did_click_lp,"{""lp_name"": ""lp_academic_writing""}",2026-02-17 23:53:36+00:00,2026-02-17,lp_academic_writing,,,True
81c16e15-228,u_00881,did_click_lp,"{""lp_name"": ""lp_business_emails""}",2026-02-02 19:17:35+00:00,2026-02-02,lp_business_emails,,,True
db7b9454-0c8,u_00881,did_install_grammarly,{},2026-02-02 19:29:35+00:00,2026-02-02,,,,True
c475901b-d32,u_00881,try_grammarly,"{""product_feature"": ""smart_email_reply""}",2026-02-02 20:25:35+00:00,2026-02-02,,smart_email_reply,,True
4ba17028-eb1,u_00882,did_click_lp,"{""lp_name"": ""lp_business_emails""}",2026-02-21 01:34:47+00:00,2026-02-21,lp_business_emails,,,True
5d0a4c5c-0f2,u_00883,did_click_lp,"{""lp_name"": ""lp_academic_writing""}",2026-02-15 02:52:25+00:00,2026-02-15,lp_academic_writing,,,True
62c660f9-4e8,u_00884,did_click_lp,"{""lp_name"": ""lp_academic_writing""}",2026-02-09 06:07:11+00:00,2026-02-09,lp_academic_writing,,,True
cddecd87-7e8,u_00884,did_click_lp,"{""lp_name"": ""lp_academic_writing""}",2026-02-20 20:31:06+00:00,2026-02-20,lp_academic_writing,,,True
8198ee86-0e5,u_00885,did_click_lp,"{""lp_name"": ""lp_business_emails""}",2026-02-19 03:46:10+00:00,2026-02-19,lp_business_emails,,,True
376f24fc-c0b,u_00885,did_install_grammarly,{},2026-02-19 03:57:10+00:00,2026-02-19,,,,True
e48127e9-6be,u_00885,try_grammarly,"{""product_feature"": ""smart_email_reply""}",2026-02-19 04:15:10+00:00,2026-02-19,,smart_email_reply,,True
eee7b235-c66,u_00886,did_click_lp,"{""lp_name"": ""lp_academic_writing""}",2026-02-12 21:44:51+00:00,2026-02-12,lp_academic_writing,,,True
805c6197-971,u_00887,did_click_lp,"{""lp_name"": ""lp_business_emails""}",2026-02-22 05:44:30+00:00,2026-02-22,lp_business_emails,,,True
66e9521f-f6a,u_00888,did_click_lp,"{""lp_name"": ""lp_academic_writing""}",2026-02-03 06:57:56+00:00,2026-02-03,lp_academic_writing,,,True
4114ca4c-e1e,u_00889,did_click_lp,"{""lp_name"": ""lp_academic_writing""}",2026-02-14 07:47:42+00:00,2026-02-14,lp_academic_writing,,,True
a4cf28c7-c7d,u_00890,did_click_lp,"{""lp_name"": ""lp_academic_writing""}",2026-02-01 01:44:07+00:00,2026-02-01,lp_academic_writing,,,True
e7d75721-ce9,u_00891,did_click_lp,"{""lp_name"": ""lp_academic_writing""}",2026-02-23 13:44:34+00:00,2026-02-23,lp_academic_writing,,,True
97f18f61-959,u_00892,did_click_lp,"{""lp_name"": ""lp_business_emails""}",2026-02-27 18:17:50+00:00,2026-02-27,lp_business_emails,,,True
485e4632-2ed,u_00892,did_install_grammarly,{},2026-02-27 18:28:50+00:00,2026-02-27,,,,True
7cc2264d-ef1,u_00892,try_grammarly,"{""product_feature"": ""smart_email_reply""}",2026-02-27 19:28:50+00:00,2026-02-27,,smart_email_reply,,True
8c3049f3-cc4,u_00893,did_click_lp,"{""lp_name"": ""lp_business_emails""}",2026-02-07 14:26:34+00:00,2026-02-07,lp_business_emails,,,True
7a3448c4-663,u_00894,did_click_lp,"{""lp_name"": ""lp_academic_writing""}",2026-02-03 03:27:44+00:00,2026-02-03,lp_academic_writing,,,True
4b2f1cd9-fa5,u_00894,did_install_grammarly,{},2026-02-03 03:30:44+00:00,2026-02-03,,,,True
58d111c7-468,u_00895,did_click_lp,"{""lp_name"": ""lp_academic_writing""}",2026-02-12 17:04:41+00:00,2026-02-12,lp_academic_writing,,,True
e5b8ca2e-d8f,u_00895,did_install_grammarly,{},2026-02-12 17:08:41+00:00,2026-02-12,,,,True
a4c97305-e55,u_00895,try_grammarly,"{""product_feature"": ""academic_citation_helper""}",2026-02-12 17:25:41+00:00,2026-02-12,,academic_citation_helper,,True
ef5c4d17-c43,u_00896,did_click_lp,"{""lp_name"": ""lp_business_emails""}",2026-02-19 03:17:11+00:00,2026-02-19,lp_business_emails,,,True
1ddd955f-39f,u_00897,did_click_lp,"{""lp_name"": ""lp_business_emails""}",2026-02-28 14:05:56+00:00,2026-02-28,lp_business_emails,,,True
e00ed5b3-247,u_00898,did_click_lp,"{""lp_name"": ""lp_business_emails""}",2026-02-18 06:31:18+00:00,2026-02-18,lp_business_emails,,,True
ee2807ea-8e4,u_00898,did_install_grammarly,{},2026-02-18 06:46:18+00:00,2026-02-18,,,,True
8b62f71c-f4f,u_00898,try_grammarly,"{""product_feature"": ""smart_email_reply""}",2026-02-18 07:31:18+00:00,2026-02-18,,smart_email_reply,,True
0c48fc27-20e,u_00898,try_grammarly,"{""product_feature"": ""smart_email_reply""}",2026-02-21 10:55:32+00:00,2026-02-21,,smart_email_reply,,True
df88bb3e-359,u_00899,did_click_lp,"{""lp_name"": ""lp_business_emails""}",2026-02-15 16:24:06+00:00,2026-02-15,lp_business_emails,,,True
006f57b6-0b3,u_00900,did_click_lp,"{""lp_name"": ""lp_business_emails""}",2026-02-05 07:50:14+00:00,2026-02-05,lp_business_emails,,,True
c5d1b76e-06b,u_00900,did_install_grammarly,{},2026-02-05 08:04:14+00:00,2026-02-05,,,,True
372ab701-c3c,u_00900,try_grammarly,"{""product_feature"": ""smart_email_reply""}",2026-02-05 08:07:14+00:00,2026-02-05,,smart_email_reply,,True
b407b2ad-4c4,u_00901,did_click_lp,"{""lp_name"": ""lp_academic_writing""}",2026-02-20 15:42:33+00:00,2026-02-20,lp_academic_writing,,,True
68451581-a52,u_00902,did_click_lp,"{""lp_name"": ""lp_academic_writing""}",2026-02-14 13:02:21+00:00,2026-02-14,lp_academic_writing,,,True
e748db55-620,u_00902,did_install_grammarly,{},2026-02-14 13:06:21+00:00,2026-02-14,,,,True
42f7c88b-976,u_00902,try_grammarly,"{""product_feature"": ""academic_citation_helper""}",2026-02-14 13:23:21+00:00,2026-02-14,,academic_citation_helper,,True
dcd22402-581,u_00902,try_grammarly,"{""product_feature"": ""academic_citation_helper""}",2026-02-15 08:50:04+00:00,2026-02-15,,academic_citation_helper,,True
7bd9bee2-120,u_00902,try_grammarly,"{""product_feature"": ""academic_citation_helper""}",2026-02-16 16:35:20+00:00,2026-02-16,,academic_citation_helper,,True
1bfd022f-9c3,u_00903,did_click_lp,"{""lp_name"": ""lp_business_emails""}",2026-02-13 18:45:57+00:00,2026-02-13,lp_business_emails,,,True
eb32599c-6be,u_00904,did_click_lp,"{""lp_name"": ""lp_business_emails""}",2026-02-21 15:03:26+00:00,2026-02-21,lp_business_emails,,,True
87e32087-d20,u_00904,did_install_grammarly,{},2026-02-21 15:10:26+00:00,2026-02-21,,,,True
ba6af746-b86,u_00905,did_click_lp,"{""lp_name"": ""lp_academic_writing""}",2026-02-17 20:40:34+00:00,2026-02-17,lp_academic_writing,,,True
e5346a09-3b9,u_00905,did_install_grammarly,{},2026-02-17 20:46:34+00:00,2026-02-17,,,,True
42b5635a-bd7,u_00905,try_grammarly,"{""product_feature"": ""academic_citation_helper""}",2026-02-17 21:05:34+00:00,2026-02-17,,academic_citation_helper,,True
3e6defdb-bd3,u_00906,did_click_lp,"{""lp_name"": ""lp_business_emails""}",2026-02-28 06:47:48+00:00,2026-02-28,lp_business_emails,,,True
40b18599-336,u_00907,did_click_lp,"{""lp_name"": ""lp_academic_writing""}",2026-02-09 20:08:44+00:00,2026-02-09,lp_academic_writing,,,True
5f42d0f9-ba1,u_00908,did_click_lp,"{""lp_name"": ""lp_business_emails""}",2026-02-02 07:42:57+00:00,2026-02-02,lp_business_emails,,,True
982e6cc3-8cd,u_00909,did_click_lp,"{""lp_name"": ""lp_business_emails""}",2026-02-12 05:54:31+00:00,2026-02-12,lp_business_emails,,,True
1c380cbf-2a2,u_00910,did_click_lp,"{""lp_name"": ""lp_academic_writing""}",2026-02-18 00:59:44+00:00,2026-02-18,lp_academic_writing,,,True
11f4bfce-7c1,u_00911,did_click_lp,"{""lp_name"": ""lp_business_emails""}",2026-02-18 20:20:47+00:00,2026-02-18,lp_business_emails,,,True
0c8f26f6-df4,u_00912,did_click_lp,"{""lp_name"": ""lp_business_emails""}",2026-02-25 15:00:17+00:00,2026-02-25,lp_business_emails,,,True
53634439-89e,u_00912,did_install_grammarly,{},2026-02-25 15:04:17+00:00,2026-02-25,,,,True
b9c199b0-17c,u_00913,did_click_lp,"{""lp_name"": ""lp_academic_writing""}",2026-02-09 08:28:56+00:00,2026-02-09,lp_academic_writing,,,True
4af38f10-897,u_00913,did_install_grammarly,{},2026-02-09 08:38:56+00:00,2026-02-09,,,,True
9b06f095-ff1,u_00914,did_click_lp,"{""lp_name"": ""lp_business_emails""}",2026-02-12 19:56:13+00:00,2026-02-12,lp_business_emails,,,True
5a223c99-d15,u_00915,did_click_lp,"{""lp_name"": ""lp_business_emails""}",2026-02-23 16:26:50+00:00,2026-02-23,lp_business_emails,,,True
0d238a29-b2c,u_00915,did_install_grammarly,{},2026-02-23 16:38:50+00:00,2026-02-23,,,,True
214b48aa-680,u_00916,did_click_lp,"{""lp_name"": ""lp_academic_writing""}",2026-02-06 21:59:56+00:00,2026-02-06,lp_academic_writing,,,True
8de30f77-c1f,u_00917,did_click_lp,"{""lp_name"": ""lp_academic_writing""}",2026-02-14 14:47:41+00:00,2026-02-14,lp_academic_writing,,,True
b6cfffc5-f51,u_00917,did_install_grammarly,{},2026-02-14 14:51:41+00:00,2026-02-14,,,,True
9e39f1d3-c61,u_00917,try_grammarly,"{""product_feature"": ""academic_citation_helper""}",2026-02-14 15:10:41+00:00,2026-02-14,,academic_citation_helper,,True
5fcf378e-db1,u_00918,did_click_lp,"{""lp_name"": ""lp_academic_writing""}",2026-02-10 23:44:48+00:00,2026-02-10,lp_academic_writing,,,True
87545194-b64,u_00918,did_install_grammarly,{},2026-02-10 23:46:48+00:00,2026-02-10,,,,True
f6eb1949-a1f,u_00919,did_click_lp,"{""lp_name"": ""lp_business_emails""}",2026-02-08 23:02:46+00:00,2026-02-08,lp_business_emails,,,True
02144175-9a7,u_00919,did_install_grammarly,{},2026-02-08 23:16:46+00:00,2026-02-08,,,,True
ed893de4-5bc,u_00919,try_grammarly,"{""product_feature"": ""smart_email_reply""}",2026-02-08 23:27:46+00:00,2026-02-08,,smart_email_reply,,True
5c18059e-473,u_00920,did_click_lp,"{""lp_name"": ""lp_academic_writing""}",2026-02-26 09:21:20+00:00,2026-02-26,lp_academic_writing,,,True
fee186ca-d1e,u_00920,did_install_grammarly,{},2026-02-26 09:28:20+00:00,2026-02-26,,,,True
dcc030fe-620,u_00920,try_grammarly,"{""product_feature"": ""academic_citation_helper""}",2026-02-26 09:42:20+00:00,2026-02-26,,academic_citation_helper,,True
10ff3aa0-92f,u_00920,try_grammarly,"{""product_feature"": ""academic_citation_helper""}",2026-02-27 20:56:49+00:00,2026-02-27,,academic_citation_helper,,True
8c18cb51-f20,u_00920,try_grammarly,"{""product_feature"": ""academic_citation_helper""}",2026-02-28 05:56:29+00:00,2026-02-28,,academic_citation_helper,,True
3096695f-058,u_00920,try_grammarly,"{""product_feature"": ""academic_citation_helper""}",2026-03-01 13:16:48+00:00,2026-03-01,,academic_citation_helper,,True
025f3404-566,u_00921,did_click_lp,"{""lp_name"": ""lp_business_emails""}",2026-02-12 08:16:27+00:00,2026-02-12,lp_business_emails,,,True
740790d3-3a2,u_00921,did_install_grammarly,{},2026-02-12 08:25:27+00:00,2026-02-12,,,,True
658af4b2-0f8,u_00921,try_grammarly,"{""product_feature"": ""smart_email_reply""}",2026-02-12 09:02:27+00:00,2026-02-12,,smart_email_reply,,True
6cc51787-346,u_00922,did_click_lp,"{""lp_name"": ""lp_academic_writing""}",2026-02-23 19:31:17+00:00,2026-02-23,lp_academic_writing,,,True
e47d1c4a-4b6,u_00922,did_install_grammarly,{},2026-02-23 19:34:17+00:00,2026-02-23,,,,True
ed82eff3-20b,u_00923,did_click_lp,"{""lp_name"": ""lp_academic_writing""}",2026-02-02 07:14:05+00:00,2026-02-02,lp_academic_writing,,,True
9d255b7d-cd3,u_00924,did_click_lp,"{""lp_name"": ""lp_academic_writing""}",2026-02-23 23:25:00+00:00,2026-02-23,lp_academic_writing,,,True
ffb8e6fd-fbc,u_00925,did_click_lp,"{""lp_name"": ""lp_business_emails""}",2026-02-18 15:02:59+00:00,2026-02-18,lp_business_emails,,,True
d15ab5df-00a,u_00926,did_click_lp,"{""lp_name"": ""lp_business_emails""}",2026-02-07 09:11:06+00:00,2026-02-07,lp_business_emails,,,True
438aeeb0-660,u_00926,did_install_grammarly,{},2026-02-07 09:21:06+00:00,2026-02-07,,,,True
75ee3055-b03,u_00927,did_click_lp,"{""lp_name"": ""lp_academic_writing""}",2026-02-08 11:14:47+00:00,2026-02-08,lp_academic_writing,,,True
333eae99-312,u_00928,did_click_lp,"{""lp_name"": ""lp_academic_writing""}",2026-02-14 11:42:42+00:00,2026-02-14,lp_academic_writing,,,True
ecded89d-9e8,u_00929,did_click_lp,"{""lp_name"": ""lp_business_emails""}",2026-02-28 16:57:14+00:00,2026-02-28,lp_business_emails,,,True
a721b117-5c5,u_00930,did_click_lp,"{""lp_name"": ""lp_business_emails""}",2026-02-18 07:29:17+00:00,2026-02-18,lp_business_emails,,,True
34f4785e-ff9,u_00931,did_click_lp,"{""lp_name"": ""lp_academic_writing""}",2026-02-04 00:13:10+00:00,2026-02-04,lp_academic_writing,,,True
e2f8b408-982,u_00932,did_click_lp,"{""lp_name"": ""lp_business_emails""}",2026-02-23 11:42:36+00:00,2026-02-23,lp_business_emails,,,True
7285d178-c32,u_00932,did_install_grammarly,{},2026-02-23 11:45:36+00:00,2026-02-23,,,,True
f1651b52-943,u_00933,did_click_lp,"{""lp_name"": ""lp_business_emails""}",2026-02-16 23:54:33+00:00,2026-02-16,lp_business_emails,,,True
f314fd79-e04,u_00933,did_install_grammarly,{},2026-02-17 00:07:33+00:00,2026-02-17,,,,True
4937796d-e0a,u_00933,try_grammarly,"{""product_feature"": ""smart_email_reply""}",2026-02-17 01:04:33+00:00,2026-02-17,,smart_email_reply,,True
00fa5387-361,u_00934,did_click_lp,"{""lp_name"": ""lp_business_emails""}",2026-02-24 03:04:26+00:00,2026-02-24,lp_business_emails,,,True
879fd677-519,u_00935,did_click_lp,"{""lp_name"": ""lp_academic_writing""}",2026-02-27 03:30:45+00:00,2026-02-27,lp_academic_writing,,,True
0d6baf1b-82b,u_00936,did_click_lp,"{""lp_name"": ""lp_academic_writing""}",2026-02-17 03:46:03+00:00,2026-02-17,lp_academic_writing,,,True
3c6f296e-f56,u_00937,did_click_lp,"{""lp_name"": ""lp_academic_writing""}",2026-02-25 22:10:32+00:00,2026-02-25,lp_academic_writing,,,True
dfe90b2d-b16,u_00938,did_click_lp,"{""lp_name"": ""lp_business_emails""}",2026-02-05 22:28:18+00:00,2026-02-05,lp_business_emails,,,True
218deefa-40c,u_00939,did_click_lp,"{""lp_name"": ""lp_business_emails""}",2026-02-11 10:00:13+00:00,2026-02-11,lp_business_emails,,,True
dcc91383-8ec,u_00939,did_install_grammarly,{},2026-02-11 10:06:13+00:00,2026-02-11,,,,True
0e152f2f-f51,u_00940,did_click_lp,"{""lp_name"": ""lp_academic_writing""}",2026-02-11 21:21:40+00:00,2026-02-11,lp_academic_writing,,,True
2b3d4671-e6a,u_00940,did_install_grammarly,{},2026-02-11 21:29:40+00:00,2026-02-11,,,,True
2c44ecc7-93e,u_00940,try_grammarly,"{""product_feature"": ""academic_citation_helper""}",2026-02-11 22:16:40+00:00,2026-02-11,,academic_citation_helper,,True
a0662843-573,u_00941,did_click_lp,"{""lp_name"": ""lp_academic_writing""}",2026-02-02 12:39:27+00:00,2026-02-02,lp_academic_writing,,,True
041ee2fb-33f,u_00942,did_click_lp,"{""lp_name"": ""lp_academic_writing""}",2026-02-18 15:20:41+00:00,2026-02-18,lp_academic_writing,,,True
1ae28a26-a17,u_00942,did_install_grammarly,{},2026-02-18 15:28:41+00:00,2026-02-18,,,,True
93974de2-4aa,u_00943,did_click_lp,"{""lp_name"": ""lp_business_emails""}",2026-02-08 01:16:21+00:00,2026-02-08,lp_business_emails,,,True
1d6c5d6a-bca,u_00944,did_click_lp,"{""lp_name"": ""lp_academic_writing""}",2026-02-19 16:14:50+00:00,2026-02-19,lp_academic_writing,,,True
681b0c5a-1cd,u_00945,did_click_lp,"{""lp_name"": ""lp_business_emails""}",2026-02-13 05:52:31+00:00,2026-02-13,lp_business_emails,,,True
576b76ad-340,u_00946,did_click_lp,"{""lp_name"": ""lp_academic_writing""}",2026-02-28 05:28:29+00:00,2026-02-28,lp_academic_writing,,,True
9a8a3ff5-e06,u_00946,did_install_grammarly,{},2026-02-28 05:29:29+00:00,2026-02-28,,,,True
e5ac7b55-f07,u_00946,try_grammarly,"{""product_feature"": ""academic_citation_helper""}",2026-02-28 05:56:29+00:00,2026-02-28,,academic_citation_helper,,True
6ee0601a-231,u_00946,try_grammarly,"{""product_feature"": ""academic_citation_helper""}",2026-03-01 17:13:26+00:00,2026-03-01,,academic_citation_helper,,True
688bb581-c52,u_00946,try_grammarly,"{""product_feature"": ""academic_citation_helper""}",2026-03-02 02:17:57+00:00,2026-03-02,,academic_citation_helper,,True
650661a8-41d,u_00947,did_click_lp,"{""lp_name"": ""lp_academic_writing""}",2026-02-19 21:55:09+00:00,2026-02-19,lp_academic_writing,,,True
70e52884-066,u_00947,did_install_grammarly,{},2026-02-19 21:58:09+00:00,2026-02-19,,,,True
0351394c-3b3,u_00947,try_grammarly,"{""product_feature"": ""academic_citation_helper""}",2026-02-19 22:48:09+00:00,2026-02-19,,academic_citation_helper,,True
3610c7b1-7de,u_00947,try_grammarly,"{""product_feature"": ""academic_citation_helper""}",2026-02-20 09:19:46+00:00,2026-02-20,,academic_citation_helper,,True
f53ba7ee-ed1,u_00948,did_click_lp,"{""lp_name"": ""lp_business_emails""}",2026-02-08 18:05:40+00:00,2026-02-08,lp_business_emails,,,True
a7afbf49-1f8,u_00949,did_click_lp,"{""lp_name"": ""lp_business_emails""}",2026-02-28 23:11:18+00:00,2026-02-28,lp_business_emails,,,True
170340a6-a41,u_00950,did_click_lp,"{""lp_name"": ""lp_academic_writing""}",2026-02-23 03:26:29+00:00,2026-02-23,lp_academic_writing,,,True
4005c0a9-84e,u_00951,did_click_lp,"{""lp_name"": ""lp_business_emails""}",2026-02-17 00:00:20+00:00,2026-02-17,lp_business_emails,,,True
2bca89a2-8a6,u_00952,did_click_lp,"{""lp_name"": ""lp_business_emails""}",2026-02-14 13:54:10+00:00,2026-02-14,lp_business_emails,,,True
86448f7f-6fc,u_00953,did_click_lp,"{""lp_name"": ""lp_business_emails""}",2026-02-01 14:55:17+00:00,2026-02-01,lp_business_emails,,,True
3d8fef01-d16,u_00953,did_install_grammarly,{},2026-02-01 15:01:17+00:00,2026-02-01,,,,True
ba7cd180-f14,u_00954,did_click_lp,"{""lp_name"": ""lp_business_emails""}",2026-02-21 07:08:42+00:00,2026-02-21,lp_business_emails,,,True
25340188-36a,u_00955,did_click_lp,"{""lp_name"": ""lp_academic_writing""}",2026-02-17 03:28:36+00:00,2026-02-17,lp_academic_writing,,,True
30db93fd-2c9,u_00956,did_click_lp,"{""lp_name"": ""lp_academic_writing""}",2026-02-09 11:16:37+00:00,2026-02-09,lp_academic_writing,,,True
42fbef23-6cc,u_00956,did_install_grammarly,{},2026-02-09 11:25:37+00:00,2026-02-09,,,,True
821cb497-3e6,u_00956,try_grammarly,"{""product_feature"": ""academic_citation_helper""}",2026-02-09 12:17:37+00:00,2026-02-09,,academic_citation_helper,,True
b1c7de88-55f,u_00956,try_grammarly,"{""product_feature"": ""academic_citation_helper""}",2026-02-10 05:50:11+00:00,2026-02-10,,academic_citation_helper,,True
f81ca423-d0b,u_00957,did_click_lp,"{""lp_name"": ""lp_business_emails""}",2026-02-13 11:03:48+00:00,2026-02-13,lp_business_emails,,,True
4ca2de4f-295,u_00957,did_install_grammarly,{},2026-02-13 11:15:48+00:00,2026-02-13,,,,True
497d66c8-d87,u_00958,did_click_lp,"{""lp_name"": ""lp_academic_writing""}",2026-02-16 21:54:44+00:00,2026-02-16,lp_academic_writing,,,True
74bdfd1b-244,u_00959,did_click_lp,"{""lp_name"": ""lp_academic_writing""}",2026-02-16 08:48:45+00:00,2026-02-16,lp_academic_writing,,,True
27ab61d8-8b2,u_00959,did_click_lp,"{""lp_name"": ""lp_business_emails""}",2026-02-24 11:25:03+00:00,2026-02-24,lp_business_emails,,,True
a297bd7a-3f8,u_00960,did_click_lp,"{""lp_name"": ""lp_business_emails""}",2026-02-02 18:34:04+00:00,2026-02-02,lp_business_emails,,,True
c6243580-72c,u_00960,did_install_grammarly,{},2026-02-02 18:48:04+00:00,2026-02-02,,,,True
03dfb4c9-1ab,u_00961,did_click_lp,"{""lp_name"": ""lp_business_emails""}",2026-02-01 18:06:21+00:00,2026-02-01,lp_business_emails,,,True
33c377ed-f64,u_00962,did_click_lp,"{""lp_name"": ""lp_business_emails""}",2026-02-13 17:01:40+00:00,2026-02-13,lp_business_emails,,,True
050ee9d1-9ad,u_00963,did_click_lp,"{""lp_name"": ""lp_business_emails""}",2026-02-03 01:07:53+00:00,2026-02-03,lp_business_emails,,,True
ef88e68e-27c,u_00964,did_click_lp,"{""lp_name"": ""lp_business_emails""}",2026-02-25 10:27:11+00:00,2026-02-25,lp_business_emails,,,True
189f34cc-f01,u_00964,did_install_grammarly,{},2026-02-25 10:39:11+00:00,2026-02-25,,,,True
aae2bf6a-7df,u_00965,did_click_lp,"{""lp_name"": ""lp_academic_writing""}",2026-02-25 13:27:44+00:00,2026-02-25,lp_academic_writing,,,True
0482e06c-86b,u_00966,did_click_lp,"{""lp_name"": ""lp_business_emails""}",2026-02-22 20:20:58+00:00,2026-02-22,lp_business_emails,,,True
ac960f8b-a32,u_00967,did_click_lp,"{""lp_name"": ""lp_academic_writing""}",2026-02-12 05:46:18+00:00,2026-02-12,lp_academic_writing,,,True
d3d97f7e-d3b,u_00968,did_click_lp,"{""lp_name"": ""lp_academic_writing""}",2026-02-11 09:10:12+00:00,2026-02-11,lp_academic_writing,,,True
e62aba5d-1cf,u_00968,did_install_grammarly,{},2026-02-11 09:17:12+00:00,2026-02-11,,,,True
a9607391-5c4,u_00968,try_grammarly,"{""product_feature"": ""academic_citation_helper""}",2026-02-11 09:56:12+00:00,2026-02-11,,academic_citation_helper,,True
456024aa-f82,u_00968,try_grammarly,"{""product_feature"": ""academic_citation_helper""}",2026-02-12 05:44:27+00:00,2026-02-12,,academic_citation_helper,,True
39b83667-cb9,u_00968,try_grammarly,"{""product_feature"": ""academic_citation_helper""}",2026-02-13 22:36:24+00:00,2026-02-13,,academic_citation_helper,,True
44ae51c6-d24,u_00969,did_click_lp,"{""lp_name"": ""lp_business_emails""}",2026-02-25 09:31:09+00:00,2026-02-25,lp_business_emails,,,True
7f52c10c-f27,u_00969,did_install_grammarly,{},2026-02-25 09:41:09+00:00,2026-02-25,,,,True
cb2bb338-e5a,u_00969,try_grammarly,"{""product_feature"": ""smart_email_reply""}",2026-02-25 10:04:09+00:00,2026-02-25,,smart_email_reply,,True
64669a03-69f,u_00970,did_click_lp,"{""lp_name"": ""lp_business_emails""}",2026-02-21 20:27:35+00:00,2026-02-21,lp_business_emails,,,True
cd97c64e-59f,u_00971,did_click_lp,"{""lp_name"": ""lp_academic_writing""}",2026-02-13 02:56:29+00:00,2026-02-13,lp_academic_writing,,,True
0685a92d-fde,u_00972,did_click_lp,"{""lp_name"": ""lp_business_emails""}",2026-02-08 05:25:40+00:00,2026-02-08,lp_business_emails,,,True
c31639be-e13,u_00973,did_click_lp,"{""lp_name"": ""lp_academic_writing""}",2026-02-06 10:40:03+00:00,2026-02-06,lp_academic_writing,,,True
073ed89c-7b6,u_00973,did_install_grammarly,{},2026-02-06 10:45:03+00:00,2026-02-06,,,,True
b7288ad0-7d9,u_00973,try_grammarly,"{""product_feature"": ""academic_citation_helper""}",2026-02-06 11:39:03+00:00,2026-02-06,,academic_citation_helper,,True
21f7040f-6be,u_00973,try_grammarly,"{""product_feature"": ""academic_citation_helper""}",2026-02-07 05:31:50+00:00,2026-02-07,,academic_citation_helper,,True
7bf625d4-c4f,u_00974,did_click_lp,"{""lp_name"": ""lp_academic_writing""}",2026-02-20 18:50:35+00:00,2026-02-20,lp_academic_writing,,,True
f86cbad4-8b4,u_00974,did_install_grammarly,{},2026-02-20 18:58:35+00:00,2026-02-20,,,,True
251fd321-000,u_00975,did_click_lp,"{""lp_name"": ""lp_business_emails""}",2026-02-27 20:10:23+00:00,2026-02-27,lp_business_emails,,,True
f6e4d279-5d4,u_00976,did_click_lp,"{""lp_name"": ""lp_business_emails""}",2026-02-13 06:13:49+00:00,2026-02-13,lp_business_emails,,,True
7121df0a-4c3,u_00977,did_click_lp,"{""lp_name"": ""lp_academic_writing""}",2026-02-25 04:09:30+00:00,2026-02-25,lp_academic_writing,,,True
24266244-e33,u_00977,did_install_grammarly,{},2026-02-25 04:15:30+00:00,2026-02-25,,,,True
4ba02252-305,u_00977,try_grammarly,"{""product_feature"": ""academic_citation_helper""}",2026-02-25 04:20:30+00:00,2026-02-25,,academic_citation_helper,,True
dae31ec9-3be,u_00977,try_grammarly,"{""product_feature"": ""academic_citation_helper""}",2026-02-26 21:43:09+00:00,2026-02-26,,academic_citation_helper,,True
233b9bd5-b12,u_00977,try_grammarly,"{""product_feature"": ""academic_citation_helper""}",2026-02-27 16:52:53+00:00,2026-02-27,,academic_citation_helper,,True
918105de-742,u_00978,did_click_lp,"{""lp_name"": ""lp_business_emails""}",2026-02-22 11:28:27+00:00,2026-02-22,lp_business_emails,,,True
8e282a5f-e1a,u_00979,did_click_lp,"{""lp_name"": ""lp_business_emails""}",2026-02-07 03:58:40+00:00,2026-02-07,lp_business_emails,,,True
8f23f31b-29f,u_00980,did_click_lp,"{""lp_name"": ""lp_business_emails""}",2026-02-20 21:13:25+00:00,2026-02-20,lp_business_emails,,,True
ef86af37-5b6,u_00980,did_install_grammarly,{},2026-02-20 21:26:25+00:00,2026-02-20,,,,True
53754bc2-e32,u_00980,try_grammarly,"{""product_feature"": ""smart_email_reply""}",2026-02-20 22:25:25+00:00,2026-02-20,,smart_email_reply,,True
9af17361-e7d,u_00980,try_grammarly,"{""product_feature"": ""smart_email_reply""}",2026-02-22 19:04:51+00:00,2026-02-22,,smart_email_reply,,True
6832137f-70f,u_00981,did_click_lp,"{""lp_name"": ""lp_business_emails""}",2026-02-17 19:00:23+00:00,2026-02-17,lp_business_emails,,,True
cb2ace44-93b,u_00982,did_click_lp,"{""lp_name"": ""lp_academic_writing""}",2026-02-12 21:06:53+00:00,2026-02-12,lp_academic_writing,,,True
620a8a9e-16e,u_00982,did_install_grammarly,{},2026-02-12 21:10:53+00:00,2026-02-12,,,,True
aa6ee734-d05,u_00982,try_grammarly,"{""product_feature"": ""academic_citation_helper""}",2026-02-12 21:39:53+00:00,2026-02-12,,academic_citation_helper,,True
b23e1c2d-4b3,u_00982,try_grammarly,"{""product_feature"": ""academic_citation_helper""}",2026-02-13 18:38:27+00:00,2026-02-13,,academic_citation_helper,,True
1355cbc3-bfc,u_00982,try_grammarly,"{""product_feature"": ""academic_citation_helper""}",2026-02-14 13:51:23+00:00,2026-02-14,,academic_citation_helper,,True
1dab20b3-db6,u_00983,did_click_lp,"{""lp_name"": ""lp_business_emails""}",2026-02-26 15:43:48+00:00,2026-02-26,lp_business_emails,,,True
b2253b1f-69b,u_00984,did_click_lp,"{""lp_name"": ""lp_academic_writing""}",2026-02-17 13:44:57+00:00,2026-02-17,lp_academic_writing,,,True
21f5ad83-50a,u_00984,did_install_grammarly,{},2026-02-17 13:46:57+00:00,2026-02-17,,,,True
580af6d2-186,u_00985,did_click_lp,"{""lp_name"": ""lp_business_emails""}",2026-02-25 03:54:15+00:00,2026-02-25,lp_business_emails,,,True
55c6b5bf-028,u_00986,did_click_lp,"{""lp_name"": ""lp_academic_writing""}",2026-02-26 21:39:04+00:00,2026-02-26,lp_academic_writing,,,True
744cc6b5-b65,u_00986,did_install_grammarly,{},2026-02-26 21:46:04+00:00,2026-02-26,,,,True
5c2fd876-e22,u_00987,did_click_lp,"{""lp_name"": ""lp_business_emails""}",2026-02-11 03:25:39+00:00,2026-02-11,lp_business_emails,,,True
21080b89-e22,u_00988,did_click_lp,"{""lp_name"": ""lp_business_emails""}",2026-02-15 21:29:01+00:00,2026-02-15,lp_business_emails,,,True
1e590f97-b30,u_00988,did_install_grammarly,{},2026-02-15 21:39:01+00:00,2026-02-15,,,,True
0991f75f-030,u_00988,try_grammarly,"{""product_feature"": ""smart_email_reply""}",2026-02-15 22:04:01+00:00,2026-02-15,,smart_email_reply,,True
078cf8c0-465,u_00989,did_click_lp,"{""lp_name"": ""lp_business_emails""}",2026-02-24 05:23:06+00:00,2026-02-24,lp_business_emails,,,True
d30c2787-aa7,u_00990,did_click_lp,"{""lp_name"": ""lp_academic_writing""}",2026-02-04 12:44:19+00:00,2026-02-04,lp_academic_writing,,,True
529b9554-f96,u_00991,did_click_lp,"{""lp_name"": ""lp_academic_writing""}",2026-02-24 01:32:58+00:00,2026-02-24,lp_academic_writing,,,True
41797017-135,u_00992,did_click_lp,"{""lp_name"": ""lp_academic_writing""}",2026-02-22 02:44:46+00:00,2026-02-22,lp_academic_writing,,,True
fbcbba4a-268,u_00993,did_click_lp,"{""lp_name"": ""lp_academic_writing""}",2026-02-20 21:20:09+00:00,2026-02-20,lp_academic_writing,,,True
1c0025ee-6d2,u_00993,did_install_grammarly,{},2026-02-20 21:30:09+00:00,2026-02-20,,,,True
a671679d-450,u_00993,try_grammarly,"{""product_feature"": ""academic_citation_helper""}",2026-02-20 21:39:09+00:00,2026-02-20,,academic_citation_helper,,True
5bf19385-0b1,u_00993,try_grammarly,"{""product_feature"": ""academic_citation_helper""}",2026-02-21 16:49:31+00:00,2026-02-21,,academic_citation_helper,,True
72deb534-d80,u_00994,did_click_lp,"{""lp_name"": ""lp_academic_writing""}",2026-02-27 14:01:07+00:00,2026-02-27,lp_academic_writing,,,True
c6649f6b-4f9,u_00995,did_click_lp,"{""lp_name"": ""lp_business_emails""}",2026-02-02 23:29:33+00:00,2026-02-02,lp_business_emails,,,True
33b0692b-968,u_00995,did_install_grammarly,{},2026-02-02 23:36:33+00:00,2026-02-02,,,,True
977a2ff0-85f,u_00995,try_grammarly,"{""product_feature"": ""smart_email_reply""}",2026-02-02 23:57:33+00:00,2026-02-02,,smart_email_reply,,True
a69935c5-699,u_00995,try_grammarly,"{""product_feature"": ""smart_email_reply""}",2026-02-04 05:27:49+00:00,2026-02-04,,smart_email_reply,,True
7a6fbaec-ece,u_00995,try_grammarly,"{""product_feature"": ""smart_email_reply""}",2026-02-06 18:29:22+00:00,2026-02-06,,smart_email_reply,,True
6f168b49-766,u_00996,did_click_lp,"{""lp_name"": ""lp_business_emails""}",2026-02-01 03:30:37+00:00,2026-02-01,lp_business_emails,,,True
9738cd67-77a,u_00997,did_click_lp,"{""lp_name"": ""lp_business_emails""}",2026-02-15 19:36:14+00:00,2026-02-15,lp_business_emails,,,True
1e6b5dec-e16,u_00998,did_click_lp,"{""lp_name"": ""lp_academic_writing""}",2026-02-26 00:47:14+00:00,2026-02-26,lp_academic_writing,,,True
f5f86f9c-cf7,u_00999,did_click_lp,"{""lp_name"": ""lp_business_emails""}",2026-02-26 20:20:15+00:00,2026-02-26,lp_business_emails,,,True
88dc82b5-c2a,u_00999,did_install_grammarly,{},2026-02-26 20:34:15+00:00,2026-02-26,,,,True
41c22bf2-46b,u_00999,try_grammarly,"{""product_feature"": ""smart_email_reply""}",2026-02-26 20:39:15+00:00,2026-02-26,,smart_email_reply,,True
b832aa68-aef,u_01000,did_click_lp,"{""lp_name"": ""lp_business_emails""}",2026-02-27 07:18:49+00:00,2026-02-27,lp_business_emails,,,True
ea8c6b36-945,u_01000,did_install_grammarly,{},2026-02-27 07:25:49+00:00,2026-02-27,,,,True
54ed8ee9-e6f,u_01000,try_grammarly,"{""product_feature"": ""smart_email_reply""}",2026-02-27 08:03:49+00:00,2026-02-27,,smart_email_reply,,True
8c814c0a-02b,u_01001,did_click_lp,"{""lp_name"": ""lp_business_emails""}",2026-02-25 04:01:09+00:00,2026-02-25,lp_business_emails,,,True
d0e1115f-85e,u_01002,did_click_lp,"{""lp_name"": ""lp_academic_writing""}",2026-02-23 16:27:14+00:00,2026-02-23,lp_academic_writing,,,True
43d0dd01-acf,u_01003,did_click_lp,"{""lp_name"": ""lp_business_emails""}",2026-02-18 17:28:20+00:00,2026-02-18,lp_business_emails,,,True
cdefcfad-95b,u_01004,did_click_lp,"{""lp_name"": ""lp_business_emails""}",2026-02-08 14:29:28+00:00,2026-02-08,lp_business_emails,,,True
cdff60d5-c74,u_01004,did_install_grammarly,{},2026-02-08 14:36:28+00:00,2026-02-08,,,,True
0180ac4a-cf9,u_01004,try_grammarly,"{""product_feature"": ""smart_email_reply""}",2026-02-08 14:59:28+00:00,2026-02-08,,smart_email_reply,,True
1d888f27-3ff,u_01005,did_click_lp,"{""lp_name"": ""lp_business_emails""}",2026-02-18 16:52:18+00:00,2026-02-18,lp_business_emails,,,True
3904d960-f56,u_01006,did_click_lp,"{""lp_name"": ""lp_business_emails""}",2026-02-11 05:45:05+00:00,2026-02-11,lp_business_emails,,,True
7d9425a2-fe3,u_01007,did_click_lp,"{""lp_name"": ""lp_academic_writing""}",2026-02-05 20:23:21+00:00,2026-02-05,lp_academic_writing,,,True
72e1efe0-bcf,u_01008,did_click_lp,"{""lp_name"": ""lp_academic_writing""}",2026-02-08 02:09:00+00:00,2026-02-08,lp_academic_writing,,,True
e56d5ebc-a68,u_01009,did_click_lp,"{""lp_name"": ""lp_business_emails""}",2026-02-22 03:52:26+00:00,2026-02-22,lp_business_emails,,,True
f536dfe5-df0,u_01010,did_click_lp,"{""lp_name"": ""lp_academic_writing""}",2026-02-21 06:50:04+00:00,2026-02-21,lp_academic_writing,,,True
7d852c30-7b7,u_01010,did_install_grammarly,{},2026-02-21 06:58:04+00:00,2026-02-21,,,,True
7181c54b-547,u_01011,did_click_lp,"{""lp_name"": ""lp_business_emails""}",2026-02-12 22:47:37+00:00,2026-02-12,lp_business_emails,,,True
dfb537b0-cc7,u_01012,did_click_lp,"{""lp_name"": ""lp_academic_writing""}",2026-02-14 11:08:25+00:00,2026-02-14,lp_academic_writing,,,True
d1fae902-78b,u_01013,did_click_lp,"{""lp_name"": ""lp_business_emails""}",2026-02-03 07:28:17+00:00,2026-02-03,lp_business_emails,,,True
5bdbdee0-46a,u_01013,did_install_grammarly,{},2026-02-03 07:35:17+00:00,2026-02-03,,,,True
c71a9ae5-d25,u_01013,try_grammarly,"{""product_feature"": ""smart_email_reply""}",2026-02-03 07:54:17+00:00,2026-02-03,,smart_email_reply,,True
72c0cda4-d18,u_01014,did_click_lp,"{""lp_name"": ""lp_academic_writing""}",2026-02-20 20:10:28+00:00,2026-02-20,lp_academic_writing,,,True
bb152f2d-692,u_01014,did_install_grammarly,{},2026-02-20 20:14:28+00:00,2026-02-20,,,,True
6b0558d3-cd2,u_01015,did_click_lp,"{""lp_name"": ""lp_academic_writing""}",2026-02-03 19:42:39+00:00,2026-02-03,lp_academic_writing,,,True
a2fbbbb4-3ab,u_01016,did_click_lp,"{""lp_name"": ""lp_business_emails""}",2026-02-23 02:30:38+00:00,2026-02-23,lp_business_emails,,,True
a6e304e2-ce0,u_01017,did_click_lp,"{""lp_name"": ""lp_business_emails""}",2026-02-24 21:17:34+00:00,2026-02-24,lp_business_emails,,,True
c7e08dd6-bf5,u_01018,did_click_lp,"{""lp_name"": ""lp_academic_writing""}",2026-02-25 12:05:00+00:00,2026-02-25,lp_academic_writing,,,True
36a97c99-265,u_01019,did_click_lp,"{""lp_name"": ""lp_business_emails""}",2026-02-26 04:19:33+00:00,2026-02-26,lp_business_emails,,,True
a58d73ad-2fc,u_01020,did_click_lp,"{""lp_name"": ""lp_academic_writing""}",2026-02-11 06:43:42+00:00,2026-02-11,lp_academic_writing,,,True
14677e66-29d,u_01020,did_install_grammarly,{},2026-02-11 06:45:42+00:00,2026-02-11,,,,True
0a2ae200-a80,u_01021,did_click_lp,"{""lp_name"": ""lp_business_emails""}",2026-02-03 09:18:36+00:00,2026-02-03,lp_business_emails,,,True
b4508c9b-ee3,u_01021,did_install_grammarly,{},2026-02-03 09:19:36+00:00,2026-02-03,,,,True
981306af-144,u_01022,did_click_lp,"{""lp_name"": ""lp_academic_writing""}",2026-02-13 15:49:09+00:00,2026-02-13,lp_academic_writing,,,True
2f70f2d8-eaa,u_01023,did_click_lp,"{""lp_name"": ""lp_business_emails""}",2026-02-03 16:13:51+00:00,2026-02-03,lp_business_emails,,,True
2e501487-0aa,u_01024,did_click_lp,"{""lp_name"": ""lp_business_emails""}",2026-02-08 22:37:25+00:00,2026-02-08,lp_business_emails,,,True
a5a4b28d-2a5,u_01025,did_click_lp,"{""lp_name"": ""lp_business_emails""}",2026-02-12 22:43:38+00:00,2026-02-12,lp_business_emails,,,True
30056b5f-bce,u_01026,did_click_lp,"{""lp_name"": ""lp_business_emails""}",2026-02-09 01:27:40+00:00,2026-02-09,lp_business_emails,,,True
b6eb3197-519,u_01027,did_click_lp,"{""lp_name"": ""lp_business_emails""}",2026-02-11 11:51:32+00:00,2026-02-11,lp_business_emails,,,True
d0dc9825-ac0,u_01028,did_click_lp,"{""lp_name"": ""lp_business_emails""}",2026-02-21 12:36:50+00:00,2026-02-21,lp_business_emails,,,True
8a1314d8-60e,u_01029,did_click_lp,"{""lp_name"": ""lp_business_emails""}",2026-02-15 16:32:32+00:00,2026-02-15,lp_business_emails,,,True
b8722370-acd,u_01030,did_click_lp,"{""lp_name"": ""lp_business_emails""}",2026-02-09 15:49:07+00:00,2026-02-09,lp_business_emails,,,True
c1e37846-05b,u_01031,did_click_lp,"{""lp_name"": ""lp_academic_writing""}",2026-02-05 13:39:43+00:00,2026-02-05,lp_academic_writing,,,True
6d6c62a7-a22,u_01032,did_click_lp,"{""lp_name"": ""lp_business_emails""}",2026-02-23 18:09:12+00:00,2026-02-23,lp_business_emails,,,True
e97fce87-35e,u_01033,did_click_lp,"{""lp_name"": ""lp_academic_writing""}",2026-02-10 08:03:19+00:00,2026-02-10,lp_academic_writing,,,True
584e2ed7-a90,u_01034,did_click_lp,"{""lp_name"": ""lp_business_emails""}",2026-02-03 04:26:06+00:00,2026-02-03,lp_business_emails,,,True
59f30e72-e5d,u_01035,did_click_lp,"{""lp_name"": ""lp_business_emails""}",2026-02-09 23:30:50+00:00,2026-02-09,lp_business_emails,,,True
62de45ce-715,u_01035,did_install_grammarly,{},2026-02-09 23:38:50+00:00,2026-02-09,,,,True
53c06cd3-1ca,u_01036,did_click_lp,"{""lp_name"": ""lp_business_emails""}",2026-02-04 14:21:40+00:00,2026-02-04,lp_business_emails,,,True
b452ca91-0e9,u_01037,did_click_lp,"{""lp_name"": ""lp_academic_writing""}",2026-02-11 19:54:53+00:00,2026-02-11,lp_academic_writing,,,True
fa25d2c5-618,u_01038,did_click_lp,"{""lp_name"": ""lp_academic_writing""}",2026-02-10 23:43:12+00:00,2026-02-10,lp_academic_writing,,,True
6e48ce31-67e,u_01039,did_click_lp,"{""lp_name"": ""lp_academic_writing""}",2026-02-22 13:34:03+00:00,2026-02-22,lp_academic_writing,,,True
8a9bd936-2b8,u_01040,did_click_lp,"{""lp_name"": ""lp_business_emails""}",2026-02-06 05:49:49+00:00,2026-02-06,lp_business_emails,,,True
c6aee8fd-de1,u_01041,did_click_lp,"{""lp_name"": ""lp_business_emails""}",2026-02-06 09:53:54+00:00,2026-02-06,lp_business_emails,,,True
c196a60f-b57,u_01042,did_click_lp,"{""lp_name"": ""lp_academic_writing""}",2026-02-09 09:12:02+00:00,2026-02-09,lp_academic_writing,,,True
2c189d3a-805,u_01043,did_click_lp,"{""lp_name"": ""lp_academic_writing""}",2026-02-26 18:08:13+00:00,2026-02-26,lp_academic_writing,,,True
ce147848-c14,u_01044,did_click_lp,"{""lp_name"": ""lp_business_emails""}",2026-02-26 01:44:41+00:00,2026-02-26,lp_business_emails,,,True
f034ecfe-d56,u_01045,did_click_lp,"{""lp_name"": ""lp_academic_writing""}",2026-02-11 06:53:35+00:00,2026-02-11,lp_academic_writing,,,True
3d0c954d-9b1,u_01046,did_click_lp,"{""lp_name"": ""lp_business_emails""}",2026-02-07 03:01:25+00:00,2026-02-07,lp_business_emails,,,True
60def35e-7e1,u_01047,did_click_lp,"{""lp_name"": ""lp_academic_writing""}",2026-02-25 16:31:46+00:00,2026-02-25,lp_academic_writing,,,True
c4fe1e67-e98,u_01048,did_click_lp,"{""lp_name"": ""lp_academic_writing""}",2026-02-11 16:12:01+00:00,2026-02-11,lp_academic_writing,,,True
d024c1f8-737,u_01049,did_click_lp,"{""lp_name"": ""lp_academic_writing""}",2026-02-23 22:39:06+00:00,2026-02-23,lp_academic_writing,,,True
a67a1e23-f6a,u_01050,did_click_lp,"{""lp_name"": ""lp_business_emails""}",2026-02-18 10:31:14+00:00,2026-02-18,lp_business_emails,,,True
d45f14e4-560,u_01051,did_click_lp,"{""lp_name"": ""lp_academic_writing""}",2026-02-27 07:19:40+00:00,2026-02-27,lp_academic_writing,,,True
7d837464-af9,u_01052,did_click_lp,"{""lp_name"": ""lp_business_emails""}",2026-02-07 09:10:27+00:00,2026-02-07,lp_business_emails,,,True
1dd35038-573,u_01053,did_click_lp,"{""lp_name"": ""lp_academic_writing""}",2026-02-10 05:50:16+00:00,2026-02-10,lp_academic_writing,,,True
78d9e8b6-cae,u_01053,did_install_grammarly,{},2026-02-10 05:56:16+00:00,2026-02-10,,,,True
9f9cac12-29a,u_01054,did_click_lp,"{""lp_name"": ""lp_academic_writing""}",2026-02-21 11:19:37+00:00,2026-02-21,lp_academic_writing,,,True
533cf1c9-474,u_01055,did_click_lp,"{""lp_name"": ""lp_academic_writing""}",2026-02-03 16:16:24+00:00,2026-02-03,lp_academic_writing,,,True
30abc9dd-6e3,u_01056,did_click_lp,"{""lp_name"": ""lp_academic_writing""}",2026-02-19 01:36:50+00:00,2026-02-19,lp_academic_writing,,,True
51ad990e-9de,u_01057,did_click_lp,"{""lp_name"": ""lp_academic_writing""}",2026-02-08 09:12:34+00:00,2026-02-08,lp_academic_writing,,,True
70921eda-4cb,u_01058,did_click_lp,"{""lp_name"": ""lp_academic_writing""}",2026-02-26 14:01:02+00:00,2026-02-26,lp_academic_writing,,,True
d8a6dae1-ffa,u_01058,did_install_grammarly,{},2026-02-26 14:07:02+00:00,2026-02-26,,,,True
c85746f1-830,u_01059,did_click_lp,"{""lp_name"": ""lp_business_emails""}",2026-02-25 20:22:01+00:00,2026-02-25,lp_business_emails,,,True
fb3faa60-a09,u_01059,did_install_grammarly,{},2026-02-25 20:29:01+00:00,2026-02-25,,,,True
da5ed3bb-83c,u_01060,did_click_lp,"{""lp_name"": ""lp_academic_writing""}",2026-02-27 15:00:06+00:00,2026-02-27,lp_academic_writing,,,True
14d5c2d9-66b,u_01060,did_install_grammarly,{},2026-02-27 15:07:06+00:00,2026-02-27,,,,True
a1d95624-090,u_01060,try_grammarly,"{""product_feature"": ""academic_citation_helper""}",2026-02-27 15:53:06+00:00,2026-02-27,,academic_citation_helper,,True
33b6b01d-2ef,u_01060,try_grammarly,"{""product_feature"": ""academic_citation_helper""}",2026-02-28 13:10:11+00:00,2026-02-28,,academic_citation_helper,,True
997983bf-ecd,u_01060,try_grammarly,"{""product_feature"": ""academic_citation_helper""}",2026-03-01 22:08:12+00:00,2026-03-01,,academic_citation_helper,,True
343e813b-784,u_01061,did_click_lp,"{""lp_name"": ""lp_academic_writing""}",2026-02-15 11:00:07+00:00,2026-02-15,lp_academic_writing,,,True
0bf2ee00-fe5,u_01061,did_install_grammarly,{},2026-02-15 11:02:07+00:00,2026-02-15,,,,True
ed137250-f0c,u_01061,try_grammarly,"{""product_feature"": ""academic_citation_helper""}",2026-02-15 11:49:07+00:00,2026-02-15,,academic_citation_helper,,True
b0cbaf8e-f2d,u_01062,did_click_lp,"{""lp_name"": ""lp_business_emails""}",2026-02-23 23:54:46+00:00,2026-02-23,lp_business_emails,,,True
9232104f-18a,u_01062,did_install_grammarly,{},2026-02-24 00:03:46+00:00,2026-02-24,,,,True
932352f8-915,u_01063,did_click_lp,"{""lp_name"": ""lp_academic_writing""}",2026-02-18 00:38:56+00:00,2026-02-18,lp_academic_writing,,,True
7858130c-f61,u_01064,did_click_lp,"{""lp_name"": ""lp_academic_writing""}",2026-02-28 08:44:15+00:00,2026-02-28,lp_academic_writing,,,True
4ef55f45-f3a,u_01065,did_click_lp,"{""lp_name"": ""lp_academic_writing""}",2026-02-04 09:55:34+00:00,2026-02-04,lp_academic_writing,,,True
c2d1b405-fe4,u_01066,did_click_lp,"{""lp_name"": ""lp_business_emails""}",2026-02-21 18:45:47+00:00,2026-02-21,lp_business_emails,,,True
61b68ac0-219,u_01067,did_click_lp,"{""lp_name"": ""lp_academic_writing""}",2026-02-19 23:37:01+00:00,2026-02-19,lp_academic_writing,,,True
fc9dcf8a-b77,u_01068,did_click_lp,"{""lp_name"": ""lp_business_emails""}",2026-02-07 02:49:43+00:00,2026-02-07,lp_business_emails,,,True
188b0e9b-63c,u_01069,did_click_lp,"{""lp_name"": ""lp_business_emails""}",2026-02-14 04:05:22+00:00,2026-02-14,lp_business_emails,,,True
595e73e8-652,u_01070,did_click_lp,"{""lp_name"": ""lp_business_emails""}",2026-02-20 09:11:40+00:00,2026-02-20,lp_business_emails,,,True
714560f5-3d8,u_01070,did_install_grammarly,{},2026-02-20 09:14:40+00:00,2026-02-20,,,,True
15873114-437,u_01071,did_click_lp,"{""lp_name"": ""lp_academic_writing""}",2026-02-21 12:55:04+00:00,2026-02-21,lp_academic_writing,,,True
c2041958-4d3,u_01072,did_click_lp,"{""lp_name"": ""lp_academic_writing""}",2026-02-17 20:03:12+00:00,2026-02-17,lp_academic_writing,,,True
0ba64460-d60,u_01072,did_install_grammarly,{},2026-02-17 20:10:12+00:00,2026-02-17,,,,True
bab420e7-3ea,u_01073,did_click_lp,"{""lp_name"": ""lp_business_emails""}",2026-02-09 08:36:51+00:00,2026-02-09,lp_business_emails,,,True
ebc8cf7e-c47,u_01074,did_click_lp,"{""lp_name"": ""lp_academic_writing""}",2026-02-28 15:38:26+00:00,2026-02-28,lp_academic_writing,,,True
30d348f0-6e3,u_01075,did_click_lp,"{""lp_name"": ""lp_academic_writing""}",2026-02-27 19:25:37+00:00,2026-02-27,lp_academic_writing,,,True
524bcaf2-baf,u_01075,did_install_grammarly,{},2026-02-27 19:34:37+00:00,2026-02-27,,,,True
66eaea0b-b45,u_01076,did_click_lp,"{""lp_name"": ""lp_academic_writing""}",2026-02-21 13:14:20+00:00,2026-02-21,lp_academic_writing,,,True
1e186074-84c,u_01076,did_install_grammarly,{},2026-02-21 13:20:20+00:00,2026-02-21,,,,True
dbb8abd9-139,u_01076,try_grammarly,"{""product_feature"": ""academic_citation_helper""}",2026-02-21 13:29:20+00:00,2026-02-21,,academic_citation_helper,,True
e4bfd7d9-f83,u_01076,try_grammarly,"{""product_feature"": ""academic_citation_helper""}",2026-02-22 03:32:43+00:00,2026-02-22,,academic_citation_helper,,True
8d5635d8-4ef,u_01077,did_click_lp,"{""lp_name"": ""lp_business_emails""}",2026-02-06 11:51:41+00:00,2026-02-06,lp_business_emails,,,True
f3583154-b21,u_01078,did_click_lp,"{""lp_name"": ""lp_business_emails""}",2026-02-12 15:16:32+00:00,2026-02-12,lp_business_emails,,,True
6dd92a9d-09c,u_01078,did_install_grammarly,{},2026-02-12 15:24:32+00:00,2026-02-12,,,,True
d9db796b-99f,u_01078,try_grammarly,"{""product_feature"": ""smart_email_reply""}",2026-02-12 15:51:32+00:00,2026-02-12,,smart_email_reply,,True
99680b22-400,u_01079,did_click_lp,"{""lp_name"": ""lp_business_emails""}",2026-02-05 11:31:53+00:00,2026-02-05,lp_business_emails,,,True
94cbb6d2-9b3,u_01079,did_install_grammarly,{},2026-02-05 11:41:53+00:00,2026-02-05,,,,True
18085a16-c83,u_01079,try_grammarly,"{""product_feature"": ""smart_email_reply""}",2026-02-05 12:30:53+00:00,2026-02-05,,smart_email_reply,,True
3612b208-200,u_01079,try_grammarly,"{""product_feature"": ""smart_email_reply""}",2026-02-08 12:14:59+00:00,2026-02-08,,smart_email_reply,,True
3aad7a81-79c,u_01080,did_click_lp,"{""lp_name"": ""lp_business_emails""}",2026-02-02 11:01:39+00:00,2026-02-02,lp_business_emails,,,True
71050a9b-288,u_01081,did_click_lp,"{""lp_name"": ""lp_business_emails""}",2026-02-10 06:01:32+00:00,2026-02-10,lp_business_emails,,,True
905b2b39-e98,u_01081,did_click_lp,"{""lp_name"": ""lp_academic_writing""}",2026-02-20 23:17:52+00:00,2026-02-20,lp_academic_writing,,,True
aeb3408e-6eb,u_01081,did_install_grammarly,{},2026-02-20 23:19:52+00:00,2026-02-20,,,,True
141880df-795,u_01082,did_click_lp,"{""lp_name"": ""lp_business_emails""}",2026-02-12 05:15:40+00:00,2026-02-12,lp_business_emails,,,True
197f8515-71d,u_01083,did_click_lp,"{""lp_name"": ""lp_academic_writing""}",2026-02-12 17:47:56+00:00,2026-02-12,lp_academic_writing,,,True
b27c2624-69d,u_01084,did_click_lp,"{""lp_name"": ""lp_business_emails""}",2026-02-05 02:36:32+00:00,2026-02-05,lp_business_emails,,,True
c9f2cbf2-7eb,u_01085,did_click_lp,"{""lp_name"": ""lp_business_emails""}",2026-02-27 02:03:00+00:00,2026-02-27,lp_business_emails,,,True
619a0a65-7a6,u_01086,did_click_lp,"{""lp_name"": ""lp_business_emails""}",2026-02-01 17:05:52+00:00,2026-02-01,lp_business_emails,,,True
5817f48d-8ee,u_01086,did_install_grammarly,{},2026-02-01 17:11:52+00:00,2026-02-01,,,,True
3310b0c4-056,u_01086,try_grammarly,"{""product_feature"": ""smart_email_reply""}",2026-02-01 17:19:52+00:00,2026-02-01,,smart_email_reply,,True
aadd956b-bea,u_01087,did_click_lp,"{""lp_name"": ""lp_business_emails""}",2026-02-20 13:01:17+00:00,2026-02-20,lp_business_emails,,,True
aaa5aa2f-659,u_01088,did_click_lp,"{""lp_name"": ""lp_business_emails""}",2026-02-04 22:12:01+00:00,2026-02-04,lp_business_emails,,,True
cdbb8591-c61,u_01088,did_install_grammarly,{},2026-02-04 22:19:01+00:00,2026-02-04,,,,True
3b4e33e2-09e,u_01088,try_grammarly,"{""product_feature"": ""smart_email_reply""}",2026-02-04 22:56:01+00:00,2026-02-04,,smart_email_reply,,True
4a962c0a-df4,u_01089,did_click_lp,"{""lp_name"": ""lp_business_emails""}",2026-02-07 06:20:22+00:00,2026-02-07,lp_business_emails,,,True
7bbcd62a-7b6,u_01090,did_click_lp,"{""lp_name"": ""lp_academic_writing""}",2026-02-20 23:31:19+00:00,2026-02-20,lp_academic_writing,,,True
b3863010-afb,u_01091,did_click_lp,"{""lp_name"": ""lp_academic_writing""}",2026-02-12 20:35:56+00:00,2026-02-12,lp_academic_writing,,,True
f78c8864-bae,u_01091,did_install_grammarly,{},2026-02-12 20:36:56+00:00,2026-02-12,,,,True
6aa746d1-43a,u_01092,did_click_lp,"{""lp_name"": ""lp_academic_writing""}",2026-02-20 09:49:44+00:00,2026-02-20,lp_academic_writing,,,True
1c1db2e4-d91,u_01092,did_install_grammarly,{},2026-02-20 09:54:44+00:00,2026-02-20,,,,True
0d5fbd7a-2fb,u_01092,try_grammarly,"{""product_feature"": ""academic_citation_helper""}",2026-02-20 10:37:44+00:00,2026-02-20,,academic_citation_helper,,True
db6b19c4-297,u_01092,try_grammarly,"{""product_feature"": ""academic_citation_helper""}",2026-02-21 23:25:18+00:00,2026-02-21,,academic_citation_helper,,True
06219ef8-173,u_01093,did_click_lp,"{""lp_name"": ""lp_business_emails""}",2026-02-24 11:14:52+00:00,2026-02-24,lp_business_emails,,,True
5ff721f7-fcb,u_01094,did_click_lp,"{""lp_name"": ""lp_business_emails""}",2026-02-24 00:43:23+00:00,2026-02-24,lp_business_emails,,,True
158a2633-185,u_01095,did_click_lp,"{""lp_name"": ""lp_business_emails""}",2026-02-12 09:09:52+00:00,2026-02-12,lp_business_emails,,,True
e00f6d89-2b9,u_01096,did_click_lp,"{""lp_name"": ""lp_academic_writing""}",2026-02-12 10:16:36+00:00,2026-02-12,lp_academic_writing,,,True
c8fa4e83-c45,u_01096,did_click_lp,"{""lp_name"": ""lp_academic_writing""}",2026-02-17 09:26:03+00:00,2026-02-17,lp_academic_writing,,,True
44d26248-6a0,u_01097,did_click_lp,"{""lp_name"": ""lp_business_emails""}",2026-02-23 06:42:12+00:00,2026-02-23,lp_business_emails,,,True
9fe36627-b94,u_01098,did_click_lp,"{""lp_name"": ""lp_academic_writing""}",2026-02-13 16:12:20+00:00,2026-02-13,lp_academic_writing,,,True
b196877c-300,u_01099,did_click_lp,"{""lp_name"": ""lp_business_emails""}",2026-02-21 09:13:56+00:00,2026-02-21,lp_business_emails,,,True
fd1febc7-1dc,u_01100,did_click_lp,"{""lp_name"": ""lp_business_emails""}",2026-02-11 03:11:36+00:00,2026-02-11,lp_business_emails,,,True
a5e48128-d9a,u_01100,did_install_grammarly,{},2026-02-11 03:24:36+00:00,2026-02-11,,,,True
d06c3bbc-808,u_01100,try_grammarly,"{""product_feature"": ""smart_email_reply""}",2026-02-11 03:30:36+00:00,2026-02-11,,smart_email_reply,,True
336e5da3-66c,u_01101,did_click_lp,"{""lp_name"": ""lp_business_emails""}",2026-02-18 20:03:57+00:00,2026-02-18,lp_business_emails,,,True
db10f389-7ac,u_01101,did_install_grammarly,{},2026-02-18 20:17:57+00:00,2026-02-18,,,,True
37a1cb4d-937,u_01102,did_click_lp,"{""lp_name"": ""lp_academic_writing""}",2026-02-22 17:54:38+00:00,2026-02-22,lp_academic_writing,,,True
0f51ed03-8e9,u_01102,did_install_grammarly,{},2026-02-22 17:59:38+00:00,2026-02-22,,,,True
51f4c479-ce3,u_01102,try_grammarly,"{""product_feature"": ""academic_citation_helper""}",2026-02-22 18:54:38+00:00,2026-02-22,,academic_citation_helper,,True
d0b76d3d-dae,u_01103,did_click_lp,"{""lp_name"": ""lp_academic_writing""}",2026-02-05 03:22:05+00:00,2026-02-05,lp_academic_writing,,,True
198b117d-9fd,u_01103,did_install_grammarly,{},2026-02-05 03:27:05+00:00,2026-02-05,,,,True
df7b264f-10b,u_01103,try_grammarly,"{""product_feature"": ""academic_citation_helper""}",2026-02-05 03:42:05+00:00,2026-02-05,,academic_citation_helper,,True
02f09599-b87,u_01103,try_grammarly,"{""product_feature"": ""academic_citation_helper""}",2026-02-06 08:36:57+00:00,2026-02-06,,academic_citation_helper,,True
3ebe0905-9ab,u_01104,did_click_lp,"{""lp_name"": ""lp_business_emails""}",2026-02-09 18:29:34+00:00,2026-02-09,lp_business_emails,,,True
30f51803-d18,u_01104,did_install_grammarly,{},2026-02-09 18:34:34+00:00,2026-02-09,,,,True
0272d233-939,u_01105,did_click_lp,"{""lp_name"": ""lp_business_emails""}",2026-02-07 23:09:13+00:00,2026-02-07,lp_business_emails,,,True
be44b437-95e,u_01105,did_install_grammarly,{},2026-02-07 23:11:13+00:00,2026-02-07,,,,True
258c233b-e5d,u_01105,try_grammarly,"{""product_feature"": ""smart_email_reply""}",2026-02-07 23:34:13+00:00,2026-02-07,,smart_email_reply,,True
b182fb2f-c4c,u_01106,did_click_lp,"{""lp_name"": ""lp_business_emails""}",2026-02-09 07:00:09+00:00,2026-02-09,lp_business_emails,,,True
c85c6fb1-c71,u_01107,did_click_lp,"{""lp_name"": ""lp_business_emails""}",2026-02-02 09:58:56+00:00,2026-02-02,lp_business_emails,,,True
4702483e-b08,u_01108,did_click_lp,"{""lp_name"": ""lp_academic_writing""}",2026-02-16 11:02:14+00:00,2026-02-16,lp_academic_writing,,,True
0ab916e9-c9d,u_01109,did_click_lp,"{""lp_name"": ""lp_academic_writing""}",2026-02-26 05:07:08+00:00,2026-02-26,lp_academic_writing,,,True
8ec25064-488,u_01110,did_click_lp,"{""lp_name"": ""lp_business_emails""}",2026-02-11 18:55:44+00:00,2026-02-11,lp_business_emails,,,True
27e094ab-0e6,u_01110,did_install_grammarly,{},2026-02-11 19:09:44+00:00,2026-02-11,,,,True
8f01ed3e-fa7,u_01111,did_click_lp,"{""lp_name"": ""lp_academic_writing""}",2026-02-04 12:00:34+00:00,2026-02-04,lp_academic_writing,,,True
076beb7e-c21,u_01112,did_click_lp,"{""lp_name"": ""lp_academic_writing""}",2026-02-11 19:39:57+00:00,2026-02-11,lp_academic_writing,,,True
a04e3d6f-e82,u_01113,did_click_lp,"{""lp_name"": ""lp_business_emails""}",2026-02-01 00:58:11+00:00,2026-02-01,lp_business_emails,,,True
1175d1bb-599,u_01113,did_install_grammarly,{},2026-02-01 00:59:11+00:00,2026-02-01,,,,True
d507cd66-9b2,u_01114,did_click_lp,"{""lp_name"": ""lp_academic_writing""}",2026-02-22 17:59:08+00:00,2026-02-22,lp_academic_writing,,,True
e3f7d365-359,u_01115,did_click_lp,"{""lp_name"": ""lp_academic_writing""}",2026-02-24 07:44:05+00:00,2026-02-24,lp_academic_writing,,,True
6fc5818b-87b,u_01115,did_install_grammarly,{},2026-02-24 07:45:05+00:00,2026-02-24,,,,True
8c9f6274-847,u_01115,try_grammarly,"{""product_feature"": ""academic_citation_helper""}",2026-02-24 07:51:05+00:00,2026-02-24,,academic_citation_helper,,True
5ee75702-e09,u_01115,try_grammarly,"{""product_feature"": ""academic_citation_helper""}",2026-02-25 15:08:58+00:00,2026-02-25,,academic_citation_helper,,True
e721c718-8af,u_01115,try_grammarly,"{""product_feature"": ""academic_citation_helper""}",2026-02-26 11:23:54+00:00,2026-02-26,,academic_citation_helper,,True
df138a46-d15,u_01116,did_click_lp,"{""lp_name"": ""lp_business_emails""}",2026-02-17 06:03:39+00:00,2026-02-17,lp_business_emails,,,True
67f0dcd9-519,u_01117,did_click_lp,"{""lp_name"": ""lp_academic_writing""}",2026-02-06 03:08:34+00:00,2026-02-06,lp_academic_writing,,,True
e81ce01e-9af,u_01118,did_click_lp,"{""lp_name"": ""lp_business_emails""}",2026-02-08 13:09:51+00:00,2026-02-08,lp_business_emails,,,True
640e57d5-cab,u_01118,did_install_grammarly,{},2026-02-08 13:13:51+00:00,2026-02-08,,,,True
010ae36f-38a,u_01119,did_click_lp,"{""lp_name"": ""lp_academic_writing""}",2026-02-09 04:40:38+00:00,2026-02-09,lp_academic_writing,,,True
da532209-352,u_01119,did_install_grammarly,{},2026-02-09 04:41:38+00:00,2026-02-09,,,,True
23569906-ac5,u_01120,did_click_lp,"{""lp_name"": ""lp_business_emails""}",2026-02-23 09:15:48+00:00,2026-02-23,lp_business_emails,,,True
ecce1f57-0a8,u_01121,did_click_lp,"{""lp_name"": ""lp_academic_writing""}",2026-02-16 05:23:35+00:00,2026-02-16,lp_academic_writing,,,True
eab886d2-d1b,u_01122,did_click_lp,"{""lp_name"": ""lp_academic_writing""}",2026-02-24 12:31:01+00:00,2026-02-24,lp_academic_writing,,,True
25c3df0f-0b8,u_01122,did_install_grammarly,{},2026-02-24 12:38:01+00:00,2026-02-24,,,,True
5d92d47a-431,u_01122,try_grammarly,"{""product_feature"": ""academic_citation_helper""}",2026-02-24 12:56:01+00:00,2026-02-24,,academic_citation_helper,,True
dcc0ea4c-d72,u_01123,did_click_lp,"{""lp_name"": ""lp_academic_writing""}",2026-02-17 20:53:17+00:00,2026-02-17,lp_academic_writing,,,True
3a20fdf8-e55,u_01124,did_click_lp,"{""lp_name"": ""lp_business_emails""}",2026-02-16 12:37:13+00:00,2026-02-16,lp_business_emails,,,True
ceb27815-4db,u_01125,did_click_lp,"{""lp_name"": ""lp_business_emails""}",2026-02-04 23:58:26+00:00,2026-02-04,lp_business_emails,,,True
fb8e3e1f-007,u_01126,did_click_lp,"{""lp_name"": ""lp_academic_writing""}",2026-02-20 01:00:41+00:00,2026-02-20,lp_academic_writing,,,True
864afd62-7b9,u_01127,did_click_lp,"{""lp_name"": ""lp_business_emails""}",2026-02-07 14:00:07+00:00,2026-02-07,lp_business_emails,,,True
cac15bb9-007,u_01127,did_install_grammarly,{},2026-02-07 14:01:07+00:00,2026-02-07,,,,True
6d4e8bee-bcb,u_01128,did_click_lp,"{""lp_name"": ""lp_academic_writing""}",2026-02-26 20:18:20+00:00,2026-02-26,lp_academic_writing,,,True
1a94b7f8-df8,u_01129,did_click_lp,"{""lp_name"": ""lp_academic_writing""}",2026-02-01 20:04:24+00:00,2026-02-01,lp_academic_writing,,,True
fd92f83b-ede,u_01130,did_click_lp,"{""lp_name"": ""lp_business_emails""}",2026-02-26 01:20:50+00:00,2026-02-26,lp_business_emails,,,True
5b81b911-0ad,u_01131,did_click_lp,"{""lp_name"": ""lp_academic_writing""}",2026-02-09 18:22:22+00:00,2026-02-09,lp_academic_writing,,,True
d6ada467-e21,u_01131,did_install_grammarly,{},2026-02-09 18:31:22+00:00,2026-02-09,,,,True
2a503302-546,u_01132,did_click_lp,"{""lp_name"": ""lp_business_emails""}",2026-02-09 23:01:58+00:00,2026-02-09,lp_business_emails,,,True
ff2e3427-296,u_01133,did_click_lp,"{""lp_name"": ""lp_business_emails""}",2026-02-06 20:49:44+00:00,2026-02-06,lp_business_emails,,,True
b37f50c1-136,u_01134,did_click_lp,"{""lp_name"": ""lp_business_emails""}",2026-02-05 18:35:58+00:00,2026-02-05,lp_business_emails,,,True
dec13910-03c,u_01135,did_click_lp,"{""lp_name"": ""lp_academic_writing""}",2026-02-13 13:35:31+00:00,2026-02-13,lp_academic_writing,,,True
846af1a7-a10,u_01136,did_click_lp,"{""lp_name"": ""lp_business_emails""}",2026-02-06 06:38:38+00:00,2026-02-06,lp_business_emails,,,True
5000c8a9-387,u_01137,did_click_lp,"{""lp_name"": ""lp_academic_writing""}",2026-02-01 16:56:08+00:00,2026-02-01,lp_academic_writing,,,True
33ecf90e-986,u_01138,did_click_lp,"{""lp_name"": ""lp_academic_writing""}",2026-02-08 07:20:27+00:00,2026-02-08,lp_academic_writing,,,True
da047bd4-c2b,u_01139,did_click_lp,"{""lp_name"": ""lp_business_emails""}",2026-02-14 04:40:15+00:00,2026-02-14,lp_business_emails,,,True
2350c15c-34f,u_01140,did_click_lp,"{""lp_name"": ""lp_business_emails""}",2026-02-12 23:17:23+00:00,2026-02-12,lp_business_emails,,,True
98a82900-57f,u_01141,did_click_lp,"{""lp_name"": ""lp_business_emails""}",2026-02-28 17:03:29+00:00,2026-02-28,lp_business_emails,,,True
361b8b3a-770,u_01142,did_click_lp,"{""lp_name"": ""lp_business_emails""}",2026-02-20 03:56:43+00:00,2026-02-20,lp_business_emails,,,True
3544a430-53c,u_01143,did_click_lp,"{""lp_name"": ""lp_business_emails""}",2026-02-27 12:09:17+00:00,2026-02-27,lp_business_emails,,,True
f02b71de-58d,u_01143,did_install_grammarly,{},2026-02-27 12:16:17+00:00,2026-02-27,,,,True
73a9313e-106,u_01144,did_click_lp,"{""lp_name"": ""lp_business_emails""}",2026-02-13 17:20:01+00:00,2026-02-13,lp_business_emails,,,True
6737098b-e86,u_01145,did_click_lp,"{""lp_name"": ""lp_academic_writing""}",2026-02-26 19:45:23+00:00,2026-02-26,lp_academic_writing,,,True
b563aac5-876,u_01146,did_click_lp,"{""lp_name"": ""lp_business_emails""}",2026-02-26 02:04:10+00:00,2026-02-26,lp_business_emails,,,True
01518362-2b3,u_01146,did_install_grammarly,{},2026-02-26 02:07:10+00:00,2026-02-26,,,,True
6096da17-ba8,u_01147,did_click_lp,"{""lp_name"": ""lp_academic_writing""}",2026-02-06 06:03:47+00:00,2026-02-06,lp_academic_writing,,,True
c8600e5c-961,u_01147,did_install_grammarly,{},2026-02-06 06:07:47+00:00,2026-02-06,,,,True
238b97fc-7b3,u_01147,try_grammarly,"{""product_feature"": ""academic_citation_helper""}",2026-02-06 06:38:47+00:00,2026-02-06,,academic_citation_helper,,True
f4d59e4d-60a,u_01147,try_grammarly,"{""product_feature"": ""academic_citation_helper""}",2026-02-07 19:06:55+00:00,2026-02-07,,academic_citation_helper,,True
4fe453fd-89a,u_01148,did_click_lp,"{""lp_name"": ""lp_academic_writing""}",2026-02-08 23:26:55+00:00,2026-02-08,lp_academic_writing,,,True
06d1c2b6-0d4,u_01148,did_install_grammarly,{},2026-02-08 23:30:55+00:00,2026-02-08,,,,True
88a903a8-c9c,u_01148,try_grammarly,"{""product_feature"": ""academic_citation_helper""}",2026-02-09 00:12:55+00:00,2026-02-09,,academic_citation_helper,,True
aaf6f545-e12,u_01148,try_grammarly,"{""product_feature"": ""academic_citation_helper""}",2026-02-09 13:09:13+00:00,2026-02-09,,academic_citation_helper,,True
d13c62bd-5f0,u_01149,did_click_lp,"{""lp_name"": ""lp_business_emails""}",2026-02-25 13:17:47+00:00,2026-02-25,lp_business_emails,,,True
b1751a73-cf9,u_01150,did_click_lp,"{""lp_name"": ""lp_academic_writing""}",2026-02-01 22:03:00+00:00,2026-02-01,lp_academic_writing,,,True
b904b579-4a2,u_01150,did_click_lp,"{""lp_name"": ""lp_business_emails""}",2026-02-20 04:39:58+00:00,2026-02-20,lp_business_emails,,,True
dcf9f697-eca,u_01150,did_install_grammarly,{},2026-02-20 04:47:58+00:00,2026-02-20,,,,True
c18b974d-e93,u_01151,did_click_lp,"{""lp_name"": ""lp_business_emails""}",2026-02-27 10:55:58+00:00,2026-02-27,lp_business_emails,,,True
75386a2d-71a,u_01152,did_click_lp,"{""lp_name"": ""lp_academic_writing""}",2026-02-11 16:56:24+00:00,2026-02-11,lp_academic_writing,,,True
73fe7b9e-fcf,u_01153,did_click_lp,"{""lp_name"": ""lp_academic_writing""}",2026-02-14 06:32:14+00:00,2026-02-14,lp_academic_writing,,,True
5848bd82-446,u_01154,did_click_lp,"{""lp_name"": ""lp_academic_writing""}",2026-02-12 12:11:53+00:00,2026-02-12,lp_academic_writing,,,True
c21b6c66-371,u_01155,did_click_lp,"{""lp_name"": ""lp_business_emails""}",2026-02-24 11:42:01+00:00,2026-02-24,lp_business_emails,,,True
c0fb9c9c-a5c,u_01155,did_install_grammarly,{},2026-02-24 11:46:01+00:00,2026-02-24,,,,True
8758e988-59a,u_01155,try_grammarly,"{""product_feature"": ""smart_email_reply""}",2026-02-24 12:30:01+00:00,2026-02-24,,smart_email_reply,,True
058d9288-ed1,u_01156,did_click_lp,"{""lp_name"": ""lp_academic_writing""}",2026-02-03 09:30:08+00:00,2026-02-03,lp_academic_writing,,,True
575d9017-cdc,u_01156,did_install_grammarly,{},2026-02-03 09:35:08+00:00,2026-02-03,,,,True
39ba2160-ee8,u_01156,try_grammarly,"{""product_feature"": ""academic_citation_helper""}",2026-02-03 10:06:08+00:00,2026-02-03,,academic_citation_helper,,True
01008238-42a,u_01156,try_grammarly,"{""product_feature"": ""academic_citation_helper""}",2026-02-04 22:13:39+00:00,2026-02-04,,academic_citation_helper,,True
ed0fb8bb-db9,u_01156,try_grammarly,"{""product_feature"": ""academic_citation_helper""}",2026-02-05 18:46:40+00:00,2026-02-05,,academic_citation_helper,,True
904c363b-2fb,u_01157,did_click_lp,"{""lp_name"": ""lp_business_emails""}",2026-02-22 09:13:59+00:00,2026-02-22,lp_business_emails,,,True
5b738c44-927,u_01158,did_click_lp,"{""lp_name"": ""lp_academic_writing""}",2026-02-19 05:04:37+00:00,2026-02-19,lp_academic_writing,,,True
447791e1-4a7,u_01158,did_install_grammarly,{},2026-02-19 05:06:37+00:00,2026-02-19,,,,True
4f199578-613,u_01158,try_grammarly,"{""product_feature"": ""academic_citation_helper""}",2026-02-19 05:47:37+00:00,2026-02-19,,academic_citation_helper,,True
f2cf7aec-bab,u_01159,did_click_lp,"{""lp_name"": ""lp_business_emails""}",2026-02-10 05:33:04+00:00,2026-02-10,lp_business_emails,,,True
89343f37-4ff,u_01159,did_install_grammarly,{},2026-02-10 05:35:04+00:00,2026-02-10,,,,True
a5065bc0-7fe,u_01160,did_click_lp,"{""lp_name"": ""lp_business_emails""}",2026-02-20 16:04:53+00:00,2026-02-20,lp_business_emails,,,True
dc85e3d9-1c6,u_01161,did_click_lp,"{""lp_name"": ""lp_academic_writing""}",2026-02-21 13:50:02+00:00,2026-02-21,lp_academic_writing,,,True
c7b5a954-351,u_01161,did_install_grammarly,{},2026-02-21 13:52:02+00:00,2026-02-21,,,,True
6fd8de5b-f8d,u_01162,did_click_lp,"{""lp_name"": ""lp_academic_writing""}",2026-02-23 15:48:25+00:00,2026-02-23,lp_academic_writing,,,True
e9c22df0-0f4,u_01163,did_click_lp,"{""lp_name"": ""lp_business_emails""}",2026-02-28 18:28:41+00:00,2026-02-28,lp_business_emails,,,True
2a985230-771,u_01164,did_click_lp,"{""lp_name"": ""lp_academic_writing""}",2026-02-03 19:08:24+00:00,2026-02-03,lp_academic_writing,,,True
6a51292f-82d,u_01165,did_click_lp,"{""lp_name"": ""lp_business_emails""}",2026-02-25 07:14:52+00:00,2026-02-25,lp_business_emails,,,True
7980a692-9a8,u_01165,did_install_grammarly,{},2026-02-25 07:22:52+00:00,2026-02-25,,,,True
ac8d00eb-f17,u_01165,try_grammarly,"{""product_feature"": ""smart_email_reply""}",2026-02-25 07:57:52+00:00,2026-02-25,,smart_email_reply,,True
f7f8ecb9-23f,u_01166,did_click_lp,"{""lp_name"": ""lp_academic_writing""}",2026-02-06 15:28:27+00:00,2026-02-06,lp_academic_writing,,,True
7cab9a43-7e5,u_01167,did_click_lp,"{""lp_name"": ""lp_academic_writing""}",2026-02-10 23:39:01+00:00,2026-02-10,lp_academic_writing,,,True
b222945a-60b,u_01167,did_install_grammarly,{},2026-02-10 23:41:01+00:00,2026-02-10,,,,True
ce0bf60b-77f,u_01167,try_grammarly,"{""product_feature"": ""academic_citation_helper""}",2026-02-10 23:50:01+00:00,2026-02-10,,academic_citation_helper,,True
d2b72f2f-0ed,u_01168,did_click_lp,"{""lp_name"": ""lp_business_emails""}",2026-02-12 17:20:34+00:00,2026-02-12,lp_business_emails,,,True
05abe774-00f,u_01168,did_install_grammarly,{},2026-02-12 17:25:34+00:00,2026-02-12,,,,True
f9ab7be8-9f9,u_01169,did_click_lp,"{""lp_name"": ""lp_business_emails""}",2026-02-14 22:40:18+00:00,2026-02-14,lp_business_emails,,,True
457edf4a-e7d,u_01170,did_click_lp,"{""lp_name"": ""lp_academic_writing""}",2026-02-09 06:21:08+00:00,2026-02-09,lp_academic_writing,,,True
4d023b32-618,u_01170,did_install_grammarly,{},2026-02-09 06:31:08+00:00,2026-02-09,,,,True
6f418dc0-e4a,u_01170,try_grammarly,"{""product_feature"": ""academic_citation_helper""}",2026-02-09 06:44:08+00:00,2026-02-09,,academic_citation_helper,,True
e6642b50-fd4,u_01170,try_grammarly,"{""product_feature"": ""academic_citation_helper""}",2026-02-10 14:29:26+00:00,2026-02-10,,academic_citation_helper,,True
248ffd28-239,u_01170,try_grammarly,"{""product_feature"": ""academic_citation_helper""}",2026-02-11 10:14:56+00:00,2026-02-11,,academic_citation_helper,,True
e3be46df-d92,u_01170,try_grammarly,"{""product_feature"": ""academic_citation_helper""}",2026-02-12 20:39:57+00:00,2026-02-12,,academic_citation_helper,,True
61798eac-0b6,u_01171,did_click_lp,"{""lp_name"": ""lp_business_emails""}",2026-02-04 17:08:53+00:00,2026-02-04,lp_business_emails,,,True
8b93732b-6b3,u_01172,did_click_lp,"{""lp_name"": ""lp_academic_writing""}",2026-02-03 08:43:27+00:00,2026-02-03,lp_academic_writing,,,True
98038c2d-b75,u_01173,did_click_lp,"{""lp_name"": ""lp_business_emails""}",2026-02-01 23:00:47+00:00,2026-02-01,lp_business_emails,,,True
8d510633-ecc,u_01174,did_click_lp,"{""lp_name"": ""lp_academic_writing""}",2026-02-07 07:41:14+00:00,2026-02-07,lp_academic_writing,,,True
418a6caf-c62,u_01175,did_click_lp,"{""lp_name"": ""lp_academic_writing""}",2026-02-03 04:25:39+00:00,2026-02-03,lp_academic_writing,,,True
7dabb522-8b1,u_01176,did_click_lp,"{""lp_name"": ""lp_business_emails""}",2026-02-01 12:07:14+00:00,2026-02-01,lp_business_emails,,,True
2dd66c39-209,u_01177,did_click_lp,"{""lp_name"": ""lp_academic_writing""}",2026-02-26 18:52:49+00:00,2026-02-26,lp_academic_writing,,,True
eda142e4-4e7,u_01177,did_install_grammarly,{},2026-02-26 19:01:49+00:00,2026-02-26,,,,True
f25d489f-864,u_01177,try_grammarly,"{""product_feature"": ""academic_citation_helper""}",2026-02-26 19:52:49+00:00,2026-02-26,,academic_citation_helper,,True
2971fa31-244,u_01177,try_grammarly,"{""product_feature"": ""academic_citation_helper""}",2026-02-27 14:38:37+00:00,2026-02-27,,academic_citation_helper,,True
61a380bf-1dd,u_01177,try_grammarly,"{""product_feature"": ""academic_citation_helper""}",2026-02-28 12:24:08+00:00,2026-02-28,,academic_citation_helper,,True
d4298bf7-37c,u_01177,try_grammarly,"{""product_feature"": ""academic_citation_helper""}",2026-03-01 16:55:58+00:00,2026-03-01,,academic_citation_helper,,True
54005489-297,u_01178,did_click_lp,"{""lp_name"": ""lp_business_emails""}",2026-02-16 11:09:20+00:00,2026-02-16,lp_business_emails,,,True
09367a9d-5ef,u_01179,did_click_lp,"{""lp_name"": ""lp_business_emails""}",2026-02-14 00:55:08+00:00,2026-02-14,lp_business_emails,,,True
ee70ed7e-f8f,u_01179,did_click_lp,"{""lp_name"": ""lp_academic_writing""}",2026-02-26 09:42:25+00:00,2026-02-26,lp_academic_writing,,,True
18674300-13c,u_01180,did_click_lp,"{""lp_name"": ""lp_business_emails""}",2026-02-27 02:12:30+00:00,2026-02-27,lp_business_emails,,,True
1812c920-ee0,u_01181,did_click_lp,"{""lp_name"": ""lp_business_emails""}",2026-02-19 20:50:50+00:00,2026-02-19,lp_business_emails,,,True
1e680faa-e96,u_01181,did_click_lp,"{""lp_name"": ""lp_academic_writing""}",2026-02-22 17:40:11+00:00,2026-02-22,lp_academic_writing,,,True
c7f42da3-49b,u_01182,did_click_lp,"{""lp_name"": ""lp_academic_writing""}",2026-02-24 01:48:14+00:00,2026-02-24,lp_academic_writing,,,True
aceda354-ee2,u_01183,did_click_lp,"{""lp_name"": ""lp_business_emails""}",2026-02-25 12:01:34+00:00,2026-02-25,lp_business_emails,,,True
295a6f9a-1cd,u_01184,did_click_lp,"{""lp_name"": ""lp_business_emails""}",2026-02-13 17:26:22+00:00,2026-02-13,lp_business_emails,,,True
d96d62e3-a28,u_01185,did_click_lp,"{""lp_name"": ""lp_academic_writing""}",2026-02-24 02:24:57+00:00,2026-02-24,lp_academic_writing,,,True
df2d34f7-4d4,u_01186,did_click_lp,"{""lp_name"": ""lp_business_emails""}",2026-02-24 04:59:47+00:00,2026-02-24,lp_business_emails,,,True
fae1631b-2c9,u_01187,did_click_lp,"{""lp_name"": ""lp_business_emails""}",2026-02-03 11:38:51+00:00,2026-02-03,lp_business_emails,,,True
55d913c3-52d,u_01188,did_click_lp,"{""lp_name"": ""lp_academic_writing""}",2026-02-06 17:47:35+00:00,2026-02-06,lp_academic_writing,,,True
27786221-bb9,u_01188,did_click_lp,"{""lp_name"": ""lp_business_emails""}",2026-02-27 07:00:31+00:00,2026-02-27,lp_business_emails,,,True
197d9246-4e8,u_01189,did_click_lp,"{""lp_name"": ""lp_academic_writing""}",2026-02-02 07:44:28+00:00,2026-02-02,lp_academic_writing,,,True
f477f3c5-0b1,u_01190,did_click_lp,"{""lp_name"": ""lp_academic_writing""}",2026-02-10 04:11:16+00:00,2026-02-10,lp_academic_writing,,,True
e0cfe584-fe0,u_01191,did_click_lp,"{""lp_name"": ""lp_academic_writing""}",2026-02-10 22:23:08+00:00,2026-02-10,lp_academic_writing,,,True
a0d7821c-94d,u_01192,did_click_lp,"{""lp_name"": ""lp_academic_writing""}",2026-02-13 21:56:45+00:00,2026-02-13,lp_academic_writing,,,True
834b0701-b16,u_01193,did_click_lp,"{""lp_name"": ""lp_business_emails""}",2026-02-07 19:45:04+00:00,2026-02-07,lp_business_emails,,,True
c3b59f5f-2c9,u_01193,did_install_grammarly,{},2026-02-07 19:47:04+00:00,2026-02-07,,,,True
8e67b7d1-049,u_01193,try_grammarly,"{""product_feature"": ""smart_email_reply""}",2026-02-07 20:40:04+00:00,2026-02-07,,smart_email_reply,,True
7977b375-fa4,u_01194,did_click_lp,"{""lp_name"": ""lp_academic_writing""}",2026-02-04 23:37:43+00:00,2026-02-04,lp_academic_writing,,,True
c3f594a3-ead,u_01195,did_click_lp,"{""lp_name"": ""lp_academic_writing""}",2026-02-26 03:08:31+00:00,2026-02-26,lp_academic_writing,,,True
e2c72848-e73,u_01195,did_install_grammarly,{},2026-02-26 03:17:31+00:00,2026-02-26,,,,True
a031c9ad-663,u_01196,did_click_lp,"{""lp_name"": ""lp_business_emails""}",2026-02-03 02:16:28+00:00,2026-02-03,lp_business_emails,,,True
3be82a4a-695,u_01197,did_click_lp,"{""lp_name"": ""lp_business_emails""}",2026-02-22 02:49:20+00:00,2026-02-22,lp_business_emails,,,True
55f7946a-1c5,u_01198,did_click_lp,"{""lp_name"": ""lp_business_emails""}",2026-02-14 23:32:33+00:00,2026-02-14,lp_business_emails,,,True
251018da-81c,u_01199,did_click_lp,"{""lp_name"": ""lp_business_emails""}",2026-02-01 12:03:26+00:00,2026-02-01,lp_business_emails,,,True
842e3fea-53a,u_01199,did_install_grammarly,{},2026-02-01 12:16:26+00:00,2026-02-01,,,,True
bda7e0bd-ff2,u_01199,try_grammarly,"{""product_feature"": ""smart_email_reply""}",2026-02-01 12:48:26+00:00,2026-02-01,,smart_email_reply,,True
3bdfb988-a0d,u_01200,did_click_lp,"{""lp_name"": ""lp_academic_writing""}",2026-02-05 02:23:10+00:00,2026-02-05,lp_academic_writing,,,True
3fea6360-cf0,u_01201,did_click_lp,"{""lp_name"": ""lp_business_emails""}",2026-02-22 00:41:10+00:00,2026-02-22,lp_business_emails,,,True
774116d4-377,u_01202,did_click_lp,"{""lp_name"": ""lp_business_emails""}",2026-02-24 08:04:28+00:00,2026-02-24,lp_business_emails,,,True
c1c368b9-528,u_01203,did_click_lp,"{""lp_name"": ""lp_business_emails""}",2026-02-26 11:00:30+00:00,2026-02-26,lp_business_emails,,,True
0b933feb-642,u_01203,did_install_grammarly,{},2026-02-26 11:13:30+00:00,2026-02-26,,,,True
54cb7b17-739,u_01203,try_grammarly,"{""product_feature"": ""smart_email_reply""}",2026-02-26 11:51:30+00:00,2026-02-26,,smart_email_reply,,True
b2ba860f-5cb,u_01204,did_click_lp,"{""lp_name"": ""lp_academic_writing""}",2026-02-25 18:55:44+00:00,2026-02-25,lp_academic_writing,,,True
20dce79d-17a,u_01204,did_install_grammarly,{},2026-02-25 18:59:44+00:00,2026-02-25,,,,True
9982a187-5c2,u_01204,try_grammarly,"{""product_feature"": ""academic_citation_helper""}",2026-02-25 19:21:44+00:00,2026-02-25,,academic_citation_helper,,True
41ab3af6-f63,u_01204,try_grammarly,"{""product_feature"": ""academic_citation_helper""}",2026-02-26 13:17:03+00:00,2026-02-26,,academic_citation_helper,,True
ba20ab9a-a5f,u_01204,try_grammarly,"{""product_feature"": ""academic_citation_helper""}",2026-02-27 11:28:31+00:00,2026-02-27,,academic_citation_helper,,True
85943ba9-05f,u_01205,did_click_lp,"{""lp_name"": ""lp_academic_writing""}",2026-02-01 22:30:37+00:00,2026-02-01,lp_academic_writing,,,True
d38e51e9-573,u_01205,did_install_grammarly,{},2026-02-01 22:36:37+00:00,2026-02-01,,,,True
d8dca0d1-2c9,u_01205,try_grammarly,"{""product_feature"": ""academic_citation_helper""}",2026-02-01 23:05:37+00:00,2026-02-01,,academic_citation_helper,,True
97f129cf-1d9,u_01205,try_grammarly,"{""product_feature"": ""academic_citation_helper""}",2026-02-02 03:51:31+00:00,2026-02-02,,academic_citation_helper,,True
685e1034-da3,u_01205,try_grammarly,"{""product_feature"": ""academic_citation_helper""}",2026-02-03 21:13:21+00:00,2026-02-03,,academic_citation_helper,,True
5614cd63-122,u_01206,did_click_lp,"{""lp_name"": ""lp_business_emails""}",2026-02-13 08:00:33+00:00,2026-02-13,lp_business_emails,,,True
778d86e7-cdf,u_01206,did_install_grammarly,{},2026-02-13 08:04:33+00:00,2026-02-13,,,,True
e92c6cc4-1e9,u_01207,did_click_lp,"{""lp_name"": ""lp_academic_writing""}",2026-02-08 10:40:52+00:00,2026-02-08,lp_academic_writing,,,True
859244a4-c47,u_01207,did_install_grammarly,{},2026-02-08 10:48:52+00:00,2026-02-08,,,,True
b802e590-97d,u_01207,try_grammarly,"{""product_feature"": ""academic_citation_helper""}",2026-02-08 11:29:52+00:00,2026-02-08,,academic_citation_helper,,True
48931418-399,u_01208,did_click_lp,"{""lp_name"": ""lp_academic_writing""}",2026-02-15 12:22:14+00:00,2026-02-15,lp_academic_writing,,,True
19ecd7ae-c37,u_01208,did_install_grammarly,{},2026-02-15 12:32:14+00:00,2026-02-15,,,,True
3a0b6dbf-4f4,u_01208,try_grammarly,"{""product_feature"": ""academic_citation_helper""}",2026-02-15 13:08:14+00:00,2026-02-15,,academic_citation_helper,,True
7b9a5855-218,u_01209,did_click_lp,"{""lp_name"": ""lp_academic_writing""}",2026-02-23 22:38:02+00:00,2026-02-23,lp_academic_writing,,,True
81d6b3b4-c81,u_01209,did_install_grammarly,{},2026-02-23 22:44:02+00:00,2026-02-23,,,,True
585e3571-2f1,u_01209,try_grammarly,"{""product_feature"": ""academic_citation_helper""}",2026-02-23 23:34:02+00:00,2026-02-23,,academic_citation_helper,,True
2146ac1a-045,u_01209,try_grammarly,"{""product_feature"": ""academic_citation_helper""}",2026-02-24 11:25:32+00:00,2026-02-24,,academic_citation_helper,,True
287a849f-86d,u_01209,try_grammarly,"{""product_feature"": ""academic_citation_helper""}",2026-02-25 09:16:52+00:00,2026-02-25,,academic_citation_helper,,True
ab5e68af-547,u_01210,did_click_lp,"{""lp_name"": ""lp_business_emails""}",2026-02-19 01:28:11+00:00,2026-02-19,lp_business_emails,,,True
9a2aaf81-b95,u_01211,did_click_lp,"{""lp_name"": ""lp_academic_writing""}",2026-02-02 11:23:11+00:00,2026-02-02,lp_academic_writing,,,True
084dd7f8-6bb,u_01212,did_click_lp,"{""lp_name"": ""lp_business_emails""}",2026-02-14 00:21:14+00:00,2026-02-14,lp_business_emails,,,True
880c97f4-bee,u_01213,did_click_lp,"{""lp_name"": ""lp_academic_writing""}",2026-02-13 01:42:59+00:00,2026-02-13,lp_academic_writing,,,True
d1088eef-321,u_01214,did_click_lp,"{""lp_name"": ""lp_business_emails""}",2026-02-11 03:02:37+00:00,2026-02-11,lp_business_emails,,,True
dc86fb52-79d,u_01214,did_install_grammarly,{},2026-02-11 03:03:37+00:00,2026-02-11,,,,True
1c003618-b2e,u_01215,did_click_lp,"{""lp_name"": ""lp_business_emails""}",2026-02-05 02:26:53+00:00,2026-02-05,lp_business_emails,,,True
1daad46f-9f9,u_01216,did_click_lp,"{""lp_name"": ""lp_business_emails""}",2026-02-15 23:48:25+00:00,2026-02-15,lp_business_emails,,,True
7f10345e-562,u_01217,did_click_lp,"{""lp_name"": ""lp_academic_writing""}",2026-02-02 17:48:22+00:00,2026-02-02,lp_academic_writing,,,True
9d0862b1-81a,u_01218,did_click_lp,"{""lp_name"": ""lp_business_emails""}",2026-02-15 08:31:25+00:00,2026-02-15,lp_business_emails,,,True
783e2c3f-290,u_01219,did_click_lp,"{""lp_name"": ""lp_academic_writing""}",2026-02-27 13:06:08+00:00,2026-02-27,lp_academic_writing,,,True
e62ba8f2-9dc,u_01220,did_click_lp,"{""lp_name"": ""lp_academic_writing""}",2026-02-13 15:32:17+00:00,2026-02-13,lp_academic_writing,,,True
f1684104-456,u_01220,did_install_grammarly,{},2026-02-13 15:40:17+00:00,2026-02-13,,,,True
2e73657e-9d3,u_01220,try_grammarly,"{""product_feature"": ""academic_citation_helper""}",2026-02-13 16:01:17+00:00,2026-02-13,,academic_citation_helper,,True
8ed8ef55-6f2,u_01220,try_grammarly,"{""product_feature"": ""academic_citation_helper""}",2026-02-14 07:40:08+00:00,2026-02-14,,academic_citation_helper,,True
374a7dbf-010,u_01220,try_grammarly,"{""product_feature"": ""academic_citation_helper""}",2026-02-15 23:03:53+00:00,2026-02-15,,academic_citation_helper,,True
06b85e3c-d9d,u_01220,try_grammarly,"{""product_feature"": ""academic_citation_helper""}",2026-02-18 00:11:24+00:00,2026-02-18,,academic_citation_helper,,True
b46385c7-f57,u_01221,did_click_lp,"{""lp_name"": ""lp_business_emails""}",2026-02-09 17:28:07+00:00,2026-02-09,lp_business_emails,,,True
bd4ec1c6-f8c,u_01222,did_click_lp,"{""lp_name"": ""lp_business_emails""}",2026-02-08 16:06:26+00:00,2026-02-08,lp_business_emails,,,True
579a7f8c-326,u_01223,did_click_lp,"{""lp_name"": ""lp_business_emails""}",2026-02-27 20:35:09+00:00,2026-02-27,lp_business_emails,,,True
78d4d09b-5c4,u_01223,did_install_grammarly,{},2026-02-27 20:45:09+00:00,2026-02-27,,,,True
9a596d5c-af2,u_01224,did_click_lp,"{""lp_name"": ""lp_business_emails""}",2026-02-18 15:31:56+00:00,2026-02-18,lp_business_emails,,,True
c4921640-71c,u_01225,did_click_lp,"{""lp_name"": ""lp_academic_writing""}",2026-02-22 15:20:48+00:00,2026-02-22,lp_academic_writing,,,True
cadf6f2d-c3c,u_01225,did_install_grammarly,{},2026-02-22 15:24:48+00:00,2026-02-22,,,,True
50fa3e60-67b,u_01225,try_grammarly,"{""product_feature"": ""academic_citation_helper""}",2026-02-22 15:40:48+00:00,2026-02-22,,academic_citation_helper,,True
7952cf2c-9b3,u_01225,try_grammarly,"{""product_feature"": ""academic_citation_helper""}",2026-02-23 12:48:26+00:00,2026-02-23,,academic_citation_helper,,True
bc9e613b-e18,u_01226,did_click_lp,"{""lp_name"": ""lp_business_emails""}",2026-02-15 11:47:51+00:00,2026-02-15,lp_business_emails,,,True
afa6343a-04d,u_01227,did_click_lp,"{""lp_name"": ""lp_business_emails""}",2026-02-25 14:59:15+00:00,2026-02-25,lp_business_emails,,,True
1e898a1e-7a7,u_01227,did_install_grammarly,{},2026-02-25 15:09:15+00:00,2026-02-25,,,,True
bc9c200a-29c,u_01228,did_click_lp,"{""lp_name"": ""lp_business_emails""}",2026-02-01 18:19:21+00:00,2026-02-01,lp_business_emails,,,True
03831f9d-b97,u_01228,did_install_grammarly,{},2026-02-01 18:25:21+00:00,2026-02-01,,,,True
2ee0a3d6-2e3,u_01229,did_click_lp,"{""lp_name"": ""lp_business_emails""}",2026-02-04 10:45:03+00:00,2026-02-04,lp_business_emails,,,True
0a090bbf-d53,u_01230,did_click_lp,"{""lp_name"": ""lp_business_emails""}",2026-02-13 07:54:25+00:00,2026-02-13,lp_business_emails,,,True
c636f3cb-659,u_01231,did_click_lp,"{""lp_name"": ""lp_business_emails""}",2026-02-11 21:10:05+00:00,2026-02-11,lp_business_emails,,,True
ed7a1b23-d28,u_01232,did_click_lp,"{""lp_name"": ""lp_academic_writing""}",2026-02-22 22:25:02+00:00,2026-02-22,lp_academic_writing,,,True
b475287d-5e5,u_01232,did_install_grammarly,{},2026-02-22 22:31:02+00:00,2026-02-22,,,,True
4b26d062-d33,u_01233,did_click_lp,"{""lp_name"": ""lp_business_emails""}",2026-02-10 16:02:52+00:00,2026-02-10,lp_business_emails,,,True
814ad850-0dd,u_01233,did_install_grammarly,{},2026-02-10 16:07:52+00:00,2026-02-10,,,,True
9eb0c30e-bf9,u_01233,try_grammarly,"{""product_feature"": ""smart_email_reply""}",2026-02-10 16:13:52+00:00,2026-02-10,,smart_email_reply,,True
f6233c21-719,u_01234,did_click_lp,"{""lp_name"": ""lp_academic_writing""}",2026-02-03 04:57:00+00:00,2026-02-03,lp_academic_writing,,,True
9e22509b-ec9,u_01235,did_click_lp,"{""lp_name"": ""lp_academic_writing""}",2026-02-08 17:16:52+00:00,2026-02-08,lp_academic_writing,,,True
c3515e17-7ff,u_01236,did_click_lp,"{""lp_name"": ""lp_business_emails""}",2026-02-28 21:15:31+00:00,2026-02-28,lp_business_emails,,,True
79901724-93e,u_01237,did_click_lp,"{""lp_name"": ""lp_academic_writing""}",2026-02-28 16:55:23+00:00,2026-02-28,lp_academic_writing,,,True
e6f5c563-b87,u_01238,did_click_lp,"{""lp_name"": ""lp_business_emails""}",2026-02-03 21:48:57+00:00,2026-02-03,lp_business_emails,,,True
69b2244f-4cd,u_01239,did_click_lp,"{""lp_name"": ""lp_business_emails""}",2026-02-05 17:27:31+00:00,2026-02-05,lp_business_emails,,,True
88478ad9-223,u_01240,did_click_lp,"{""lp_name"": ""lp_business_emails""}",2026-02-12 23:24:53+00:00,2026-02-12,lp_business_emails,,,True
7ede1165-c21,u_01241,did_click_lp,"{""lp_name"": ""lp_academic_writing""}",2026-02-15 05:55:30+00:00,2026-02-15,lp_academic_writing,,,True
aeeedaa1-8c0,u_01242,did_click_lp,"{""lp_name"": ""lp_academic_writing""}",2026-02-16 09:15:13+00:00,2026-02-16,lp_academic_writing,,,True
d06712e6-a94,u_01243,did_click_lp,"{""lp_name"": ""lp_academic_writing""}",2026-02-11 12:58:50+00:00,2026-02-11,lp_academic_writing,,,True
7ee8cfff-4fc,u_01244,did_click_lp,"{""lp_name"": ""lp_business_emails""}",2026-02-10 01:24:45+00:00,2026-02-10,lp_business_emails,,,True
20dd46d5-dd5,u_01244,did_install_grammarly,{},2026-02-10 01:29:45+00:00,2026-02-10,,,,True
f0053fc8-257,u_01244,try_grammarly,"{""product_feature"": ""smart_email_reply""}",2026-02-10 01:52:45+00:00,2026-02-10,,smart_email_reply,,True
0eff71b8-d5c,u_01245,did_click_lp,"{""lp_name"": ""lp_business_emails""}",2026-02-08 16:42:20+00:00,2026-02-08,lp_business_emails,,,True
1492b14f-b27,u_01245,did_install_grammarly,{},2026-02-08 16:50:20+00:00,2026-02-08,,,,True
021e5d06-891,u_01246,did_click_lp,"{""lp_name"": ""lp_business_emails""}",2026-02-09 15:07:06+00:00,2026-02-09,lp_business_emails,,,True
93a99ca5-1de,u_01246,did_install_grammarly,{},2026-02-09 15:14:06+00:00,2026-02-09,,,,True
db1b9296-fc3,u_01246,try_grammarly,"{""product_feature"": ""smart_email_reply""}",2026-02-09 15:46:06+00:00,2026-02-09,,smart_email_reply,,True
23f00931-bfc,u_01247,did_click_lp,"{""lp_name"": ""lp_academic_writing""}",2026-02-17 14:16:56+00:00,2026-02-17,lp_academic_writing,,,True
9212e0e8-489,u_01248,did_click_lp,"{""lp_name"": ""lp_business_emails""}",2026-02-27 23:52:33+00:00,2026-02-27,lp_business_emails,,,True
5c74e20d-49c,u_01249,did_click_lp,"{""lp_name"": ""lp_business_emails""}",2026-02-08 04:14:27+00:00,2026-02-08,lp_business_emails,,,True
6a0486c7-cf4,u_01249,did_click_lp,"{""lp_name"": ""lp_academic_writing""}",2026-02-18 04:51:04+00:00,2026-02-18,lp_academic_writing,,,True
b58b49cc-ccc,u_01250,did_click_lp,"{""lp_name"": ""lp_business_emails""}",2026-02-15 00:39:02+00:00,2026-02-15,lp_business_emails,,,True
d56d403e-371,u_01251,did_click_lp,"{""lp_name"": ""lp_business_emails""}",2026-02-01 19:17:54+00:00,2026-02-01,lp_business_emails,,,True
8cb6d857-1bb,u_01251,did_install_grammarly,{},2026-02-01 19:31:54+00:00,2026-02-01,,,,True
0d25d850-149,u_01252,did_click_lp,"{""lp_name"": ""lp_academic_writing""}",2026-02-09 20:43:30+00:00,2026-02-09,lp_academic_writing,,,True
a01b6a00-0e0,u_01253,did_click_lp,"{""lp_name"": ""lp_academic_writing""}",2026-02-12 18:32:20+00:00,2026-02-12,lp_academic_writing,,,True
03285634-e2c,u_01253,did_install_grammarly,{},2026-02-12 18:35:20+00:00,2026-02-12,,,,True
730802c7-28d,u_01253,try_grammarly,"{""product_feature"": ""academic_citation_helper""}",2026-02-12 19:18:20+00:00,2026-02-12,,academic_citation_helper,,True
bf9c210e-417,u_01253,try_grammarly,"{""product_feature"": ""academic_citation_helper""}",2026-02-13 08:03:51+00:00,2026-02-13,,academic_citation_helper,,True
724137c6-d51,u_01254,did_click_lp,"{""lp_name"": ""lp_academic_writing""}",2026-02-22 21:19:39+00:00,2026-02-22,lp_academic_writing,,,True
c7a746e6-57f,u_01255,did_click_lp,"{""lp_name"": ""lp_business_emails""}",2026-02-26 02:30:53+00:00,2026-02-26,lp_business_emails,,,True
40bb779d-5f2,u_01256,did_click_lp,"{""lp_name"": ""lp_business_emails""}",2026-02-27 10:47:45+00:00,2026-02-27,lp_business_emails,,,True
b58cac31-1d9,u_01257,did_click_lp,"{""lp_name"": ""lp_business_emails""}",2026-02-09 23:41:47+00:00,2026-02-09,lp_business_emails,,,True
d5706ab8-298,u_01258,did_click_lp,"{""lp_name"": ""lp_academic_writing""}",2026-02-02 02:13:52+00:00,2026-02-02,lp_academic_writing,,,True
66c19a18-74c,u_01258,did_install_grammarly,{},2026-02-02 02:23:52+00:00,2026-02-02,,,,True
a6c9fe05-787,u_01259,did_click_lp,"{""lp_name"": ""lp_academic_writing""}",2026-02-06 00:25:41+00:00,2026-02-06,lp_academic_writing,,,True
8dfe5c40-4b3,u_01259,did_install_grammarly,{},2026-02-06 00:32:41+00:00,2026-02-06,,,,True
7992f3f9-2fb,u_01259,try_grammarly,"{""product_feature"": ""academic_citation_helper""}",2026-02-06 00:51:41+00:00,2026-02-06,,academic_citation_helper,,True
6a5624af-33d,u_01259,try_grammarly,"{""product_feature"": ""academic_citation_helper""}",2026-02-07 08:41:39+00:00,2026-02-07,,academic_citation_helper,,True
e302ad47-a76,u_01259,try_grammarly,"{""product_feature"": ""academic_citation_helper""}",2026-02-08 02:56:13+00:00,2026-02-08,,academic_citation_helper,,True
69cabcbd-8ee,u_01260,did_click_lp,"{""lp_name"": ""lp_business_emails""}",2026-02-25 06:27:26+00:00,2026-02-25,lp_business_emails,,,True
0a474a8b-c2e,u_01261,did_click_lp,"{""lp_name"": ""lp_business_emails""}",2026-02-17 22:41:35+00:00,2026-02-17,lp_business_emails,,,True
e0e3a043-933,u_01261,did_install_grammarly,{},2026-02-17 22:50:35+00:00,2026-02-17,,,,True
9ebc394b-2ae,u_01262,did_click_lp,"{""lp_name"": ""lp_academic_writing""}",2026-02-08 23:42:58+00:00,2026-02-08,lp_academic_writing,,,True
19171bd6-321,u_01263,did_click_lp,"{""lp_name"": ""lp_business_emails""}",2026-02-25 15:25:33+00:00,2026-02-25,lp_business_emails,,,True
1fdeef30-d30,u_01264,did_click_lp,"{""lp_name"": ""lp_academic_writing""}",2026-02-18 18:23:02+00:00,2026-02-18,lp_academic_writing,,,True
be883c2b-dcf,u_01265,did_click_lp,"{""lp_name"": ""lp_academic_writing""}",2026-02-13 12:14:16+00:00,2026-02-13,lp_academic_writing,,,True
70abe5d4-2df,u_01265,did_install_grammarly,{},2026-02-13 12:18:16+00:00,2026-02-13,,,,True
02c34d23-d03,u_01265,try_grammarly,"{""product_feature"": ""academic_citation_helper""}",2026-02-13 13:02:16+00:00,2026-02-13,,academic_citation_helper,,True
9d23bd77-f16,u_01266,did_click_lp,"{""lp_name"": ""lp_business_emails""}",2026-02-14 10:02:17+00:00,2026-02-14,lp_business_emails,,,True
560c65c4-ed4,u_01267,did_click_lp,"{""lp_name"": ""lp_business_emails""}",2026-02-13 15:15:57+00:00,2026-02-13,lp_business_emails,,,True
54dad91c-178,u_01268,did_click_lp,"{""lp_name"": ""lp_academic_writing""}",2026-02-09 04:23:30+00:00,2026-02-09,lp_academic_writing,,,True
40e82679-9e9,u_01269,did_click_lp,"{""lp_name"": ""lp_business_emails""}",2026-02-26 12:02:22+00:00,2026-02-26,lp_business_emails,,,True
7c1631ce-9b9,u_01269,did_install_grammarly,{},2026-02-26 12:17:22+00:00,2026-02-26,,,,True
2807245b-b05,u_01269,try_grammarly,"{""product_feature"": ""smart_email_reply""}",2026-02-26 13:13:22+00:00,2026-02-26,,smart_email_reply,,True
7da768da-e78,u_01270,did_click_lp,"{""lp_name"": ""lp_academic_writing""}",2026-02-01 20:22:40+00:00,2026-02-01,lp_academic_writing,,,True
6040118f-b1c,u_01271,did_click_lp,"{""lp_name"": ""lp_academic_writing""}",2026-02-12 08:51:58+00:00,2026-02-12,lp_academic_writing,,,True
d67bf24a-9db,u_01272,did_click_lp,"{""lp_name"": ""lp_business_emails""}",2026-02-14 19:25:58+00:00,2026-02-14,lp_business_emails,,,True
0a7b1ebf-c65,u_01273,did_click_lp,"{""lp_name"": ""lp_business_emails""}",2026-02-02 10:19:35+00:00,2026-02-02,lp_business_emails,,,True
a97848d4-080,u_01274,did_click_lp,"{""lp_name"": ""lp_business_emails""}",2026-02-27 13:07:50+00:00,2026-02-27,lp_business_emails,,,True
2bfc99b1-5cd,u_01274,did_install_grammarly,{},2026-02-27 13:12:50+00:00,2026-02-27,,,,True
01056df0-dbf,u_01275,did_click_lp,"{""lp_name"": ""lp_business_emails""}",2026-02-25 17:26:36+00:00,2026-02-25,lp_business_emails,,,True
c539f58b-44d,u_01275,did_install_grammarly,{},2026-02-25 17:34:36+00:00,2026-02-25,,,,True
381de138-333,u_01275,try_grammarly,"{""product_feature"": ""smart_email_reply""}",2026-02-25 17:43:36+00:00,2026-02-25,,smart_email_reply,,True
3615f8c8-3a3,u_01276,did_click_lp,"{""lp_name"": ""lp_academic_writing""}",2026-02-24 19:41:33+00:00,2026-02-24,lp_academic_writing,,,True
b06ed927-599,u_01277,did_click_lp,"{""lp_name"": ""lp_business_emails""}",2026-02-06 08:08:57+00:00,2026-02-06,lp_business_emails,,,True
fc9b1106-6f3,u_01277,did_install_grammarly,{},2026-02-06 08:17:57+00:00,2026-02-06,,,,True
f1d9a22a-07d,u_01278,did_click_lp,"{""lp_name"": ""lp_business_emails""}",2026-02-04 07:57:18+00:00,2026-02-04,lp_business_emails,,,True
21c58718-d4e,u_01278,did_install_grammarly,{},2026-02-04 08:01:18+00:00,2026-02-04,,,,True
18bfd59d-6e0,u_01278,did_click_lp,"{""lp_name"": ""lp_business_emails""}",2026-02-21 05:36:46+00:00,2026-02-21,lp_business_emails,,,True
0f93be31-480,u_01279,did_click_lp,"{""lp_name"": ""lp_business_emails""}",2026-02-09 09:53:23+00:00,2026-02-09,lp_business_emails,,,True
c337936a-52d,u_01279,did_install_grammarly,{},2026-02-09 10:00:23+00:00,2026-02-09,,,,True
bd087339-9be,u_01280,did_click_lp,"{""lp_name"": ""lp_academic_writing""}",2026-02-14 11:05:22+00:00,2026-02-14,lp_academic_writing,,,True
07bf0542-5f6,u_01281,did_click_lp,"{""lp_name"": ""lp_academic_writing""}",2026-02-17 00:10:38+00:00,2026-02-17,lp_academic_writing,,,True
1dccd24b-347,u_01281,did_install_grammarly,{},2026-02-17 00:13:38+00:00,2026-02-17,,,,True
901e9d19-060,u_01281,try_grammarly,"{""product_feature"": ""academic_citation_helper""}",2026-02-17 00:54:38+00:00,2026-02-17,,academic_citation_helper,,True
b073d5e4-9e4,u_01281,try_grammarly,"{""product_feature"": ""academic_citation_helper""}",2026-02-18 22:12:47+00:00,2026-02-18,,academic_citation_helper,,True
f5e3c76f-2ef,u_01282,did_click_lp,"{""lp_name"": ""lp_academic_writing""}",2026-02-02 20:20:06+00:00,2026-02-02,lp_academic_writing,,,True
61812609-505,u_01283,did_click_lp,"{""lp_name"": ""lp_academic_writing""}",2026-02-16 06:28:04+00:00,2026-02-16,lp_academic_writing,,,True
247cd995-179,u_01283,did_install_grammarly,{},2026-02-16 06:37:04+00:00,2026-02-16,,,,True
49d295f0-883,u_01283,try_grammarly,"{""product_feature"": ""academic_citation_helper""}",2026-02-16 07:17:04+00:00,2026-02-16,,academic_citation_helper,,True
f27712a2-b2f,u_01283,try_grammarly,"{""product_feature"": ""academic_citation_helper""}",2026-02-17 12:55:16+00:00,2026-02-17,,academic_citation_helper,,True
755f55bc-76a,u_01283,try_grammarly,"{""product_feature"": ""academic_citation_helper""}",2026-02-18 20:27:28+00:00,2026-02-18,,academic_citation_helper,,True
d155d623-71f,u_01284,did_click_lp,"{""lp_name"": ""lp_academic_writing""}",2026-02-18 09:02:31+00:00,2026-02-18,lp_academic_writing,,,True
93cb510b-478,u_01284,did_install_grammarly,{},2026-02-18 09:11:31+00:00,2026-02-18,,,,True
8d27b3a5-820,u_01285,did_click_lp,"{""lp_name"": ""lp_business_emails""}",2026-02-17 16:47:59+00:00,2026-02-17,lp_business_emails,,,True
2716491e-33c,u_01285,did_install_grammarly,{},2026-02-17 16:55:59+00:00,2026-02-17,,,,True
98cc6955-537,u_01286,did_click_lp,"{""lp_name"": ""lp_business_emails""}",2026-02-18 14:59:06+00:00,2026-02-18,lp_business_emails,,,True
b6ede137-8f5,u_01287,did_click_lp,"{""lp_name"": ""lp_business_emails""}",2026-02-20 08:31:01+00:00,2026-02-20,lp_business_emails,,,True
36633f1d-5a6,u_01287,did_install_grammarly,{},2026-02-20 08:40:01+00:00,2026-02-20,,,,True
968f4c5a-492,u_01287,try_grammarly,"{""product_feature"": ""smart_email_reply""}",2026-02-20 08:55:01+00:00,2026-02-20,,smart_email_reply,,True
89e18c6d-8a2,u_01288,did_click_lp,"{""lp_name"": ""lp_academic_writing""}",2026-02-20 07:32:36+00:00,2026-02-20,lp_academic_writing,,,True
e1eb751b-2b1,u_01288,did_install_grammarly,{},2026-02-20 07:42:36+00:00,2026-02-20,,,,True
08a69121-0cc,u_01289,did_click_lp,"{""lp_name"": ""lp_business_emails""}",2026-02-06 17:22:22+00:00,2026-02-06,lp_business_emails,,,True
046f7e9e-ea1,u_01290,did_click_lp,"{""lp_name"": ""lp_academic_writing""}",2026-02-04 00:54:21+00:00,2026-02-04,lp_academic_writing,,,True
b38c2fdd-9c6,u_01291,did_click_lp,"{""lp_name"": ""lp_academic_writing""}",2026-02-05 22:55:32+00:00,2026-02-05,lp_academic_writing,,,True
477699b0-4cd,u_01292,did_click_lp,"{""lp_name"": ""lp_academic_writing""}",2026-02-23 00:07:29+00:00,2026-02-23,lp_academic_writing,,,True
6907e1c3-254,u_01292,did_install_grammarly,{},2026-02-23 00:11:29+00:00,2026-02-23,,,,True
50282816-e03,u_01292,try_grammarly,"{""product_feature"": ""academic_citation_helper""}",2026-02-23 00:30:29+00:00,2026-02-23,,academic_citation_helper,,True
80ac3c83-42b,u_01292,try_grammarly,"{""product_feature"": ""academic_citation_helper""}",2026-02-24 08:43:58+00:00,2026-02-24,,academic_citation_helper,,True
2b210447-9e6,u_01293,did_click_lp,"{""lp_name"": ""lp_business_emails""}",2026-02-12 07:01:00+00:00,2026-02-12,lp_business_emails,,,True
5f14ca05-00d,u_01294,did_click_lp,"{""lp_name"": ""lp_academic_writing""}",2026-02-13 18:02:42+00:00,2026-02-13,lp_academic_writing,,,True
91dddffa-bd6,u_01295,did_click_lp,"{""lp_name"": ""lp_academic_writing""}",2026-02-17 10:27:56+00:00,2026-02-17,lp_academic_writing,,,True
1b982adf-452,u_01296,did_click_lp,"{""lp_name"": ""lp_business_emails""}",2026-02-17 07:53:08+00:00,2026-02-17,lp_business_emails,,,True
c3b47e38-d5f,u_01297,did_click_lp,"{""lp_name"": ""lp_business_emails""}",2026-02-01 22:12:13+00:00,2026-02-01,lp_business_emails,,,True
6c282853-e60,u_01298,did_click_lp,"{""lp_name"": ""lp_business_emails""}",2026-02-16 02:59:04+00:00,2026-02-16,lp_business_emails,,,True
0958539f-bd6,u_01298,did_install_grammarly,{},2026-02-16 03:01:04+00:00,2026-02-16,,,,True
c63dc39c-12c,u_01299,did_click_lp,"{""lp_name"": ""lp_academic_writing""}",2026-02-09 20:26:32+00:00,2026-02-09,lp_academic_writing,,,True
0efe0846-7ce,u_01299,did_install_grammarly,{},2026-02-09 20:27:32+00:00,2026-02-09,,,,True
6b1dcd15-e43,u_01299,try_grammarly,"{""product_feature"": ""academic_citation_helper""}",2026-02-09 20:40:32+00:00,2026-02-09,,academic_citation_helper,,True
645acd76-1f2,u_01299,try_grammarly,"{""product_feature"": ""academic_citation_helper""}",2026-02-10 19:51:00+00:00,2026-02-10,,academic_citation_helper,,True
e452a753-c8f,u_01299,try_grammarly,"{""product_feature"": ""academic_citation_helper""}",2026-02-11 19:51:19+00:00,2026-02-11,,academic_citation_helper,,True
e9a8fcea-14f,u_01300,did_click_lp,"{""lp_name"": ""lp_business_emails""}",2026-02-18 20:57:09+00:00,2026-02-18,lp_business_emails,,,True
c612d28f-e36,u_01300,did_click_lp,"{""lp_name"": ""lp_business_emails""}",2026-02-22 18:57:58+00:00,2026-02-22,lp_business_emails,,,True
9c7fcef2-594,u_01301,did_click_lp,"{""lp_name"": ""lp_academic_writing""}",2026-02-14 02:06:43+00:00,2026-02-14,lp_academic_writing,,,True
2678d397-773,u_01301,did_install_grammarly,{},2026-02-14 02:07:43+00:00,2026-02-14,,,,True
c77ed204-4ae,u_01301,try_grammarly,"{""product_feature"": ""academic_citation_helper""}",2026-02-14 02:36:43+00:00,2026-02-14,,academic_citation_helper,,True
e52a2cfc-8fc,u_01301,try_grammarly,"{""product_feature"": ""academic_citation_helper""}",2026-02-15 19:48:26+00:00,2026-02-15,,academic_citation_helper,,True
d4837d7d-56c,u_01301,try_grammarly,"{""product_feature"": ""academic_citation_helper""}",2026-02-16 19:50:42+00:00,2026-02-16,,academic_citation_helper,,True
dfbded93-a4b,u_01302,did_click_lp,"{""lp_name"": ""lp_business_emails""}",2026-02-06 06:40:39+00:00,2026-02-06,lp_business_emails,,,True
bf824f12-96c,u_01303,did_click_lp,"{""lp_name"": ""lp_academic_writing""}",2026-02-09 07:38:12+00:00,2026-02-09,lp_academic_writing,,,True
6ec200f7-973,u_01304,did_click_lp,"{""lp_name"": ""lp_business_emails""}",2026-02-28 00:39:03+00:00,2026-02-28,lp_business_emails,,,True
2f727ab3-81d,u_01305,did_click_lp,"{""lp_name"": ""lp_business_emails""}",2026-02-17 11:02:30+00:00,2026-02-17,lp_business_emails,,,True
b42594b8-ea8,u_01305,did_click_lp,"{""lp_name"": ""lp_academic_writing""}",2026-02-25 14:43:29+00:00,2026-02-25,lp_academic_writing,,,True
d11a7b34-626,u_01306,did_click_lp,"{""lp_name"": ""lp_academic_writing""}",2026-02-17 05:29:26+00:00,2026-02-17,lp_academic_writing,,,True
4771137c-8b9,u_01306,did_click_lp,"{""lp_name"": ""lp_academic_writing""}",2026-02-22 22:33:53+00:00,2026-02-22,lp_academic_writing,,,True
2436f42b-889,u_01306,did_click_lp,"{""lp_name"": ""lp_academic_writing""}",2026-02-23 16:01:40+00:00,2026-02-23,lp_academic_writing,,,True
c97eb274-bcb,u_01307,did_click_lp,"{""lp_name"": ""lp_academic_writing""}",2026-02-02 05:06:26+00:00,2026-02-02,lp_academic_writing,,,True
e3b217f2-dd8,u_01308,did_click_lp,"{""lp_name"": ""lp_business_emails""}",2026-02-17 01:12:05+00:00,2026-02-17,lp_business_emails,,,True
580a72d3-51a,u_01308,did_install_grammarly,{},2026-02-17 01:22:05+00:00,2026-02-17,,,,True
01f34c4f-f67,u_01309,did_click_lp,"{""lp_name"": ""lp_academic_writing""}",2026-02-16 03:18:26+00:00,2026-02-16,lp_academic_writing,,,True
dea2efba-453,u_01310,did_click_lp,"{""lp_name"": ""lp_business_emails""}",2026-02-13 03:29:32+00:00,2026-02-13,lp_business_emails,,,True
65a17bd1-315,u_01311,did_click_lp,"{""lp_name"": ""lp_academic_writing""}",2026-02-22 22:51:19+00:00,2026-02-22,lp_academic_writing,,,True
40874889-25b,u_01312,did_click_lp,"{""lp_name"": ""lp_academic_writing""}",2026-02-12 17:45:06+00:00,2026-02-12,lp_academic_writing,,,True
e507e756-797,u_01313,did_click_lp,"{""lp_name"": ""lp_academic_writing""}",2026-02-18 10:12:26+00:00,2026-02-18,lp_academic_writing,,,True
a6e37a72-942,u_01314,did_click_lp,"{""lp_name"": ""lp_academic_writing""}",2026-02-21 19:54:02+00:00,2026-02-21,lp_academic_writing,,,True
cb48605e-345,u_01314,did_install_grammarly,{},2026-02-21 20:00:02+00:00,2026-02-21,,,,True
d24da22c-4df,u_01315,did_click_lp,"{""lp_name"": ""lp_business_emails""}",2026-02-11 08:02:24+00:00,2026-02-11,lp_business_emails,,,True
b4f0c5e2-669,u_01316,did_click_lp,"{""lp_name"": ""lp_business_emails""}",2026-02-28 22:37:44+00:00,2026-02-28,lp_business_emails,,,True
55cbd25d-5b9,u_01317,did_click_lp,"{""lp_name"": ""lp_business_emails""}",2026-02-03 10:59:40+00:00,2026-02-03,lp_business_emails,,,True
4ee81200-5cd,u_01318,did_click_lp,"{""lp_name"": ""lp_business_emails""}",2026-02-03 23:04:36+00:00,2026-02-03,lp_business_emails,,,True
5895404c-696,u_01318,did_install_grammarly,{},2026-02-03 23:13:36+00:00,2026-02-03,,,,True
9c5f0a45-226,u_01319,did_click_lp,"{""lp_name"": ""lp_business_emails""}",2026-02-06 00:07:05+00:00,2026-02-06,lp_business_emails,,,True
5a87a261-63a,u_01320,did_click_lp,"{""lp_name"": ""lp_business_emails""}",2026-02-07 06:29:14+00:00,2026-02-07,lp_business_emails,,,True
f88c922c-87b,u_01320,did_install_grammarly,{},2026-02-07 06:32:14+00:00,2026-02-07,,,,True
3e468801-fcb,u_01321,did_click_lp,"{""lp_name"": ""lp_business_emails""}",2026-02-17 19:38:54+00:00,2026-02-17,lp_business_emails,,,True
2b281ebf-edf,u_01321,did_install_grammarly,{},2026-02-17 19:40:54+00:00,2026-02-17,,,,True
89f71211-a09,u_01321,try_grammarly,"{""product_feature"": ""smart_email_reply""}",2026-02-17 19:59:54+00:00,2026-02-17,,smart_email_reply,,True
fd7697dc-562,u_01322,did_click_lp,"{""lp_name"": ""lp_academic_writing""}",2026-02-19 13:46:28+00:00,2026-02-19,lp_academic_writing,,,True
4ba371e6-45b,u_01323,did_click_lp,"{""lp_name"": ""lp_academic_writing""}",2026-02-18 19:47:33+00:00,2026-02-18,lp_academic_writing,,,True
12ad47d2-c24,u_01323,did_install_grammarly,{},2026-02-18 19:49:33+00:00,2026-02-18,,,,True
c4122eff-adf,u_01323,try_grammarly,"{""product_feature"": ""academic_citation_helper""}",2026-02-18 20:21:33+00:00,2026-02-18,,academic_citation_helper,,True
e1f45cbd-e49,u_01323,try_grammarly,"{""product_feature"": ""academic_citation_helper""}",2026-02-19 18:05:07+00:00,2026-02-19,,academic_citation_helper,,True
60a4a943-a98,u_01324,did_click_lp,"{""lp_name"": ""lp_academic_writing""}",2026-02-23 01:22:04+00:00,2026-02-23,lp_academic_writing,,,True
4bca20e8-2be,u_01325,did_click_lp,"{""lp_name"": ""lp_business_emails""}",2026-02-07 21:30:30+00:00,2026-02-07,lp_business_emails,,,True
351d83ac-8b9,u_01326,did_click_lp,"{""lp_name"": ""lp_academic_writing""}",2026-02-17 08:08:44+00:00,2026-02-17,lp_academic_writing,,,True
4d8a5d49-76d,u_01326,did_install_grammarly,{},2026-02-17 08:18:44+00:00,2026-02-17,,,,True
9b095e1b-40d,u_01326,try_grammarly,"{""product_feature"": ""academic_citation_helper""}",2026-02-17 09:02:44+00:00,2026-02-17,,academic_citation_helper,,True
ab35f5bd-2a3,u_01327,did_click_lp,"{""lp_name"": ""lp_business_emails""}",2026-02-05 19:23:36+00:00,2026-02-05,lp_business_emails,,,True
07ef487b-c64,u_01327,did_install_grammarly,{},2026-02-05 19:31:36+00:00,2026-02-05,,,,True
11adb62e-fd8,u_01328,did_click_lp,"{""lp_name"": ""lp_business_emails""}",2026-02-22 21:41:31+00:00,2026-02-22,lp_business_emails,,,True
b508ca66-509,u_01329,did_click_lp,"{""lp_name"": ""lp_business_emails""}",2026-02-06 09:06:29+00:00,2026-02-06,lp_business_emails,,,True
abb7ace3-5ef,u_01330,did_click_lp,"{""lp_name"": ""lp_business_emails""}",2026-02-16 04:54:21+00:00,2026-02-16,lp_business_emails,,,True
125cd26c-b49,u_01330,did_install_grammarly,{},2026-02-16 04:59:21+00:00,2026-02-16,,,,True
f9cb86da-3bf,u_01330,try_grammarly,"{""product_feature"": ""smart_email_reply""}",2026-02-16 05:47:21+00:00,2026-02-16,,smart_email_reply,,True
6e9ec9cc-fca,u_01331,did_click_lp,"{""lp_name"": ""lp_academic_writing""}",2026-02-25 01:02:06+00:00,2026-02-25,lp_academic_writing,,,True
19746210-d6d,u_01332,did_click_lp,"{""lp_name"": ""lp_business_emails""}",2026-02-11 20:23:12+00:00,2026-02-11,lp_business_emails,,,True
59e42dab-0d5,u_01333,did_click_lp,"{""lp_name"": ""lp_academic_writing""}",2026-02-16 19:27:05+00:00,2026-02-16,lp_academic_writing,,,True
d3362fe3-5d3,u_01333,did_install_grammarly,{},2026-02-16 19:31:05+00:00,2026-02-16,,,,True
b067fe2f-f06,u_01333,try_grammarly,"{""product_feature"": ""academic_citation_helper""}",2026-02-16 20:14:05+00:00,2026-02-16,,academic_citation_helper,,True
c3bf9eca-e11,u_01333,try_grammarly,"{""product_feature"": ""academic_citation_helper""}",2026-02-17 12:59:25+00:00,2026-02-17,,academic_citation_helper,,True
ce021103-82a,u_01334,did_click_lp,"{""lp_name"": ""lp_business_emails""}",2026-02-16 09:36:00+00:00,2026-02-16,lp_business_emails,,,True
4739f21a-4bc,u_01335,did_click_lp,"{""lp_name"": ""lp_academic_writing""}",2026-02-10 20:15:33+00:00,2026-02-10,lp_academic_writing,,,True
ac40eff6-9de,u_01336,did_click_lp,"{""lp_name"": ""lp_academic_writing""}",2026-02-17 15:54:31+00:00,2026-02-17,lp_academic_writing,,,True
4ce3d291-bd6,u_01337,did_click_lp,"{""lp_name"": ""lp_business_emails""}",2026-02-19 17:46:40+00:00,2026-02-19,lp_business_emails,,,True
be2a0e7a-21f,u_01338,did_click_lp,"{""lp_name"": ""lp_academic_writing""}",2026-02-01 07:53:51+00:00,2026-02-01,lp_academic_writing,,,True
e6f8cd5a-640,u_01339,did_click_lp,"{""lp_name"": ""lp_business_emails""}",2026-02-09 10:16:38+00:00,2026-02-09,lp_business_emails,,,True
cdb6945d-ae2,u_01339,did_install_grammarly,{},2026-02-09 10:28:38+00:00,2026-02-09,,,,True
951edc92-9c3,u_01340,did_click_lp,"{""lp_name"": ""lp_academic_writing""}",2026-02-09 12:53:00+00:00,2026-02-09,lp_academic_writing,,,True
3c31dc88-52e,u_01340,did_install_grammarly,{},2026-02-09 12:57:00+00:00,2026-02-09,,,,True
ecfc586f-d29,u_01340,try_grammarly,"{""product_feature"": ""academic_citation_helper""}",2026-02-09 13:30:00+00:00,2026-02-09,,academic_citation_helper,,True
93c226f1-6e2,u_01340,try_grammarly,"{""product_feature"": ""academic_citation_helper""}",2026-02-10 01:12:29+00:00,2026-02-10,,academic_citation_helper,,True
ef4321d8-e7c,u_01341,did_click_lp,"{""lp_name"": ""lp_business_emails""}",2026-02-02 07:47:44+00:00,2026-02-02,lp_business_emails,,,True
712f6376-14b,u_01342,did_click_lp,"{""lp_name"": ""lp_business_emails""}",2026-02-26 09:39:36+00:00,2026-02-26,lp_business_emails,,,True
61fff9b5-91d,u_01343,did_click_lp,"{""lp_name"": ""lp_academic_writing""}",2026-02-10 15:44:08+00:00,2026-02-10,lp_academic_writing,,,True
b49be2d4-819,u_01344,did_click_lp,"{""lp_name"": ""lp_academic_writing""}",2026-02-25 13:05:48+00:00,2026-02-25,lp_academic_writing,,,True
d54110f8-9bd,u_01344,did_install_grammarly,{},2026-02-25 13:10:48+00:00,2026-02-25,,,,True
206fad1d-6a3,u_01345,did_click_lp,"{""lp_name"": ""lp_business_emails""}",2026-02-27 18:04:59+00:00,2026-02-27,lp_business_emails,,,True
14647c93-604,u_01346,did_click_lp,"{""lp_name"": ""lp_business_emails""}",2026-02-03 15:25:34+00:00,2026-02-03,lp_business_emails,,,True
74aee7cf-8d8,u_01346,did_install_grammarly,{},2026-02-03 15:32:34+00:00,2026-02-03,,,,True
17501638-03e,u_01347,did_click_lp,"{""lp_name"": ""lp_business_emails""}",2026-02-13 13:49:03+00:00,2026-02-13,lp_business_emails,,,True
390363ed-d59,u_01347,did_install_grammarly,{},2026-02-13 13:54:03+00:00,2026-02-13,,,,True
455e0fa3-0f3,u_01348,did_click_lp,"{""lp_name"": ""lp_business_emails""}",2026-02-09 11:29:44+00:00,2026-02-09,lp_business_emails,,,True
370431b7-e7a,u_01349,did_click_lp,"{""lp_name"": ""lp_academic_writing""}",2026-02-01 19:30:00+00:00,2026-02-01,lp_academic_writing,,,True
c7fcd0f5-a44,u_01349,did_click_lp,"{""lp_name"": ""lp_academic_writing""}",2026-02-28 17:19:49+00:00,2026-02-28,lp_academic_writing,,,True
e47becf3-ea8,u_01350,did_click_lp,"{""lp_name"": ""lp_business_emails""}",2026-02-09 14:28:56+00:00,2026-02-09,lp_business_emails,,,True
d3f689a4-e59,u_01351,did_click_lp,"{""lp_name"": ""lp_business_emails""}",2026-02-05 20:02:23+00:00,2026-02-05,lp_business_emails,,,True
b8b10625-d82,u_01351,did_install_grammarly,{},2026-02-05 20:07:23+00:00,2026-02-05,,,,True
1c75bf42-aae,u_01351,try_grammarly,"{""product_feature"": ""smart_email_reply""}",2026-02-05 21:01:23+00:00,2026-02-05,,smart_email_reply,,True
bc1b0e67-e61,u_01352,did_click_lp,"{""lp_name"": ""lp_academic_writing""}",2026-02-13 13:53:43+00:00,2026-02-13,lp_academic_writing,,,True
a7f3c7e2-21a,u_01353,did_click_lp,"{""lp_name"": ""lp_business_emails""}",2026-02-06 02:36:08+00:00,2026-02-06,lp_business_emails,,,True
555f261a-864,u_01353,did_install_grammarly,{},2026-02-06 02:43:08+00:00,2026-02-06,,,,True
0dd7cf69-812,u_01354,did_click_lp,"{""lp_name"": ""lp_business_emails""}",2026-02-09 01:02:43+00:00,2026-02-09,lp_business_emails,,,True
00d2c864-105,u_01355,did_click_lp,"{""lp_name"": ""lp_business_emails""}",2026-02-09 06:46:11+00:00,2026-02-09,lp_business_emails,,,True
e8c2d02d-d34,u_01356,did_click_lp,"{""lp_name"": ""lp_business_emails""}",2026-02-17 05:53:17+00:00,2026-02-17,lp_business_emails,,,True
8874dc7d-26e,u_01356,did_install_grammarly,{},2026-02-17 05:56:17+00:00,2026-02-17,,,,True
be623b61-3f1,u_01356,try_grammarly,"{""product_feature"": ""smart_email_reply""}",2026-02-17 06:52:17+00:00,2026-02-17,,smart_email_reply,,True
ab32628b-85e,u_01357,did_click_lp,"{""lp_name"": ""lp_business_emails""}",2026-02-19 03:21:25+00:00,2026-02-19,lp_business_emails,,,True
2e951368-608,u_01357,did_install_grammarly,{},2026-02-19 03:23:25+00:00,2026-02-19,,,,True
8c089e0c-583,u_01358,did_click_lp,"{""lp_name"": ""lp_business_emails""}",2026-02-06 22:44:55+00:00,2026-02-06,lp_business_emails,,,True
d0da8c52-fbd,u_01359,did_click_lp,"{""lp_name"": ""lp_academic_writing""}",2026-02-26 12:22:59+00:00,2026-02-26,lp_academic_writing,,,True
e875d398-28f,u_01360,did_click_lp,"{""lp_name"": ""lp_business_emails""}",2026-02-24 06:12:48+00:00,2026-02-24,lp_business_emails,,,True
ff5ba7d3-b4a,u_01361,did_click_lp,"{""lp_name"": ""lp_business_emails""}",2026-02-11 22:53:39+00:00,2026-02-11,lp_business_emails,,,True
78f5f81c-0af,u_01361,did_install_grammarly,{},2026-02-11 23:02:39+00:00,2026-02-11,,,,True
2c53af1e-819,u_01361,try_grammarly,"{""product_feature"": ""smart_email_reply""}",2026-02-11 23:44:39+00:00,2026-02-11,,smart_email_reply,,True
655a8b5c-156,u_01362,did_click_lp,"{""lp_name"": ""lp_business_emails""}",2026-02-01 18:57:02+00:00,2026-02-01,lp_business_emails,,,True
e027c1a3-f3e,u_01363,did_click_lp,"{""lp_name"": ""lp_business_emails""}",2026-02-17 12:30:39+00:00,2026-02-17,lp_business_emails,,,True
e300e4e5-b40,u_01364,did_click_lp,"{""lp_name"": ""lp_academic_writing""}",2026-02-17 11:03:27+00:00,2026-02-17,lp_academic_writing,,,True
a78b9d6a-9a7,u_01365,did_click_lp,"{""lp_name"": ""lp_academic_writing""}",2026-02-09 15:16:48+00:00,2026-02-09,lp_academic_writing,,,True
04223cc0-a22,u_01366,did_click_lp,"{""lp_name"": ""lp_business_emails""}",2026-02-22 19:38:42+00:00,2026-02-22,lp_business_emails,,,True
efebe9fe-ab3,u_01367,did_click_lp,"{""lp_name"": ""lp_business_emails""}",2026-02-15 02:10:03+00:00,2026-02-15,lp_business_emails,,,True
5e488ffe-61b,u_01367,did_install_grammarly,{},2026-02-15 02:21:03+00:00,2026-02-15,,,,True
84bf5c94-77c,u_01368,did_click_lp,"{""lp_name"": ""lp_academic_writing""}",2026-02-09 04:05:20+00:00,2026-02-09,lp_academic_writing,,,True
8e2a4ded-3a3,u_01369,did_click_lp,"{""lp_name"": ""lp_academic_writing""}",2026-02-06 04:18:33+00:00,2026-02-06,lp_academic_writing,,,True
e6eab7bc-e6f,u_01370,did_click_lp,"{""lp_name"": ""lp_academic_writing""}",2026-02-24 22:28:31+00:00,2026-02-24,lp_academic_writing,,,True
5a1c3918-b3d,u_01371,did_click_lp,"{""lp_name"": ""lp_academic_writing""}",2026-02-25 13:02:12+00:00,2026-02-25,lp_academic_writing,,,True
1c64541d-328,u_01371,did_install_grammarly,{},2026-02-25 13:11:12+00:00,2026-02-25,,,,True
f2c494c0-806,u_01372,did_click_lp,"{""lp_name"": ""lp_academic_writing""}",2026-02-21 20:00:59+00:00,2026-02-21,lp_academic_writing,,,True
c24bed46-a98,u_01372,did_install_grammarly,{},2026-02-21 20:07:59+00:00,2026-02-21,,,,True
c78b1f1e-3d1,u_01372,try_grammarly,"{""product_feature"": ""academic_citation_helper""}",2026-02-21 20:56:59+00:00,2026-02-21,,academic_citation_helper,,True
702db96f-d35,u_01372,try_grammarly,"{""product_feature"": ""academic_citation_helper""}",2026-02-22 12:36:00+00:00,2026-02-22,,academic_citation_helper,,True
73d14017-03d,u_01372,try_grammarly,"{""product_feature"": ""academic_citation_helper""}",2026-02-23 15:30:27+00:00,2026-02-23,,academic_citation_helper,,True
44a2e4ef-247,u_01373,did_click_lp,"{""lp_name"": ""lp_business_emails""}",2026-02-11 00:03:04+00:00,2026-02-11,lp_business_emails,,,True
85673176-24d,u_01373,did_install_grammarly,{},2026-02-11 00:04:04+00:00,2026-02-11,,,,True
ce56adf5-f8a,u_01374,did_click_lp,"{""lp_name"": ""lp_business_emails""}",2026-02-17 22:30:34+00:00,2026-02-17,lp_business_emails,,,True
8c1046f4-2c4,u_01374,did_install_grammarly,{},2026-02-17 22:43:34+00:00,2026-02-17,,,,True
b4f27298-59e,u_01375,did_click_lp,"{""lp_name"": ""lp_academic_writing""}",2026-02-05 09:03:23+00:00,2026-02-05,lp_academic_writing,,,True
6041eaff-4ce,u_01376,did_click_lp,"{""lp_name"": ""lp_business_emails""}",2026-02-25 17:46:55+00:00,2026-02-25,lp_business_emails,,,True
8cf4a017-b17,u_01377,did_click_lp,"{""lp_name"": ""lp_business_emails""}",2026-02-17 02:09:11+00:00,2026-02-17,lp_business_emails,,,True
9c55edcc-fe4,u_01378,did_click_lp,"{""lp_name"": ""lp_business_emails""}",2026-02-14 23:53:00+00:00,2026-02-14,lp_business_emails,,,True
35723f3f-4a0,u_01379,did_click_lp,"{""lp_name"": ""lp_business_emails""}",2026-02-27 23:21:41+00:00,2026-02-27,lp_business_emails,,,True
24a227d8-80e,u_01380,did_click_lp,"{""lp_name"": ""lp_academic_writing""}",2026-02-14 16:13:42+00:00,2026-02-14,lp_academic_writing,,,True
5867be3d-b61,u_01381,did_click_lp,"{""lp_name"": ""lp_business_emails""}",2026-02-18 23:50:17+00:00,2026-02-18,lp_business_emails,,,True
31ced04d-fbe,u_01381,did_install_grammarly,{},2026-02-19 00:03:17+00:00,2026-02-19,,,,True
5f4b786d-934,u_01381,try_grammarly,"{""product_feature"": ""smart_email_reply""}",2026-02-19 00:19:17+00:00,2026-02-19,,smart_email_reply,,True
eb592595-eac,u_01382,did_click_lp,"{""lp_name"": ""lp_business_emails""}",2026-02-07 06:46:20+00:00,2026-02-07,lp_business_emails,,,True
d0ffcd12-4cc,u_01382,did_install_grammarly,{},2026-02-07 06:47:20+00:00,2026-02-07,,,,True
c29e025e-03c,u_01383,did_click_lp,"{""lp_name"": ""lp_business_emails""}",2026-02-19 06:28:27+00:00,2026-02-19,lp_business_emails,,,True
2b4d9b3e-e99,u_01383,did_install_grammarly,{},2026-02-19 06:42:27+00:00,2026-02-19,,,,True
75dcc0ce-baf,u_01384,did_click_lp,"{""lp_name"": ""lp_academic_writing""}",2026-02-14 16:36:49+00:00,2026-02-14,lp_academic_writing,,,True
5e31d319-45e,u_01385,did_click_lp,"{""lp_name"": ""lp_business_emails""}",2026-02-23 12:28:30+00:00,2026-02-23,lp_business_emails,,,True
52324607-131,u_01386,did_click_lp,"{""lp_name"": ""lp_business_emails""}",2026-02-02 12:24:09+00:00,2026-02-02,lp_business_emails,,,True
7fa38ab4-13a,u_01387,did_click_lp,"{""lp_name"": ""lp_business_emails""}",2026-02-08 07:03:41+00:00,2026-02-08,lp_business_emails,,,True
0fee4b00-9df,u_01388,did_click_lp,"{""lp_name"": ""lp_academic_writing""}",2026-02-03 15:54:07+00:00,2026-02-03,lp_academic_writing,,,True
08d261b7-e46,u_01388,did_install_grammarly,{},2026-02-03 16:01:07+00:00,2026-02-03,,,,True
ead2f6e4-532,u_01388,try_grammarly,"{""product_feature"": ""academic_citation_helper""}",2026-02-03 16:48:07+00:00,2026-02-03,,academic_citation_helper,,True
d8c8c332-fa6,u_01388,try_grammarly,"{""product_feature"": ""academic_citation_helper""}",2026-02-04 20:34:24+00:00,2026-02-04,,academic_citation_helper,,True
a6d31b2d-6d2,u_01388,try_grammarly,"{""product_feature"": ""academic_citation_helper""}",2026-02-05 12:23:11+00:00,2026-02-05,,academic_citation_helper,,True
ccd7f1f3-3d7,u_01389,did_click_lp,"{""lp_name"": ""lp_business_emails""}",2026-02-09 06:41:39+00:00,2026-02-09,lp_business_emails,,,True
3652f1b3-21d,u_01390,did_click_lp,"{""lp_name"": ""lp_business_emails""}",2026-02-13 21:55:17+00:00,2026-02-13,lp_business_emails,,,True
25c2ec9d-0b3,u_01391,did_click_lp,"{""lp_name"": ""lp_academic_writing""}",2026-02-02 19:16:07+00:00,2026-02-02,lp_academic_writing,,,True
974c74ab-fa2,u_01391,did_install_grammarly,{},2026-02-02 19:18:07+00:00,2026-02-02,,,,True
5054fdc0-9ed,u_01391,try_grammarly,"{""product_feature"": ""academic_citation_helper""}",2026-02-02 19:46:07+00:00,2026-02-02,,academic_citation_helper,,True
3542ae3f-069,u_01391,try_grammarly,"{""product_feature"": ""academic_citation_helper""}",2026-02-03 00:59:11+00:00,2026-02-03,,academic_citation_helper,,True
e29da47c-655,u_01391,try_grammarly,"{""product_feature"": ""academic_citation_helper""}",2026-02-04 22:28:24+00:00,2026-02-04,,academic_citation_helper,,True
06147822-ba2,u_01391,try_grammarly,"{""product_feature"": ""academic_citation_helper""}",2026-02-07 18:35:12+00:00,2026-02-07,,academic_citation_helper,,True
6901f7eb-5e7,u_01392,did_click_lp,"{""lp_name"": ""lp_academic_writing""}",2026-02-10 09:43:06+00:00,2026-02-10,lp_academic_writing,,,True
ed80e858-184,u_01393,did_click_lp,"{""lp_name"": ""lp_business_emails""}",2026-02-11 11:41:29+00:00,2026-02-11,lp_business_emails,,,True
56c37fd9-04f,u_01394,did_click_lp,"{""lp_name"": ""lp_business_emails""}",2026-02-27 22:05:42+00:00,2026-02-27,lp_business_emails,,,True
620c059d-ad1,u_01395,did_click_lp,"{""lp_name"": ""lp_business_emails""}",2026-02-23 17:12:30+00:00,2026-02-23,lp_business_emails,,,True
1ccad256-c11,u_01396,did_click_lp,"{""lp_name"": ""lp_business_emails""}",2026-02-09 18:35:35+00:00,2026-02-09,lp_business_emails,,,True
551f7a39-616,u_01397,did_click_lp,"{""lp_name"": ""lp_academic_writing""}",2026-02-14 17:01:00+00:00,2026-02-14,lp_academic_writing,,,True
0a95ea3a-8e2,u_01397,did_install_grammarly,{},2026-02-14 17:02:00+00:00,2026-02-14,,,,True
8cf3a0fc-225,u_01397,try_grammarly,"{""product_feature"": ""academic_citation_helper""}",2026-02-14 17:37:00+00:00,2026-02-14,,academic_citation_helper,,True
15e49cd3-b7e,u_01397,try_grammarly,"{""product_feature"": ""academic_citation_helper""}",2026-02-15 12:55:42+00:00,2026-02-15,,academic_citation_helper,,True
5e12bbfb-561,u_01398,did_click_lp,"{""lp_name"": ""lp_business_emails""}",2026-02-16 00:07:25+00:00,2026-02-16,lp_business_emails,,,True
4485de44-3a8,u_01399,did_click_lp,"{""lp_name"": ""lp_academic_writing""}",2026-02-08 12:06:50+00:00,2026-02-08,lp_academic_writing,,,True
695b5d9e-fd9,u_01400,did_click_lp,"{""lp_name"": ""lp_academic_writing""}",2026-02-26 17:54:27+00:00,2026-02-26,lp_academic_writing,,,True
5897e94a-d07,u_01401,did_click_lp,"{""lp_name"": ""lp_academic_writing""}",2026-02-26 22:14:14+00:00,2026-02-26,lp_academic_writing,,,True
1f4a5497-204,u_01402,did_click_lp,"{""lp_name"": ""lp_academic_writing""}",2026-02-08 19:05:03+00:00,2026-02-08,lp_academic_writing,,,True
7966d13c-085,u_01402,did_install_grammarly,{},2026-02-08 19:13:03+00:00,2026-02-08,,,,True
22e75dfd-2f8,u_01402,try_grammarly,"{""product_feature"": ""academic_citation_helper""}",2026-02-08 19:27:03+00:00,2026-02-08,,academic_citation_helper,,True
7ba32fb3-9cf,u_01402,try_grammarly,"{""product_feature"": ""academic_citation_helper""}",2026-02-09 20:02:15+00:00,2026-02-09,,academic_citation_helper,,True
8872cae9-9f4,u_01403,did_click_lp,"{""lp_name"": ""lp_academic_writing""}",2026-02-07 01:15:02+00:00,2026-02-07,lp_academic_writing,,,True
7736e35f-721,u_01404,did_click_lp,"{""lp_name"": ""lp_academic_writing""}",2026-02-01 14:02:13+00:00,2026-02-01,lp_academic_writing,,,True
b3f3b3c2-948,u_01404,did_install_grammarly,{},2026-02-01 14:12:13+00:00,2026-02-01,,,,True
e1521306-e05,u_01404,try_grammarly,"{""product_feature"": ""academic_citation_helper""}",2026-02-01 14:48:13+00:00,2026-02-01,,academic_citation_helper,,True
bad16236-142,u_01404,try_grammarly,"{""product_feature"": ""academic_citation_helper""}",2026-02-02 13:22:42+00:00,2026-02-02,,academic_citation_helper,,True
400a8802-6dd,u_01405,did_click_lp,"{""lp_name"": ""lp_business_emails""}",2026-02-04 14:04:22+00:00,2026-02-04,lp_business_emails,,,True
0af96fc0-0ce,u_01406,did_click_lp,"{""lp_name"": ""lp_business_emails""}",2026-02-24 10:54:23+00:00,2026-02-24,lp_business_emails,,,True
2ee48535-2fe,u_01407,did_click_lp,"{""lp_name"": ""lp_business_emails""}",2026-02-06 18:40:19+00:00,2026-02-06,lp_business_emails,,,True
be1ec254-892,u_01407,did_click_lp,"{""lp_name"": ""lp_business_emails""}",2026-02-10 07:05:54+00:00,2026-02-10,lp_business_emails,,,True
b3b6e7e2-bd2,u_01407,did_click_lp,"{""lp_name"": ""lp_business_emails""}",2026-02-23 01:16:54+00:00,2026-02-23,lp_business_emails,,,True
3ec9cfbe-7d8,u_01408,did_click_lp,"{""lp_name"": ""lp_academic_writing""}",2026-02-06 03:15:42+00:00,2026-02-06,lp_academic_writing,,,True
9851df3b-695,u_01408,did_install_grammarly,{},2026-02-06 03:24:42+00:00,2026-02-06,,,,True
eca2ae8c-39f,u_01409,did_click_lp,"{""lp_name"": ""lp_business_emails""}",2026-02-25 08:19:41+00:00,2026-02-25,lp_business_emails,,,True
99a111bf-6a4,u_01409,did_install_grammarly,{},2026-02-25 08:26:41+00:00,2026-02-25,,,,True
2e82bae4-629,u_01409,try_grammarly,"{""product_feature"": ""smart_email_reply""}",2026-02-25 08:41:41+00:00,2026-02-25,,smart_email_reply,,True
f17863a0-2e9,u_01410,did_click_lp,"{""lp_name"": ""lp_academic_writing""}",2026-02-14 23:57:26+00:00,2026-02-14,lp_academic_writing,,,True
cd2e3589-0d1,u_01410,did_install_grammarly,{},2026-02-15 00:07:26+00:00,2026-02-15,,,,True
3eb1fe98-677,u_01411,did_click_lp,"{""lp_name"": ""lp_academic_writing""}",2026-02-04 23:07:15+00:00,2026-02-04,lp_academic_writing,,,True
52c61a8d-ea7,u_01411,did_install_grammarly,{},2026-02-04 23:15:15+00:00,2026-02-04,,,,True
038bdf59-5a6,u_01411,try_grammarly,"{""product_feature"": ""academic_citation_helper""}",2026-02-04 23:21:15+00:00,2026-02-04,,academic_citation_helper,,True
9bb19343-5e7,u_01411,try_grammarly,"{""product_feature"": ""academic_citation_helper""}",2026-02-05 16:28:22+00:00,2026-02-05,,academic_citation_helper,,True
efa51567-bc5,u_01411,try_grammarly,"{""product_feature"": ""academic_citation_helper""}",2026-02-06 17:05:22+00:00,2026-02-06,,academic_citation_helper,,True
54556d55-56f,u_01412,did_click_lp,"{""lp_name"": ""lp_academic_writing""}",2026-02-25 03:38:48+00:00,2026-02-25,lp_academic_writing,,,True
d42b0da7-721,u_01412,did_install_grammarly,{},2026-02-25 03:44:48+00:00,2026-02-25,,,,True
dff1b3c2-fdd,u_01413,did_click_lp,"{""lp_name"": ""lp_academic_writing""}",2026-02-08 00:02:54+00:00,2026-02-08,lp_academic_writing,,,True
2f9d0590-525,u_01413,did_install_grammarly,{},2026-02-08 00:11:54+00:00,2026-02-08,,,,True
c4b1454c-5ea,u_01413,try_grammarly,"{""product_feature"": ""academic_citation_helper""}",2026-02-08 00:41:54+00:00,2026-02-08,,academic_citation_helper,,True
5358c770-81d,u_01414,did_click_lp,"{""lp_name"": ""lp_business_emails""}",2026-02-25 08:45:18+00:00,2026-02-25,lp_business_emails,,,True
8251f486-20c,u_01415,did_click_lp,"{""lp_name"": ""lp_academic_writing""}",2026-02-11 06:29:38+00:00,2026-02-11,lp_academic_writing,,,True
e3f3d1c8-36f,u_01415,did_install_grammarly,{},2026-02-11 06:32:38+00:00,2026-02-11,,,,True
fb63210d-07e,u_01416,did_click_lp,"{""lp_name"": ""lp_business_emails""}",2026-02-05 10:33:36+00:00,2026-02-05,lp_business_emails,,,True
a79a08fd-1a0,u_01416,did_install_grammarly,{},2026-02-05 10:45:36+00:00,2026-02-05,,,,True
cc04dac9-7fd,u_01416,try_grammarly,"{""product_feature"": ""smart_email_reply""}",2026-02-05 11:29:36+00:00,2026-02-05,,smart_email_reply,,True
17615995-0ca,u_01417,did_click_lp,"{""lp_name"": ""lp_academic_writing""}",2026-02-06 00:08:46+00:00,2026-02-06,lp_academic_writing,,,True
73ccbeca-06a,u_01417,did_install_grammarly,{},2026-02-06 00:13:46+00:00,2026-02-06,,,,True
6565c40f-de1,u_01418,did_click_lp,"{""lp_name"": ""lp_academic_writing""}",2026-02-01 20:52:20+00:00,2026-02-01,lp_academic_writing,,,True
5121fbc0-104,u_01418,did_install_grammarly,{},2026-02-01 20:58:20+00:00,2026-02-01,,,,True
fe1b16f5-349,u_01419,did_click_lp,"{""lp_name"": ""lp_academic_writing""}",2026-02-27 11:14:46+00:00,2026-02-27,lp_academic_writing,,,True
efc5f582-125,u_01420,did_click_lp,"{""lp_name"": ""lp_academic_writing""}",2026-02-12 10:05:45+00:00,2026-02-12,lp_academic_writing,,,True
b5dd8761-b6d,u_01421,did_click_lp,"{""lp_name"": ""lp_business_emails""}",2026-02-05 23:09:40+00:00,2026-02-05,lp_business_emails,,,True
1bfb319d-5c7,u_01422,did_click_lp,"{""lp_name"": ""lp_academic_writing""}",2026-02-01 10:00:48+00:00,2026-02-01,lp_academic_writing,,,True
e12ffdb7-5e0,u_01423,did_click_lp,"{""lp_name"": ""lp_business_emails""}",2026-02-01 13:06:21+00:00,2026-02-01,lp_business_emails,,,True
ed2a36f1-13c,u_01423,did_install_grammarly,{},2026-02-01 13:09:21+00:00,2026-02-01,,,,True
e63679dd-16a,u_01423,try_grammarly,"{""product_feature"": ""smart_email_reply""}",2026-02-01 13:53:21+00:00,2026-02-01,,smart_email_reply,,True
236ba923-093,u_01424,did_click_lp,"{""lp_name"": ""lp_academic_writing""}",2026-02-16 23:53:38+00:00,2026-02-16,lp_academic_writing,,,True
e45c7ed5-452,u_01424,did_install_grammarly,{},2026-02-16 23:56:38+00:00,2026-02-16,,,,True
32e489d8-edd,u_01424,try_grammarly,"{""product_feature"": ""academic_citation_helper""}",2026-02-17 00:30:38+00:00,2026-02-17,,academic_citation_helper,,True
58aaed02-e63,u_01425,did_click_lp,"{""lp_name"": ""lp_academic_writing""}",2026-02-23 10:54:42+00:00,2026-02-23,lp_academic_writing,,,True
981f41ae-49f,u_01426,did_click_lp,"{""lp_name"": ""lp_business_emails""}",2026-02-11 17:33:39+00:00,2026-02-11,lp_business_emails,,,True
bd44fc31-a48,u_01427,did_click_lp,"{""lp_name"": ""lp_business_emails""}",2026-02-05 10:55:52+00:00,2026-02-05,lp_business_emails,,,True
f95ae477-b86,u_01428,did_click_lp,"{""lp_name"": ""lp_academic_writing""}",2026-02-14 21:31:26+00:00,2026-02-14,lp_academic_writing,,,True
43ec981f-0f9,u_01429,did_click_lp,"{""lp_name"": ""lp_academic_writing""}",2026-02-25 23:22:32+00:00,2026-02-25,lp_academic_writing,,,True
3457066a-b0f,u_01430,did_click_lp,"{""lp_name"": ""lp_business_emails""}",2026-02-16 07:35:31+00:00,2026-02-16,lp_business_emails,,,True
c63eb279-1dc,u_01430,did_install_grammarly,{},2026-02-16 07:38:31+00:00,2026-02-16,,,,True
b19bdb46-39d,u_01431,did_click_lp,"{""lp_name"": ""lp_academic_writing""}",2026-02-06 08:24:29+00:00,2026-02-06,lp_academic_writing,,,True
215cfe37-79c,u_01431,did_install_grammarly,{},2026-02-06 08:29:29+00:00,2026-02-06,,,,True
c9152442-c59,u_01431,try_grammarly,"{""product_feature"": ""academic_citation_helper""}",2026-02-06 09:12:29+00:00,2026-02-06,,academic_citation_helper,,True
fafc0456-306,u_01431,try_grammarly,"{""product_feature"": ""academic_citation_helper""}",2026-02-07 10:08:45+00:00,2026-02-07,,academic_citation_helper,,True
7f6455a4-2af,u_01431,try_grammarly,"{""product_feature"": ""academic_citation_helper""}",2026-02-08 04:58:12+00:00,2026-02-08,,academic_citation_helper,,True
463eebd0-2a1,u_01431,try_grammarly,"{""product_feature"": ""academic_citation_helper""}",2026-02-11 23:46:23+00:00,2026-02-11,,academic_citation_helper,,True
550382e7-221,u_01432,did_click_lp,"{""lp_name"": ""lp_academic_writing""}",2026-02-17 13:41:03+00:00,2026-02-17,lp_academic_writing,,,True
4f0669bf-c49,u_01432,did_install_grammarly,{},2026-02-17 13:46:03+00:00,2026-02-17,,,,True
d741c033-b21,u_01432,try_grammarly,"{""product_feature"": ""academic_citation_helper""}",2026-02-17 14:13:03+00:00,2026-02-17,,academic_citation_helper,,True
377660b0-931,u_01432,try_grammarly,"{""product_feature"": ""academic_citation_helper""}",2026-02-18 07:20:57+00:00,2026-02-18,,academic_citation_helper,,True
99d3d3d1-bd4,u_01432,try_grammarly,"{""product_feature"": ""academic_citation_helper""}",2026-02-19 01:00:03+00:00,2026-02-19,,academic_citation_helper,,True
9026ce39-9aa,u_01433,did_click_lp,"{""lp_name"": ""lp_business_emails""}",2026-02-04 09:49:50+00:00,2026-02-04,lp_business_emails,,,True
b4e4d290-5fd,u_01433,did_install_grammarly,{},2026-02-04 10:02:50+00:00,2026-02-04,,,,True
17652452-98c,u_01433,try_grammarly,"{""product_feature"": ""smart_email_reply""}",2026-02-04 10:34:50+00:00,2026-02-04,,smart_email_reply,,True
65cf0445-920,u_01434,did_click_lp,"{""lp_name"": ""lp_business_emails""}",2026-02-02 21:28:14+00:00,2026-02-02,lp_business_emails,,,True
2ec51cb1-85c,u_01435,did_click_lp,"{""lp_name"": ""lp_academic_writing""}",2026-02-17 21:08:13+00:00,2026-02-17,lp_academic_writing,,,True
2a553330-38d,u_01436,did_click_lp,"{""lp_name"": ""lp_business_emails""}",2026-02-11 14:48:06+00:00,2026-02-11,lp_business_emails,,,True
b4794d2d-cad,u_01437,did_click_lp,"{""lp_name"": ""lp_academic_writing""}",2026-02-26 23:20:43+00:00,2026-02-26,lp_academic_writing,,,True
355f20ab-abe,u_01438,did_click_lp,"{""lp_name"": ""lp_business_emails""}",2026-02-20 08:31:40+00:00,2026-02-20,lp_business_emails,,,True
ef9c1d4c-0a1,u_01438,did_install_grammarly,{},2026-02-20 08:40:40+00:00,2026-02-20,,,,True
0b65d5bc-0a2,u_01438,try_grammarly,"{""product_feature"": ""smart_email_reply""}",2026-02-20 09:01:40+00:00,2026-02-20,,smart_email_reply,,True
063d4c8e-c7f,u_01439,did_click_lp,"{""lp_name"": ""lp_business_emails""}",2026-02-12 00:41:31+00:00,2026-02-12,lp_business_emails,,,True
32d14c07-d82,u_01440,did_click_lp,"{""lp_name"": ""lp_business_emails""}",2026-02-15 11:03:56+00:00,2026-02-15,lp_business_emails,,,True
e1dcdf8d-8f7,u_01441,did_click_lp,"{""lp_name"": ""lp_business_emails""}",2026-02-17 06:24:45+00:00,2026-02-17,lp_business_emails,,,True
e83a05ae-183,u_01442,did_click_lp,"{""lp_name"": ""lp_business_emails""}",2026-02-11 04:02:56+00:00,2026-02-11,lp_business_emails,,,True
b41aeb36-8b0,u_01442,did_install_grammarly,{},2026-02-11 04:11:56+00:00,2026-02-11,,,,True
23ed1f0a-9c3,u_01443,did_click_lp,"{""lp_name"": ""lp_academic_writing""}",2026-02-18 02:08:48+00:00,2026-02-18,lp_academic_writing,,,True
80244b92-04f,u_01443,did_install_grammarly,{},2026-02-18 02:16:48+00:00,2026-02-18,,,,True
95bd4bd0-c67,u_01443,try_grammarly,"{""product_feature"": ""academic_citation_helper""}",2026-02-18 02:35:48+00:00,2026-02-18,,academic_citation_helper,,True
2590a707-6b7,u_01443,try_grammarly,"{""product_feature"": ""academic_citation_helper""}",2026-02-19 14:32:39+00:00,2026-02-19,,academic_citation_helper,,True
bd2741c0-0ab,u_01443,try_grammarly,"{""product_feature"": ""academic_citation_helper""}",2026-02-20 14:29:27+00:00,2026-02-20,,academic_citation_helper,,True
440d0034-fab,u_01444,did_click_lp,"{""lp_name"": ""lp_business_emails""}",2026-02-01 04:51:48+00:00,2026-02-01,lp_business_emails,,,True
fd360692-5cf,u_01444,did_install_grammarly,{},2026-02-01 04:53:48+00:00,2026-02-01,,,,True
8bc1ed1e-666,u_01444,try_grammarly,"{""product_feature"": ""smart_email_reply""}",2026-02-01 05:00:48+00:00,2026-02-01,,smart_email_reply,,True
e2f896d2-60b,u_01445,did_click_lp,"{""lp_name"": ""lp_academic_writing""}",2026-02-15 21:42:05+00:00,2026-02-15,lp_academic_writing,,,True
9775c7ea-32a,u_01446,did_click_lp,"{""lp_name"": ""lp_academic_writing""}",2026-02-04 12:23:37+00:00,2026-02-04,lp_academic_writing,,,True
c7835c2e-d92,u_01447,did_click_lp,"{""lp_name"": ""lp_academic_writing""}",2026-02-14 18:14:35+00:00,2026-02-14,lp_academic_writing,,,True
98139629-d4e,u_01447,did_install_grammarly,{},2026-02-14 18:21:35+00:00,2026-02-14,,,,True
5c925525-779,u_01448,did_click_lp,"{""lp_name"": ""lp_academic_writing""}",2026-02-26 21:21:10+00:00,2026-02-26,lp_academic_writing,,,True
06624d02-2d9,u_01449,did_click_lp,"{""lp_name"": ""lp_business_emails""}",2026-02-15 23:18:41+00:00,2026-02-15,lp_business_emails,,,True
cf5fd117-f31,u_01450,did_click_lp,"{""lp_name"": ""lp_academic_writing""}",2026-02-20 16:19:25+00:00,2026-02-20,lp_academic_writing,,,True
09b75535-35b,u_01451,did_click_lp,"{""lp_name"": ""lp_academic_writing""}",2026-02-20 01:42:06+00:00,2026-02-20,lp_academic_writing,,,True
774e651d-c30,u_01452,did_click_lp,"{""lp_name"": ""lp_business_emails""}",2026-02-11 19:38:22+00:00,2026-02-11,lp_business_emails,,,True
82c82978-717,u_01452,did_install_grammarly,{},2026-02-11 19:39:22+00:00,2026-02-11,,,,True
2347578b-115,u_01452,try_grammarly,"{""product_feature"": ""smart_email_reply""}",2026-02-11 20:25:22+00:00,2026-02-11,,smart_email_reply,,True
c41f1116-596,u_01453,did_click_lp,"{""lp_name"": ""lp_academic_writing""}",2026-02-16 06:46:05+00:00,2026-02-16,lp_academic_writing,,,True
ee3e54a9-b25,u_01454,did_click_lp,"{""lp_name"": ""lp_business_emails""}",2026-02-14 03:51:32+00:00,2026-02-14,lp_business_emails,,,True
3d406a12-94c,u_01455,did_click_lp,"{""lp_name"": ""lp_academic_writing""}",2026-02-14 20:28:42+00:00,2026-02-14,lp_academic_writing,,,True
150189cf-ca1,u_01455,did_install_grammarly,{},2026-02-14 20:37:42+00:00,2026-02-14,,,,True
8f931d0f-990,u_01455,try_grammarly,"{""product_feature"": ""academic_citation_helper""}",2026-02-14 21:12:42+00:00,2026-02-14,,academic_citation_helper,,True
2cad2b4d-0c5,u_01455,try_grammarly,"{""product_feature"": ""academic_citation_helper""}",2026-02-15 08:20:49+00:00,2026-02-15,,academic_citation_helper,,True
6218c805-bfd,u_01456,did_click_lp,"{""lp_name"": ""lp_business_emails""}",2026-02-03 23:37:56+00:00,2026-02-03,lp_business_emails,,,True
411a4b7f-75f,u_01456,did_install_grammarly,{},2026-02-03 23:49:56+00:00,2026-02-03,,,,True
4f531cb0-add,u_01456,try_grammarly,"{""product_feature"": ""smart_email_reply""}",2026-02-04 00:22:56+00:00,2026-02-04,,smart_email_reply,,True
8582fb47-c7a,u_01457,did_click_lp,"{""lp_name"": ""lp_business_emails""}",2026-02-05 20:44:49+00:00,2026-02-05,lp_business_emails,,,True
eae19712-8ba,u_01457,did_click_lp,"{""lp_name"": ""lp_academic_writing""}",2026-02-15 07:01:50+00:00,2026-02-15,lp_academic_writing,,,True
03d2af76-267,u_01457,did_install_grammarly,{},2026-02-15 07:06:50+00:00,2026-02-15,,,,True
66353400-387,u_01457,try_grammarly,"{""product_feature"": ""academic_citation_helper""}",2026-02-15 07:51:50+00:00,2026-02-15,,academic_citation_helper,,True
2df75db3-5f5,u_01458,did_click_lp,"{""lp_name"": ""lp_academic_writing""}",2026-02-14 18:32:57+00:00,2026-02-14,lp_academic_writing,,,True
dbff9d67-709,u_01459,did_click_lp,"{""lp_name"": ""lp_business_emails""}",2026-02-11 18:34:48+00:00,2026-02-11,lp_business_emails,,,True
485e0c34-9c8,u_01460,did_click_lp,"{""lp_name"": ""lp_academic_writing""}",2026-02-16 21:09:29+00:00,2026-02-16,lp_academic_writing,,,True
e0ffee74-302,u_01461,did_click_lp,"{""lp_name"": ""lp_academic_writing""}",2026-02-19 08:11:47+00:00,2026-02-19,lp_academic_writing,,,True
0663bae8-25f,u_01462,did_click_lp,"{""lp_name"": ""lp_academic_writing""}",2026-02-06 03:13:32+00:00,2026-02-06,lp_academic_writing,,,True
4e40cdb5-8e1,u_01463,did_click_lp,"{""lp_name"": ""lp_academic_writing""}",2026-02-15 10:39:42+00:00,2026-02-15,lp_academic_writing,,,True
15b15959-5c9,u_01463,did_install_grammarly,{},2026-02-15 10:49:42+00:00,2026-02-15,,,,True
08869fc5-37a,u_01463,try_grammarly,"{""product_feature"": ""academic_citation_helper""}",2026-02-15 11:30:42+00:00,2026-02-15,,academic_citation_helper,,True
7ee70f83-ac5,u_01463,try_grammarly,"{""product_feature"": ""academic_citation_helper""}",2026-02-16 10:27:10+00:00,2026-02-16,,academic_citation_helper,,True
b3bef31e-6db,u_01463,try_grammarly,"{""product_feature"": ""academic_citation_helper""}",2026-02-17 07:50:14+00:00,2026-02-17,,academic_citation_helper,,True
ab4ed847-874,u_01464,did_click_lp,"{""lp_name"": ""lp_academic_writing""}",2026-02-10 22:54:20+00:00,2026-02-10,lp_academic_writing,,,True
dffa275d-906,u_01465,did_click_lp,"{""lp_name"": ""lp_academic_writing""}",2026-02-05 06:44:43+00:00,2026-02-05,lp_academic_writing,,,True
34372f00-d4f,u_01466,did_click_lp,"{""lp_name"": ""lp_business_emails""}",2026-02-21 09:39:05+00:00,2026-02-21,lp_business_emails,,,True
1b72465f-5e8,u_01466,did_install_grammarly,{},2026-02-21 09:51:05+00:00,2026-02-21,,,,True
00bca68e-f59,u_01466,try_grammarly,"{""product_feature"": ""smart_email_reply""}",2026-02-21 09:59:05+00:00,2026-02-21,,smart_email_reply,,True
892c0b88-a49,u_01467,did_click_lp,"{""lp_name"": ""lp_academic_writing""}",2026-02-07 00:44:24+00:00,2026-02-07,lp_academic_writing,,,True
984505c6-5d5,u_01467,did_install_grammarly,{},2026-02-07 00:47:24+00:00,2026-02-07,,,,True
99eb723b-caa,u_01467,try_grammarly,"{""product_feature"": ""academic_citation_helper""}",2026-02-07 00:54:24+00:00,2026-02-07,,academic_citation_helper,,True
0b9d8edb-420,u_01467,try_grammarly,"{""product_feature"": ""academic_citation_helper""}",2026-02-08 14:35:18+00:00,2026-02-08,,academic_citation_helper,,True
0ff1ec97-f5c,u_01467,try_grammarly,"{""product_feature"": ""academic_citation_helper""}",2026-02-09 15:12:36+00:00,2026-02-09,,academic_citation_helper,,True
7e79d269-ab8,u_01467,try_grammarly,"{""product_feature"": ""academic_citation_helper""}",2026-02-11 10:46:29+00:00,2026-02-11,,academic_citation_helper,,True
4f9d65ad-27b,u_01468,did_click_lp,"{""lp_name"": ""lp_academic_writing""}",2026-02-08 11:20:10+00:00,2026-02-08,lp_academic_writing,,,True
1f090a0b-424,u_01469,did_click_lp,"{""lp_name"": ""lp_business_emails""}",2026-02-01 10:32:56+00:00,2026-02-01,lp_business_emails,,,True
6d3a3e24-b67,u_01469,did_install_grammarly,{},2026-02-01 10:45:56+00:00,2026-02-01,,,,True
821fc258-ff4,u_01469,try_grammarly,"{""product_feature"": ""smart_email_reply""}",2026-02-01 11:08:56+00:00,2026-02-01,,smart_email_reply,,True
8f9dfbc4-e2b,u_01469,try_grammarly,"{""product_feature"": ""smart_email_reply""}",2026-02-03 14:38:57+00:00,2026-02-03,,smart_email_reply,,True
d204ef30-1de,u_01470,did_click_lp,"{""lp_name"": ""lp_academic_writing""}",2026-02-16 21:34:55+00:00,2026-02-16,lp_academic_writing,,,True
83850822-746,u_01471,did_click_lp,"{""lp_name"": ""lp_business_emails""}",2026-02-20 06:45:14+00:00,2026-02-20,lp_business_emails,,,True
278043d8-16b,u_01472,did_click_lp,"{""lp_name"": ""lp_academic_writing""}",2026-02-24 10:29:44+00:00,2026-02-24,lp_academic_writing,,,True
b8c8ab26-73f,u_01472,did_install_grammarly,{},2026-02-24 10:30:44+00:00,2026-02-24,,,,True
afc5e156-cba,u_01473,did_click_lp,"{""lp_name"": ""lp_academic_writing""}",2026-02-01 04:49:42+00:00,2026-02-01,lp_academic_writing,,,True
1f1da6eb-4a3,u_01473,did_install_grammarly,{},2026-02-01 04:57:42+00:00,2026-02-01,,,,True
d24cca04-d08,u_01473,try_grammarly,"{""product_feature"": ""academic_citation_helper""}",2026-02-01 05:21:42+00:00,2026-02-01,,academic_citation_helper,,True
31ad4967-f3f,u_01473,try_grammarly,"{""product_feature"": ""academic_citation_helper""}",2026-02-02 05:34:51+00:00,2026-02-02,,academic_citation_helper,,True
4ff7401e-40f,u_01473,try_grammarly,"{""product_feature"": ""academic_citation_helper""}",2026-02-03 14:42:53+00:00,2026-02-03,,academic_citation_helper,,True
ada4a89f-7e3,u_01474,did_click_lp,"{""lp_name"": ""lp_academic_writing""}",2026-02-17 20:21:26+00:00,2026-02-17,lp_academic_writing,,,True
398a0bd1-a2b,u_01475,did_click_lp,"{""lp_name"": ""lp_academic_writing""}",2026-02-21 16:38:10+00:00,2026-02-21,lp_academic_writing,,,True
8d81e751-db7,u_01476,did_click_lp,"{""lp_name"": ""lp_academic_writing""}",2026-02-13 16:40:47+00:00,2026-02-13,lp_academic_writing,,,True
d4e3da62-867,u_01476,did_install_grammarly,{},2026-02-13 16:50:47+00:00,2026-02-13,,,,True
6130ceab-0c9,u_01477,did_click_lp,"{""lp_name"": ""lp_business_emails""}",2026-02-19 15:29:06+00:00,2026-02-19,lp_business_emails,,,True
6ba12d98-80f,u_01478,did_click_lp,"{""lp_name"": ""lp_business_emails""}",2026-02-03 09:50:49+00:00,2026-02-03,lp_business_emails,,,True
66c03fc6-f60,u_01478,did_install_grammarly,{},2026-02-03 09:56:49+00:00,2026-02-03,,,,True
c7cb7778-abe,u_01478,try_grammarly,"{""product_feature"": ""smart_email_reply""}",2026-02-03 10:09:49+00:00,2026-02-03,,smart_email_reply,,True
2eabe8a8-257,u_01479,did_click_lp,"{""lp_name"": ""lp_business_emails""}",2026-02-01 15:11:02+00:00,2026-02-01,lp_business_emails,,,True
4632314f-7e0,u_01479,did_install_grammarly,{},2026-02-01 15:25:02+00:00,2026-02-01,,,,True
068a6659-416,u_01479,try_grammarly,"{""product_feature"": ""smart_email_reply""}",2026-02-01 16:11:02+00:00,2026-02-01,,smart_email_reply,,True
f87c76c9-323,u_01480,did_click_lp,"{""lp_name"": ""lp_academic_writing""}",2026-02-01 22:59:31+00:00,2026-02-01,lp_academic_writing,,,True
9e031453-468,u_01481,did_click_lp,"{""lp_name"": ""lp_academic_writing""}",2026-02-20 15:02:11+00:00,2026-02-20,lp_academic_writing,,,True
1cfb53a0-53a,u_01481,did_install_grammarly,{},2026-02-20 15:05:11+00:00,2026-02-20,,,,True
df0d8e1a-385,u_01482,did_click_lp,"{""lp_name"": ""lp_business_emails""}",2026-02-02 11:45:50+00:00,2026-02-02,lp_business_emails,,,True
1cb66650-b7a,u_01483,did_click_lp,"{""lp_name"": ""lp_business_emails""}",2026-02-22 00:09:21+00:00,2026-02-22,lp_business_emails,,,True
624afbb5-28a,u_01484,did_click_lp,"{""lp_name"": ""lp_business_emails""}",2026-02-17 07:26:00+00:00,2026-02-17,lp_business_emails,,,True
60458b28-26c,u_01485,did_click_lp,"{""lp_name"": ""lp_academic_writing""}",2026-02-01 11:12:18+00:00,2026-02-01,lp_academic_writing,,,True
5d871b8d-e21,u_01486,did_click_lp,"{""lp_name"": ""lp_academic_writing""}",2026-02-07 04:38:35+00:00,2026-02-07,lp_academic_writing,,,True
8039288b-a40,u_01486,did_install_grammarly,{},2026-02-07 04:44:35+00:00,2026-02-07,,,,True
3db18ed0-301,u_01486,try_grammarly,"{""product_feature"": ""academic_citation_helper""}",2026-02-07 05:35:35+00:00,2026-02-07,,academic_citation_helper,,True
898f23e5-d40,u_01486,try_grammarly,"{""product_feature"": ""academic_citation_helper""}",2026-02-08 02:35:16+00:00,2026-02-08,,academic_citation_helper,,True
1a3bc6d0-952,u_01486,try_grammarly,"{""product_feature"": ""academic_citation_helper""}",2026-02-09 20:57:10+00:00,2026-02-09,,academic_citation_helper,,True
1d20a48e-1d5,u_01487,did_click_lp,"{""lp_name"": ""lp_business_emails""}",2026-02-10 17:09:24+00:00,2026-02-10,lp_business_emails,,,True
d725eb82-2da,u_01488,did_click_lp,"{""lp_name"": ""lp_academic_writing""}",2026-02-24 12:18:38+00:00,2026-02-24,lp_academic_writing,,,True
4b575110-1f2,u_01488,did_install_grammarly,{},2026-02-24 12:21:38+00:00,2026-02-24,,,,True
918d23a6-cdf,u_01489,did_click_lp,"{""lp_name"": ""lp_business_emails""}",2026-02-19 06:26:11+00:00,2026-02-19,lp_business_emails,,,True
08c7c927-d80,u_01490,did_click_lp,"{""lp_name"": ""lp_business_emails""}",2026-02-14 00:25:36+00:00,2026-02-14,lp_business_emails,,,True
ca75217d-c18,u_01491,did_click_lp,"{""lp_name"": ""lp_academic_writing""}",2026-02-10 21:58:54+00:00,2026-02-10,lp_academic_writing,,,True
700da31c-63c,u_01491,did_install_grammarly,{},2026-02-10 21:59:54+00:00,2026-02-10,,,,True
a96bf17b-3f5,u_01491,try_grammarly,"{""product_feature"": ""academic_citation_helper""}",2026-02-10 22:25:54+00:00,2026-02-10,,academic_citation_helper,,True
9356951e-c49,u_01491,try_grammarly,"{""product_feature"": ""academic_citation_helper""}",2026-02-11 15:22:48+00:00,2026-02-11,,academic_citation_helper,,True
cdbaec5a-be9,u_01491,try_grammarly,"{""product_feature"": ""academic_citation_helper""}",2026-02-12 02:33:46+00:00,2026-02-12,,academic_citation_helper,,True
87e3c8a8-661,u_01491,try_grammarly,"{""product_feature"": ""academic_citation_helper""}",2026-02-15 06:44:54+00:00,2026-02-15,,academic_citation_helper,,True
65c413bd-4d7,u_01492,did_click_lp,"{""lp_name"": ""lp_business_emails""}",2026-02-20 17:18:50+00:00,2026-02-20,lp_business_emails,,,True
ae88cb47-d15,u_01493,did_click_lp,"{""lp_name"": ""lp_academic_writing""}",2026-02-19 16:23:08+00:00,2026-02-19,lp_academic_writing,,,True
16884e5f-027,u_01494,did_click_lp,"{""lp_name"": ""lp_business_emails""}",2026-02-18 14:22:01+00:00,2026-02-18,lp_business_emails,,,True
57c24510-1f7,u_01495,did_click_lp,"{""lp_name"": ""lp_business_emails""}",2026-02-20 06:04:35+00:00,2026-02-20,lp_business_emails,,,True
e077e55e-02e,u_01496,did_click_lp,"{""lp_name"": ""lp_academic_writing""}",2026-02-17 11:49:37+00:00,2026-02-17,lp_academic_writing,,,True
7fd0865a-743,u_01497,did_click_lp,"{""lp_name"": ""lp_academic_writing""}",2026-02-17 10:41:45+00:00,2026-02-17,lp_academic_writing,,,True
fb5c52ac-32f,u_01497,did_install_grammarly,{},2026-02-17 10:46:45+00:00,2026-02-17,,,,True
6eab5360-c9a,u_01498,did_click_lp,"{""lp_name"": ""lp_academic_writing""}",2026-02-02 02:07:32+00:00,2026-02-02,lp_academic_writing,,,True
b17c7db8-2cb,u_01498,did_install_grammarly,{},2026-02-02 02:16:32+00:00,2026-02-02,,,,True
f2bcd175-74f,u_01498,try_grammarly,"{""product_feature"": ""academic_citation_helper""}",2026-02-02 03:03:32+00:00,2026-02-02,,academic_citation_helper,,True
22800ca1-5c4,u_01498,try_grammarly,"{""product_feature"": ""academic_citation_helper""}",2026-02-03 09:02:33+00:00,2026-02-03,,academic_citation_helper,,True
44086bc0-f55,u_01499,did_click_lp,"{""lp_name"": ""lp_academic_writing""}",2026-02-20 06:58:53+00:00,2026-02-20,lp_academic_writing,,,True
17b843a0-a9a,u_01500,did_click_lp,"{""lp_name"": ""lp_business_emails""}",2026-02-22 12:58:09+00:00,2026-02-22,lp_business_emails,,,True
d1fc01e6-a1f,u_01500,did_install_grammarly,{},2026-02-22 13:13:09+00:00,2026-02-22,,,,True
26d0fd59-3ab,u_01501,did_click_lp,"{""lp_name"": ""lp_academic_writing""}",2026-02-27 03:23:32+00:00,2026-02-27,lp_academic_writing,,,True
fd4e5fca-4b6,u_01502,did_click_lp,"{""lp_name"": ""lp_academic_writing""}",2026-02-26 01:36:22+00:00,2026-02-26,lp_academic_writing,,,True
6ee9b491-019,u_01503,did_click_lp,"{""lp_name"": ""lp_academic_writing""}",2026-02-01 14:18:08+00:00,2026-02-01,lp_academic_writing,,,True
bb54ceab-d83,u_01504,did_click_lp,"{""lp_name"": ""lp_academic_writing""}",2026-02-23 20:11:32+00:00,2026-02-23,lp_academic_writing,,,True
7b157475-5f7,u_01505,did_click_lp,"{""lp_name"": ""lp_academic_writing""}",2026-02-11 06:18:30+00:00,2026-02-11,lp_academic_writing,,,True
c7d29961-221,u_01505,did_install_grammarly,{},2026-02-11 06:28:30+00:00,2026-02-11,,,,True
95669b7d-12c,u_01505,try_grammarly,"{""product_feature"": ""academic_citation_helper""}",2026-02-11 06:44:30+00:00,2026-02-11,,academic_citation_helper,,True
05d4b607-d69,u_01505,try_grammarly,"{""product_feature"": ""academic_citation_helper""}",2026-02-12 15:23:21+00:00,2026-02-12,,academic_citation_helper,,True
462d9378-add,u_01505,try_grammarly,"{""product_feature"": ""academic_citation_helper""}",2026-02-13 03:42:00+00:00,2026-02-13,,academic_citation_helper,,True
a1b850ed-fb1,u_01506,did_click_lp,"{""lp_name"": ""lp_academic_writing""}",2026-02-22 09:10:45+00:00,2026-02-22,lp_academic_writing,,,True
42e259a7-116,u_01507,did_click_lp,"{""lp_name"": ""lp_academic_writing""}",2026-02-01 22:44:22+00:00,2026-02-01,lp_academic_writing,,,True
1a9aacb9-83a,u_01508,did_click_lp,"{""lp_name"": ""lp_academic_writing""}",2026-02-11 17:39:44+00:00,2026-02-11,lp_academic_writing,,,True
86b9c4b7-d14,u_01509,did_click_lp,"{""lp_name"": ""lp_academic_writing""}",2026-02-23 16:54:34+00:00,2026-02-23,lp_academic_writing,,,True
ed3020db-962,u_01510,did_click_lp,"{""lp_name"": ""lp_academic_writing""}",2026-02-03 15:03:13+00:00,2026-02-03,lp_academic_writing,,,True
d1641322-fcc,u_01510,did_install_grammarly,{},2026-02-03 15:07:13+00:00,2026-02-03,,,,True
cf1798a4-1d2,u_01510,try_grammarly,"{""product_feature"": ""academic_citation_helper""}",2026-02-03 15:36:13+00:00,2026-02-03,,academic_citation_helper,,True
9dcde84f-340,u_01510,try_grammarly,"{""product_feature"": ""academic_citation_helper""}",2026-02-04 03:21:13+00:00,2026-02-04,,academic_citation_helper,,True
b52bfbea-30c,u_01511,did_click_lp,"{""lp_name"": ""lp_business_emails""}",2026-02-08 10:02:54+00:00,2026-02-08,lp_business_emails,,,True
a9b6718c-783,u_01511,did_install_grammarly,{},2026-02-08 10:10:54+00:00,2026-02-08,,,,True
4a2bc554-d8a,u_01512,did_click_lp,"{""lp_name"": ""lp_business_emails""}",2026-02-24 18:35:18+00:00,2026-02-24,lp_business_emails,,,True
53b23b18-e6b,u_01513,did_click_lp,"{""lp_name"": ""lp_business_emails""}",2026-02-06 22:28:07+00:00,2026-02-06,lp_business_emails,,,True
2427418a-7aa,u_01514,did_click_lp,"{""lp_name"": ""lp_business_emails""}",2026-02-05 06:54:01+00:00,2026-02-05,lp_business_emails,,,True
7da2730e-f49,u_01514,did_install_grammarly,{},2026-02-05 06:56:01+00:00,2026-02-05,,,,True
063ab5b3-338,u_01515,did_click_lp,"{""lp_name"": ""lp_academic_writing""}",2026-02-04 11:39:06+00:00,2026-02-04,lp_academic_writing,,,True
b3ad2650-eef,u_01515,did_install_grammarly,{},2026-02-04 11:40:06+00:00,2026-02-04,,,,True
f490994e-9bf,u_01516,did_click_lp,"{""lp_name"": ""lp_academic_writing""}",2026-02-23 18:11:46+00:00,2026-02-23,lp_academic_writing,,,True
6fbccbf3-078,u_01517,did_click_lp,"{""lp_name"": ""lp_business_emails""}",2026-02-23 03:24:35+00:00,2026-02-23,lp_business_emails,,,True
c109679b-b90,u_01518,did_click_lp,"{""lp_name"": ""lp_business_emails""}",2026-02-08 04:45:02+00:00,2026-02-08,lp_business_emails,,,True
cc2ed0be-78a,u_01518,did_install_grammarly,{},2026-02-08 04:49:02+00:00,2026-02-08,,,,True
b8da126c-de0,u_01519,did_click_lp,"{""lp_name"": ""lp_academic_writing""}",2026-02-04 15:42:34+00:00,2026-02-04,lp_academic_writing,,,True
8600f637-32e,u_01519,did_install_grammarly,{},2026-02-04 15:46:34+00:00,2026-02-04,,,,True
a9faa4a6-adf,u_01519,try_grammarly,"{""product_feature"": ""academic_citation_helper""}",2026-02-04 16:33:34+00:00,2026-02-04,,academic_citation_helper,,True
4560e7a6-161,u_01519,try_grammarly,"{""product_feature"": ""academic_citation_helper""}",2026-02-05 03:27:45+00:00,2026-02-05,,academic_citation_helper,,True
cd45cbd2-c15,u_01519,try_grammarly,"{""product_feature"": ""academic_citation_helper""}",2026-02-06 10:57:24+00:00,2026-02-06,,academic_citation_helper,,True
db240bbe-7a3,u_01520,did_click_lp,"{""lp_name"": ""lp_business_emails""}",2026-02-27 02:27:54+00:00,2026-02-27,lp_business_emails,,,True
deccad65-1a6,u_01521,did_click_lp,"{""lp_name"": ""lp_business_emails""}",2026-02-19 12:40:36+00:00,2026-02-19,lp_business_emails,,,True
7f1b463e-65c,u_01522,did_click_lp,"{""lp_name"": ""lp_business_emails""}",2026-02-08 17:37:08+00:00,2026-02-08,lp_business_emails,,,True
df600a9b-853,u_01522,did_install_grammarly,{},2026-02-08 17:52:08+00:00,2026-02-08,,,,True
06785327-e65,u_01523,did_click_lp,"{""lp_name"": ""lp_academic_writing""}",2026-02-15 17:18:24+00:00,2026-02-15,lp_academic_writing,,,True
77c00442-d1f,u_01524,did_click_lp,"{""lp_name"": ""lp_academic_writing""}",2026-02-22 00:44:42+00:00,2026-02-22,lp_academic_writing,,,True
d6d54661-541,u_01525,did_click_lp,"{""lp_name"": ""lp_business_emails""}",2026-02-21 20:28:27+00:00,2026-02-21,lp_business_emails,,,True
28b70d2e-d17,u_01526,did_click_lp,"{""lp_name"": ""lp_academic_writing""}",2026-02-19 02:43:08+00:00,2026-02-19,lp_academic_writing,,,True
0664a8d3-d36,u_01526,did_install_grammarly,{},2026-02-19 02:47:08+00:00,2026-02-19,,,,True
2f77dedb-882,u_01526,try_grammarly,"{""product_feature"": ""academic_citation_helper""}",2026-02-19 03:03:08+00:00,2026-02-19,,academic_citation_helper,,True
c38d3f78-7e1,u_01526,try_grammarly,"{""product_feature"": ""academic_citation_helper""}",2026-02-20 04:32:24+00:00,2026-02-20,,academic_citation_helper,,True
54b327cc-e6a,u_01526,try_grammarly,"{""product_feature"": ""academic_citation_helper""}",2026-02-21 04:36:24+00:00,2026-02-21,,academic_citation_helper,,True
3e809d8d-144,u_01527,did_click_lp,"{""lp_name"": ""lp_academic_writing""}",2026-02-23 18:06:37+00:00,2026-02-23,lp_academic_writing,,,True
59c764f0-1d1,u_01527,did_install_grammarly,{},2026-02-23 18:08:37+00:00,2026-02-23,,,,True
e261945f-14b,u_01528,did_click_lp,"{""lp_name"": ""lp_business_emails""}",2026-02-19 23:33:07+00:00,2026-02-19,lp_business_emails,,,True
e37ba5e3-9d8,u_01528,did_install_grammarly,{},2026-02-19 23:37:07+00:00,2026-02-19,,,,True
b1d47553-482,u_01528,try_grammarly,"{""product_feature"": ""smart_email_reply""}",2026-02-20 00:11:07+00:00,2026-02-20,,smart_email_reply,,True
b58c9058-059,u_01529,did_click_lp,"{""lp_name"": ""lp_business_emails""}",2026-02-13 08:56:10+00:00,2026-02-13,lp_business_emails,,,True
3684d539-f83,u_01529,did_install_grammarly,{},2026-02-13 08:57:10+00:00,2026-02-13,,,,True
afb4d37a-0ac,u_01529,try_grammarly,"{""product_feature"": ""smart_email_reply""}",2026-02-13 09:19:10+00:00,2026-02-13,,smart_email_reply,,True
184aba59-92d,u_01529,try_grammarly,"{""product_feature"": ""smart_email_reply""}",2026-02-15 13:45:56+00:00,2026-02-15,,smart_email_reply,,True
2ee2ab59-165,u_01530,did_click_lp,"{""lp_name"": ""lp_business_emails""}",2026-02-14 18:33:32+00:00,2026-02-14,lp_business_emails,,,True
ce6dea23-5df,u_01531,did_click_lp,"{""lp_name"": ""lp_business_emails""}",2026-02-08 03:42:09+00:00,2026-02-08,lp_business_emails,,,True
6a78b08e-e16,u_01532,did_click_lp,"{""lp_name"": ""lp_business_emails""}",2026-02-18 05:24:00+00:00,2026-02-18,lp_business_emails,,,True
2f4596d0-de1,u_01532,did_install_grammarly,{},2026-02-18 05:26:00+00:00,2026-02-18,,,,True
893e9d77-264,u_01533,did_click_lp,"{""lp_name"": ""lp_academic_writing""}",2026-02-09 04:54:32+00:00,2026-02-09,lp_academic_writing,,,True
d6daa0ff-372,u_01534,did_click_lp,"{""lp_name"": ""lp_business_emails""}",2026-02-20 00:02:59+00:00,2026-02-20,lp_business_emails,,,True
59347546-ad4,u_01535,did_click_lp,"{""lp_name"": ""lp_academic_writing""}",2026-02-08 05:04:23+00:00,2026-02-08,lp_academic_writing,,,True
a91421a8-ad7,u_01536,did_click_lp,"{""lp_name"": ""lp_business_emails""}",2026-02-27 07:31:36+00:00,2026-02-27,lp_business_emails,,,True
88791efc-76a,u_01537,did_click_lp,"{""lp_name"": ""lp_business_emails""}",2026-02-03 19:36:46+00:00,2026-02-03,lp_business_emails,,,True
6e628987-267,u_01538,did_click_lp,"{""lp_name"": ""lp_business_emails""}",2026-02-05 03:17:46+00:00,2026-02-05,lp_business_emails,,,True
92ee9da5-f68,u_01538,did_install_grammarly,{},2026-02-05 03:22:46+00:00,2026-02-05,,,,True
11b3ebcb-b3e,u_01539,did_click_lp,"{""lp_name"": ""lp_academic_writing""}",2026-02-14 08:33:04+00:00,2026-02-14,lp_academic_writing,,,True
0603aa93-b86,u_01539,did_install_grammarly,{},2026-02-14 08:43:04+00:00,2026-02-14,,,,True
7f896242-063,u_01540,did_click_lp,"{""lp_name"": ""lp_business_emails""}",2026-02-02 22:23:37+00:00,2026-02-02,lp_business_emails,,,True
c6d05e9d-9fa,u_01540,did_click_lp,"{""lp_name"": ""lp_academic_writing""}",2026-02-14 20:27:05+00:00,2026-02-14,lp_academic_writing,,,True
e84d12fc-be3,u_01540,did_install_grammarly,{},2026-02-14 20:33:05+00:00,2026-02-14,,,,True
9f516aa6-f4e,u_01541,did_click_lp,"{""lp_name"": ""lp_academic_writing""}",2026-02-26 16:18:12+00:00,2026-02-26,lp_academic_writing,,,True
1f57f144-0b9,u_01541,did_install_grammarly,{},2026-02-26 16:28:12+00:00,2026-02-26,,,,True
56df30d4-b2a,u_01541,try_grammarly,"{""product_feature"": ""academic_citation_helper""}",2026-02-26 17:17:12+00:00,2026-02-26,,academic_citation_helper,,True
4ef7890f-e24,u_01541,try_grammarly,"{""product_feature"": ""academic_citation_helper""}",2026-02-27 05:43:02+00:00,2026-02-27,,academic_citation_helper,,True
50feda02-750,u_01541,try_grammarly,"{""product_feature"": ""academic_citation_helper""}",2026-02-28 20:00:10+00:00,2026-02-28,,academic_citation_helper,,True
e19bdfb4-c4f,u_01541,try_grammarly,"{""product_feature"": ""academic_citation_helper""}",2026-03-02 12:22:42+00:00,2026-03-02,,academic_citation_helper,,True
cda7400e-3a4,u_01542,did_click_lp,"{""lp_name"": ""lp_academic_writing""}",2026-02-04 01:10:29+00:00,2026-02-04,lp_academic_writing,,,True
7c606652-8cd,u_01542,did_install_grammarly,{},2026-02-04 01:15:29+00:00,2026-02-04,,,,True
7bdef546-59c,u_01542,try_grammarly,"{""product_feature"": ""academic_citation_helper""}",2026-02-04 02:08:29+00:00,2026-02-04,,academic_citation_helper,,True
a781cdb4-33d,u_01543,did_click_lp,"{""lp_name"": ""lp_academic_writing""}",2026-02-02 07:44:41+00:00,2026-02-02,lp_academic_writing,,,True
777583fb-2c9,u_01543,did_install_grammarly,{},2026-02-02 07:47:41+00:00,2026-02-02,,,,True
9a669b5d-153,u_01544,did_click_lp,"{""lp_name"": ""lp_academic_writing""}",2026-02-01 11:56:16+00:00,2026-02-01,lp_academic_writing,,,True
09d98ca5-b2e,u_01544,did_install_grammarly,{},2026-02-01 11:59:16+00:00,2026-02-01,,,,True
085e1ac6-f52,u_01544,try_grammarly,"{""product_feature"": ""academic_citation_helper""}",2026-02-01 12:36:16+00:00,2026-02-01,,academic_citation_helper,,True
2765b1c2-0f8,u_01544,try_grammarly,"{""product_feature"": ""academic_citation_helper""}",2026-02-02 02:21:27+00:00,2026-02-02,,academic_citation_helper,,True
c8ec93ff-f00,u_01544,try_grammarly,"{""product_feature"": ""academic_citation_helper""}",2026-02-03 07:07:35+00:00,2026-02-03,,academic_citation_helper,,True
9c863859-268,u_01544,try_grammarly,"{""product_feature"": ""academic_citation_helper""}",2026-02-05 10:50:22+00:00,2026-02-05,,academic_citation_helper,,True
f696ea8c-9e4,u_01545,did_click_lp,"{""lp_name"": ""lp_business_emails""}",2026-02-11 01:07:43+00:00,2026-02-11,lp_business_emails,,,True
34e1ba22-ddf,u_01545,did_install_grammarly,{},2026-02-11 01:16:43+00:00,2026-02-11,,,,True
697e38ec-488,u_01546,did_click_lp,"{""lp_name"": ""lp_business_emails""}",2026-02-16 02:46:44+00:00,2026-02-16,lp_business_emails,,,True
0bd193e8-ee4,u_01546,did_install_grammarly,{},2026-02-16 02:48:44+00:00,2026-02-16,,,,True
34348bcb-b85,u_01546,try_grammarly,"{""product_feature"": ""smart_email_reply""}",2026-02-16 03:15:44+00:00,2026-02-16,,smart_email_reply,,True
2b7d0d47-a3e,u_01546,try_grammarly,"{""product_feature"": ""smart_email_reply""}",2026-02-18 13:53:29+00:00,2026-02-18,,smart_email_reply,,True
67d7db68-46b,u_01547,did_click_lp,"{""lp_name"": ""lp_business_emails""}",2026-02-19 14:05:07+00:00,2026-02-19,lp_business_emails,,,True
e67e70c7-436,u_01548,did_click_lp,"{""lp_name"": ""lp_academic_writing""}",2026-02-12 14:29:41+00:00,2026-02-12,lp_academic_writing,,,True
5e5d83dc-a14,u_01549,did_click_lp,"{""lp_name"": ""lp_academic_writing""}",2026-02-11 02:28:11+00:00,2026-02-11,lp_academic_writing,,,True
f3b0d62c-f9f,u_01549,did_install_grammarly,{},2026-02-11 02:33:11+00:00,2026-02-11,,,,True
8e6b652c-3bc,u_01549,try_grammarly,"{""product_feature"": ""academic_citation_helper""}",2026-02-11 03:09:11+00:00,2026-02-11,,academic_citation_helper,,True
3e17d83e-8e7,u_01549,try_grammarly,"{""product_feature"": ""academic_citation_helper""}",2026-02-12 20:11:09+00:00,2026-02-12,,academic_citation_helper,,True
888a3998-81d,u_01550,did_click_lp,"{""lp_name"": ""lp_business_emails""}",2026-02-01 13:15:22+00:00,2026-02-01,lp_business_emails,,,True
5d2d4965-c0b,u_01550,did_click_lp,"{""lp_name"": ""lp_academic_writing""}",2026-02-19 07:30:19+00:00,2026-02-19,lp_academic_writing,,,True
47aa4cfd-31a,u_01550,did_install_grammarly,{},2026-02-19 07:31:19+00:00,2026-02-19,,,,True
174da2c9-c60,u_01550,try_grammarly,"{""product_feature"": ""academic_citation_helper""}",2026-02-19 08:09:19+00:00,2026-02-19,,academic_citation_helper,,True
5f48cc84-dbd,u_01551,did_click_lp,"{""lp_name"": ""lp_business_emails""}",2026-02-17 06:07:50+00:00,2026-02-17,lp_business_emails,,,True
56205516-b56,u_01551,did_install_grammarly,{},2026-02-17 06:11:50+00:00,2026-02-17,,,,True
db1fd500-fb7,u_01552,did_click_lp,"{""lp_name"": ""lp_academic_writing""}",2026-02-05 16:19:06+00:00,2026-02-05,lp_academic_writing,,,True
096f3c00-d09,u_01552,did_install_grammarly,{},2026-02-05 16:23:06+00:00,2026-02-05,,,,True
daad850b-dc4,u_01552,try_grammarly,"{""product_feature"": ""academic_citation_helper""}",2026-02-05 17:02:06+00:00,2026-02-05,,academic_citation_helper,,True
b9e51acc-9d0,u_01552,try_grammarly,"{""product_feature"": ""academic_citation_helper""}",2026-02-06 07:52:18+00:00,2026-02-06,,academic_citation_helper,,True
d2a9c54a-fa3,u_01553,did_click_lp,"{""lp_name"": ""lp_business_emails""}",2026-02-17 18:50:49+00:00,2026-02-17,lp_business_emails,,,True
4dd38948-a83,u_01553,did_install_grammarly,{},2026-02-17 18:59:49+00:00,2026-02-17,,,,True
c92d9dfa-571,u_01553,try_grammarly,"{""product_feature"": ""smart_email_reply""}",2026-02-17 19:46:49+00:00,2026-02-17,,smart_email_reply,,True
a90fde64-b5a,u_01554,did_click_lp,"{""lp_name"": ""lp_academic_writing""}",2026-02-25 12:20:31+00:00,2026-02-25,lp_academic_writing,,,True
123c170e-3ea,u_01555,did_click_lp,"{""lp_name"": ""lp_business_emails""}",2026-02-04 02:24:25+00:00,2026-02-04,lp_business_emails,,,True
e5994d6c-3a8,u_01556,did_click_lp,"{""lp_name"": ""lp_academic_writing""}",2026-02-03 01:58:14+00:00,2026-02-03,lp_academic_writing,,,True
7ae3e0a3-2f2,u_01557,did_click_lp,"{""lp_name"": ""lp_business_emails""}",2026-02-06 14:12:08+00:00,2026-02-06,lp_business_emails,,,True
4d5877aa-61d,u_01558,did_click_lp,"{""lp_name"": ""lp_academic_writing""}",2026-02-12 23:49:37+00:00,2026-02-12,lp_academic_writing,,,True
d6417116-a2c,u_01559,did_click_lp,"{""lp_name"": ""lp_business_emails""}",2026-02-24 05:33:36+00:00,2026-02-24,lp_business_emails,,,True
1aa34875-3dc,u_01560,did_click_lp,"{""lp_name"": ""lp_academic_writing""}",2026-02-11 12:37:26+00:00,2026-02-11,lp_academic_writing,,,True
e7b75c56-d61,u_01561,did_click_lp,"{""lp_name"": ""lp_academic_writing""}",2026-02-04 10:09:01+00:00,2026-02-04,lp_academic_writing,,,True
f69d538c-849,u_01561,did_install_grammarly,{},2026-02-04 10:17:01+00:00,2026-02-04,,,,True
20ae0d9c-b1d,u_01561,try_grammarly,"{""product_feature"": ""academic_citation_helper""}",2026-02-04 10:39:01+00:00,2026-02-04,,academic_citation_helper,,True
2ece7b6f-9ac,u_01561,try_grammarly,"{""product_feature"": ""academic_citation_helper""}",2026-02-05 00:21:02+00:00,2026-02-05,,academic_citation_helper,,True
9eb9edb3-19f,u_01562,did_click_lp,"{""lp_name"": ""lp_business_emails""}",2026-02-20 09:50:42+00:00,2026-02-20,lp_business_emails,,,True
1401c912-307,u_01563,did_click_lp,"{""lp_name"": ""lp_business_emails""}",2026-02-07 05:54:20+00:00,2026-02-07,lp_business_emails,,,True
b69a2c2e-efc,u_01564,did_click_lp,"{""lp_name"": ""lp_business_emails""}",2026-02-13 07:43:11+00:00,2026-02-13,lp_business_emails,,,True
cae4ce10-cb3,u_01564,did_install_grammarly,{},2026-02-13 07:58:11+00:00,2026-02-13,,,,True
7fae1a5d-940,u_01564,try_grammarly,"{""product_feature"": ""smart_email_reply""}",2026-02-13 08:57:11+00:00,2026-02-13,,smart_email_reply,,True
c3f7cb09-cca,u_01565,did_click_lp,"{""lp_name"": ""lp_academic_writing""}",2026-02-14 23:07:06+00:00,2026-02-14,lp_academic_writing,,,True
c712d81e-690,u_01566,did_click_lp,"{""lp_name"": ""lp_business_emails""}",2026-02-12 09:53:33+00:00,2026-02-12,lp_business_emails,,,True
6fe5ccb4-4d3,u_01566,did_install_grammarly,{},2026-02-12 09:55:33+00:00,2026-02-12,,,,True
382c596c-699,u_01567,did_click_lp,"{""lp_name"": ""lp_business_emails""}",2026-02-14 13:03:20+00:00,2026-02-14,lp_business_emails,,,True
9998ca1d-6f5,u_01568,did_click_lp,"{""lp_name"": ""lp_business_emails""}",2026-02-23 04:34:39+00:00,2026-02-23,lp_business_emails,,,True
8c2333e1-f5a,u_01569,did_click_lp,"{""lp_name"": ""lp_business_emails""}",2026-02-04 17:03:38+00:00,2026-02-04,lp_business_emails,,,True
aaee979d-4ea,u_01570,did_click_lp,"{""lp_name"": ""lp_academic_writing""}",2026-02-10 21:22:58+00:00,2026-02-10,lp_academic_writing,,,True
5f7a8d68-a62,u_01571,did_click_lp,"{""lp_name"": ""lp_academic_writing""}",2026-02-07 02:57:06+00:00,2026-02-07,lp_academic_writing,,,True
a200ddd8-478,u_01571,did_install_grammarly,{},2026-02-07 02:59:06+00:00,2026-02-07,,,,True
52004725-faa,u_01572,did_click_lp,"{""lp_name"": ""lp_business_emails""}",2026-02-09 17:42:10+00:00,2026-02-09,lp_business_emails,,,True
2e41b703-2ff,u_01573,did_click_lp,"{""lp_name"": ""lp_business_emails""}",2026-02-06 23:13:19+00:00,2026-02-06,lp_business_emails,,,True
f6dd21ab-418,u_01574,did_click_lp,"{""lp_name"": ""lp_academic_writing""}",2026-02-02 03:22:30+00:00,2026-02-02,lp_academic_writing,,,True
909f8d21-3ea,u_01574,did_install_grammarly,{},2026-02-02 03:23:30+00:00,2026-02-02,,,,True
26e20220-463,u_01574,try_grammarly,"{""product_feature"": ""academic_citation_helper""}",2026-02-02 04:00:30+00:00,2026-02-02,,academic_citation_helper,,True
8d7467d3-f0d,u_01574,try_grammarly,"{""product_feature"": ""academic_citation_helper""}",2026-02-03 18:27:09+00:00,2026-02-03,,academic_citation_helper,,True
198d9013-520,u_01575,did_click_lp,"{""lp_name"": ""lp_business_emails""}",2026-02-07 15:07:28+00:00,2026-02-07,lp_business_emails,,,True
d3e8ef57-d83,u_01575,did_install_grammarly,{},2026-02-07 15:11:28+00:00,2026-02-07,,,,True
95b0f625-11a,u_01575,try_grammarly,"{""product_feature"": ""smart_email_reply""}",2026-02-07 15:51:28+00:00,2026-02-07,,smart_email_reply,,True
39c97105-1bd,u_01576,did_click_lp,"{""lp_name"": ""lp_business_emails""}",2026-02-21 21:16:18+00:00,2026-02-21,lp_business_emails,,,True
90197ab8-a67,u_01577,did_click_lp,"{""lp_name"": ""lp_business_emails""}",2026-02-24 11:28:16+00:00,2026-02-24,lp_business_emails,,,True
a7fda7bd-651,u_01578,did_click_lp,"{""lp_name"": ""lp_business_emails""}",2026-02-22 05:01:59+00:00,2026-02-22,lp_business_emails,,,True
da13cf91-f49,u_01579,did_click_lp,"{""lp_name"": ""lp_academic_writing""}",2026-02-20 01:53:47+00:00,2026-02-20,lp_academic_writing,,,True
c2e26293-f0b,u_01580,did_click_lp,"{""lp_name"": ""lp_academic_writing""}",2026-02-27 14:06:05+00:00,2026-02-27,lp_academic_writing,,,True
a2d806c0-f1a,u_01580,did_install_grammarly,{},2026-02-27 14:08:05+00:00,2026-02-27,,,,True
44ed56d8-700,u_01581,did_click_lp,"{""lp_name"": ""lp_academic_writing""}",2026-02-01 16:06:01+00:00,2026-02-01,lp_academic_writing,,,True
303bdf3b-534,u_01581,did_install_grammarly,{},2026-02-01 16:07:01+00:00,2026-02-01,,,,True
34fde1b1-84e,u_01582,did_click_lp,"{""lp_name"": ""lp_business_emails""}",2026-02-20 05:58:31+00:00,2026-02-20,lp_business_emails,,,True
bf29f747-18a,u_01583,did_click_lp,"{""lp_name"": ""lp_academic_writing""}",2026-02-01 17:55:35+00:00,2026-02-01,lp_academic_writing,,,True
e2f768e8-c5e,u_01583,did_install_grammarly,{},2026-02-01 17:56:35+00:00,2026-02-01,,,,True
2b2f43b3-452,u_01583,try_grammarly,"{""product_feature"": ""academic_citation_helper""}",2026-02-01 18:39:35+00:00,2026-02-01,,academic_citation_helper,,True
4f6825fe-8ce,u_01583,try_grammarly,"{""product_feature"": ""academic_citation_helper""}",2026-02-02 17:05:19+00:00,2026-02-02,,academic_citation_helper,,True
b07f041a-d25,u_01583,try_grammarly,"{""product_feature"": ""academic_citation_helper""}",2026-02-03 23:57:46+00:00,2026-02-03,,academic_citation_helper,,True
d68ecce3-2fe,u_01583,try_grammarly,"{""product_feature"": ""academic_citation_helper""}",2026-02-05 20:54:32+00:00,2026-02-05,,academic_citation_helper,,True
65dd826e-9f9,u_01584,did_click_lp,"{""lp_name"": ""lp_academic_writing""}",2026-02-19 14:57:21+00:00,2026-02-19,lp_academic_writing,,,True
e9bf84f7-510,u_01585,did_click_lp,"{""lp_name"": ""lp_academic_writing""}",2026-02-24 05:35:23+00:00,2026-02-24,lp_academic_writing,,,True
2bbf7189-6d3,u_01586,did_click_lp,"{""lp_name"": ""lp_business_emails""}",2026-02-27 03:07:35+00:00,2026-02-27,lp_business_emails,,,True
f147a275-d8d,u_01587,did_click_lp,"{""lp_name"": ""lp_academic_writing""}",2026-02-09 17:21:51+00:00,2026-02-09,lp_academic_writing,,,True
ff6ff5d5-420,u_01588,did_click_lp,"{""lp_name"": ""lp_academic_writing""}",2026-02-11 18:08:43+00:00,2026-02-11,lp_academic_writing,,,True
f960d3f9-ff1,u_01589,did_click_lp,"{""lp_name"": ""lp_academic_writing""}",2026-02-18 20:07:41+00:00,2026-02-18,lp_academic_writing,,,True
d4b56073-c0a,u_01590,did_click_lp,"{""lp_name"": ""lp_academic_writing""}",2026-02-04 16:49:42+00:00,2026-02-04,lp_academic_writing,,,True
e0b59471-51f,u_01591,did_click_lp,"{""lp_name"": ""lp_business_emails""}",2026-02-23 16:12:36+00:00,2026-02-23,lp_business_emails,,,True
5a1a8d1f-260,u_01592,did_click_lp,"{""lp_name"": ""lp_academic_writing""}",2026-02-04 12:42:38+00:00,2026-02-04,lp_academic_writing,,,True
13e796fa-3cd,u_01593,did_click_lp,"{""lp_name"": ""lp_business_emails""}",2026-02-10 16:39:50+00:00,2026-02-10,lp_business_emails,,,True
d676c551-16b,u_01593,did_install_grammarly,{},2026-02-10 16:46:50+00:00,2026-02-10,,,,True
0bfbc3ab-8a7,u_01593,try_grammarly,"{""product_feature"": ""smart_email_reply""}",2026-02-10 17:21:50+00:00,2026-02-10,,smart_email_reply,,True
c8819dca-07f,u_01594,did_click_lp,"{""lp_name"": ""lp_business_emails""}",2026-02-15 03:53:24+00:00,2026-02-15,lp_business_emails,,,True
a3da064d-561,u_01594,did_install_grammarly,{},2026-02-15 04:07:24+00:00,2026-02-15,,,,True
946fe302-bb0,u_01595,did_click_lp,"{""lp_name"": ""lp_academic_writing""}",2026-02-08 02:16:23+00:00,2026-02-08,lp_academic_writing,,,True
45fbdef7-8d7,u_01595,did_install_grammarly,{},2026-02-08 02:20:23+00:00,2026-02-08,,,,True
74947a46-e18,u_01595,try_grammarly,"{""product_feature"": ""academic_citation_helper""}",2026-02-08 03:15:23+00:00,2026-02-08,,academic_citation_helper,,True
37857819-369,u_01595,try_grammarly,"{""product_feature"": ""academic_citation_helper""}",2026-02-09 15:58:29+00:00,2026-02-09,,academic_citation_helper,,True
c8a72585-95c,u_01596,did_click_lp,"{""lp_name"": ""lp_business_emails""}",2026-02-09 02:29:55+00:00,2026-02-09,lp_business_emails,,,True
ab67fee1-080,u_01596,did_install_grammarly,{},2026-02-09 02:36:55+00:00,2026-02-09,,,,True
f19efdfd-8a5,u_01596,try_grammarly,"{""product_feature"": ""smart_email_reply""}",2026-02-09 03:19:55+00:00,2026-02-09,,smart_email_reply,,True
20e61463-1af,u_01597,did_click_lp,"{""lp_name"": ""lp_academic_writing""}",2026-02-24 12:49:16+00:00,2026-02-24,lp_academic_writing,,,True
78e40500-bc0,u_01598,did_click_lp,"{""lp_name"": ""lp_business_emails""}",2026-02-18 16:47:00+00:00,2026-02-18,lp_business_emails,,,True
e557510f-d8a,u_01598,did_install_grammarly,{},2026-02-18 16:59:00+00:00,2026-02-18,,,,True
81f4bb01-b78,u_01598,try_grammarly,"{""product_feature"": ""smart_email_reply""}",2026-02-18 17:56:00+00:00,2026-02-18,,smart_email_reply,,True
52d338e8-28e,u_01599,did_click_lp,"{""lp_name"": ""lp_academic_writing""}",2026-02-03 16:56:00+00:00,2026-02-03,lp_academic_writing,,,True
d8d20e4b-207,u_01600,did_click_lp,"{""lp_name"": ""lp_business_emails""}",2026-02-10 04:04:28+00:00,2026-02-10,lp_business_emails,,,True
9f3f5602-734,u_01600,did_install_grammarly,{},2026-02-10 04:13:28+00:00,2026-02-10,,,,True
5269817e-84e,u_01600,try_grammarly,"{""product_feature"": ""smart_email_reply""}",2026-02-10 04:40:28+00:00,2026-02-10,,smart_email_reply,,True
19adefa9-b67,u_01600,try_grammarly,"{""product_feature"": ""smart_email_reply""}",2026-02-12 18:48:15+00:00,2026-02-12,,smart_email_reply,,True
aaf3739d-13f,u_01601,did_click_lp,"{""lp_name"": ""lp_academic_writing""}",2026-02-02 11:00:39+00:00,2026-02-02,lp_academic_writing,,,True
644ac597-d9b,u_01602,did_click_lp,"{""lp_name"": ""lp_academic_writing""}",2026-02-08 13:35:17+00:00,2026-02-08,lp_academic_writing,,,True
7fb401bb-9a4,u_01603,did_click_lp,"{""lp_name"": ""lp_academic_writing""}",2026-02-15 09:23:26+00:00,2026-02-15,lp_academic_writing,,,True
6fcda64f-2eb,u_01603,did_install_grammarly,{},2026-02-15 09:28:26+00:00,2026-02-15,,,,True
7504a286-2ac,u_01603,try_grammarly,"{""product_feature"": ""academic_citation_helper""}",2026-02-15 10:06:26+00:00,2026-02-15,,academic_citation_helper,,True
c8691b82-d2f,u_01604,did_click_lp,"{""lp_name"": ""lp_academic_writing""}",2026-02-02 04:59:20+00:00,2026-02-02,lp_academic_writing,,,True
64d323e0-0f2,u_01605,did_click_lp,"{""lp_name"": ""lp_business_emails""}",2026-02-15 16:49:44+00:00,2026-02-15,lp_business_emails,,,True
b6955ae7-f83,u_01606,did_click_lp,"{""lp_name"": ""lp_academic_writing""}",2026-02-02 09:57:41+00:00,2026-02-02,lp_academic_writing,,,True
73a1da17-ff5,u_01606,did_install_grammarly,{},2026-02-02 10:06:41+00:00,2026-02-02,,,,True
b4bbba99-491,u_01606,try_grammarly,"{""product_feature"": ""academic_citation_helper""}",2026-02-02 10:17:41+00:00,2026-02-02,,academic_citation_helper,,True
c38f3fea-30c,u_01606,try_grammarly,"{""product_feature"": ""academic_citation_helper""}",2026-02-03 17:34:00+00:00,2026-02-03,,academic_citation_helper,,True
aac29e06-187,u_01607,did_click_lp,"{""lp_name"": ""lp_academic_writing""}",2026-02-26 07:18:02+00:00,2026-02-26,lp_academic_writing,,,True
fe5b1194-de5,u_01607,did_install_grammarly,{},2026-02-26 07:27:02+00:00,2026-02-26,,,,True
9c5a5dd7-8c8,u_01607,try_grammarly,"{""product_feature"": ""academic_citation_helper""}",2026-02-26 08:21:02+00:00,2026-02-26,,academic_citation_helper,,True
9a3d540b-3c2,u_01607,try_grammarly,"{""product_feature"": ""academic_citation_helper""}",2026-02-27 23:49:49+00:00,2026-02-27,,academic_citation_helper,,True
20e6837e-9bc,u_01607,try_grammarly,"{""product_feature"": ""academic_citation_helper""}",2026-02-28 16:07:36+00:00,2026-02-28,,academic_citation_helper,,True
0acb9705-a67,u_01607,try_grammarly,"{""product_feature"": ""academic_citation_helper""}",2026-03-03 11:34:52+00:00,2026-03-03,,academic_citation_helper,,True
27159db5-0a0,u_01608,did_click_lp,"{""lp_name"": ""lp_academic_writing""}",2026-02-05 06:19:30+00:00,2026-02-05,lp_academic_writing,,,True
6acf7c8d-958,u_01609,did_click_lp,"{""lp_name"": ""lp_academic_writing""}",2026-02-10 18:50:58+00:00,2026-02-10,lp_academic_writing,,,True
d0970206-6a1,u_01610,did_click_lp,"{""lp_name"": ""lp_academic_writing""}",2026-02-07 02:59:51+00:00,2026-02-07,lp_academic_writing,,,True
1a0a1a1f-ffe,u_01611,did_click_lp,"{""lp_name"": ""lp_business_emails""}",2026-02-27 14:30:21+00:00,2026-02-27,lp_business_emails,,,True
df4a7ad8-139,u_01612,did_click_lp,"{""lp_name"": ""lp_business_emails""}",2026-02-22 04:13:28+00:00,2026-02-22,lp_business_emails,,,True
1d3f34eb-689,u_01612,did_install_grammarly,{},2026-02-22 04:18:28+00:00,2026-02-22,,,,True
ecd16567-926,u_01613,did_click_lp,"{""lp_name"": ""lp_academic_writing""}",2026-02-25 03:59:06+00:00,2026-02-25,lp_academic_writing,,,True
fdce0f09-ccd,u_01614,did_click_lp,"{""lp_name"": ""lp_business_emails""}",2026-02-28 23:01:05+00:00,2026-02-28,lp_business_emails,,,True
eeec40ea-fb7,u_01614,did_install_grammarly,{},2026-02-28 23:14:05+00:00,2026-02-28,,,,True
f25c3075-046,u_01615,did_click_lp,"{""lp_name"": ""lp_business_emails""}",2026-02-24 04:58:26+00:00,2026-02-24,lp_business_emails,,,True
b8ce1264-667,u_01615,did_install_grammarly,{},2026-02-24 05:05:26+00:00,2026-02-24,,,,True
d1371976-084,u_01616,did_click_lp,"{""lp_name"": ""lp_business_emails""}",2026-02-16 17:29:42+00:00,2026-02-16,lp_business_emails,,,True
071558fe-e85,u_01616,did_install_grammarly,{},2026-02-16 17:43:42+00:00,2026-02-16,,,,True
68d025c9-1a2,u_01616,try_grammarly,"{""product_feature"": ""smart_email_reply""}",2026-02-16 18:19:42+00:00,2026-02-16,,smart_email_reply,,True
3365ad20-884,u_01617,did_click_lp,"{""lp_name"": ""lp_academic_writing""}",2026-02-13 23:53:56+00:00,2026-02-13,lp_academic_writing,,,True
c0b5f071-8b7,u_01618,did_click_lp,"{""lp_name"": ""lp_business_emails""}",2026-02-24 16:10:10+00:00,2026-02-24,lp_business_emails,,,True
50439bfc-806,u_01618,did_install_grammarly,{},2026-02-24 16:16:10+00:00,2026-02-24,,,,True
db1adc36-6bc,u_01619,did_click_lp,"{""lp_name"": ""lp_academic_writing""}",2026-02-26 02:53:54+00:00,2026-02-26,lp_academic_writing,,,True
70798700-587,u_01620,did_click_lp,"{""lp_name"": ""lp_business_emails""}",2026-02-05 21:44:14+00:00,2026-02-05,lp_business_emails,,,True
90ab5648-9f1,u_01620,did_install_grammarly,{},2026-02-05 21:46:14+00:00,2026-02-05,,,,True
fdfc9c53-2bb,u_01620,try_grammarly,"{""product_feature"": ""smart_email_reply""}",2026-02-05 22:46:14+00:00,2026-02-05,,smart_email_reply,,True
5b04f23e-5cb,u_01621,did_click_lp,"{""lp_name"": ""lp_business_emails""}",2026-02-14 01:32:39+00:00,2026-02-14,lp_business_emails,,,True
b4fd4821-bd8,u_01622,did_click_lp,"{""lp_name"": ""lp_business_emails""}",2026-02-16 09:12:51+00:00,2026-02-16,lp_business_emails,,,True
35a49c88-92d,u_01623,did_click_lp,"{""lp_name"": ""lp_academic_writing""}",2026-02-12 09:08:06+00:00,2026-02-12,lp_academic_writing,,,True
3bae4483-6c6,u_01623,did_install_grammarly,{},2026-02-12 09:18:06+00:00,2026-02-12,,,,True
1407893d-a7c,u_01623,try_grammarly,"{""product_feature"": ""academic_citation_helper""}",2026-02-12 09:27:06+00:00,2026-02-12,,academic_citation_helper,,True
a717ca48-eba,u_01624,did_click_lp,"{""lp_name"": ""lp_academic_writing""}",2026-02-12 09:25:26+00:00,2026-02-12,lp_academic_writing,,,True
b93d92f6-9bd,u_01625,did_click_lp,"{""lp_name"": ""lp_business_emails""}",2026-02-13 07:35:32+00:00,2026-02-13,lp_business_emails,,,True
94c45f5b-031,u_01626,did_click_lp,"{""lp_name"": ""lp_academic_writing""}",2026-02-11 19:11:43+00:00,2026-02-11,lp_academic_writing,,,True
6947ffe9-7fc,u_01627,did_click_lp,"{""lp_name"": ""lp_academic_writing""}",2026-02-28 07:43:12+00:00,2026-02-28,lp_academic_writing,,,True
ed6f567a-e74,u_01627,did_install_grammarly,{},2026-02-28 07:46:12+00:00,2026-02-28,,,,True
2fc88e72-c76,u_01627,try_grammarly,"{""product_feature"": ""academic_citation_helper""}",2026-02-28 08:02:12+00:00,2026-02-28,,academic_citation_helper,,True
d5883487-358,u_01627,try_grammarly,"{""product_feature"": ""academic_citation_helper""}",2026-03-01 09:08:12+00:00,2026-03-01,,academic_citation_helper,,True
e180a980-8c9,u_01628,did_click_lp,"{""lp_name"": ""lp_academic_writing""}",2026-02-06 22:34:18+00:00,2026-02-06,lp_academic_writing,,,True
20f03712-ab0,u_01628,did_install_grammarly,{},2026-02-06 22:37:18+00:00,2026-02-06,,,,True
b7bf7dca-a11,u_01629,did_click_lp,"{""lp_name"": ""lp_business_emails""}",2026-02-27 06:28:10+00:00,2026-02-27,lp_business_emails,,,True
b43244f6-c93,u_01629,did_install_grammarly,{},2026-02-27 06:43:10+00:00,2026-02-27,,,,True
2e5806f6-f8f,u_01630,did_click_lp,"{""lp_name"": ""lp_academic_writing""}",2026-02-08 12:55:29+00:00,2026-02-08,lp_academic_writing,,,True
a445a44d-97f,u_01631,did_click_lp,"{""lp_name"": ""lp_academic_writing""}",2026-02-25 06:34:46+00:00,2026-02-25,lp_academic_writing,,,True
03173ea0-88e,u_01631,did_install_grammarly,{},2026-02-25 06:37:46+00:00,2026-02-25,,,,True
141e2c31-10c,u_01631,try_grammarly,"{""product_feature"": ""academic_citation_helper""}",2026-02-25 07:17:46+00:00,2026-02-25,,academic_citation_helper,,True
0bff681a-776,u_01631,try_grammarly,"{""product_feature"": ""academic_citation_helper""}",2026-02-26 17:22:57+00:00,2026-02-26,,academic_citation_helper,,True
9ddb355a-0f0,u_01631,try_grammarly,"{""product_feature"": ""academic_citation_helper""}",2026-02-27 20:45:07+00:00,2026-02-27,,academic_citation_helper,,True
0dc77ecb-f19,u_01632,did_click_lp,"{""lp_name"": ""lp_academic_writing""}",2026-02-12 15:51:54+00:00,2026-02-12,lp_academic_writing,,,True
406cb83b-09f,u_01632,did_install_grammarly,{},2026-02-12 15:55:54+00:00,2026-02-12,,,,True
1fa08379-e00,u_01632,try_grammarly,"{""product_feature"": ""academic_citation_helper""}",2026-02-12 16:47:54+00:00,2026-02-12,,academic_citation_helper,,True
e5cb9754-395,u_01632,try_grammarly,"{""product_feature"": ""academic_citation_helper""}",2026-02-13 15:08:11+00:00,2026-02-13,,academic_citation_helper,,True
f9ac5ebb-b10,u_01632,try_grammarly,"{""product_feature"": ""academic_citation_helper""}",2026-02-14 19:31:06+00:00,2026-02-14,,academic_citation_helper,,True
841f2501-c33,u_01633,did_click_lp,"{""lp_name"": ""lp_business_emails""}",2026-02-16 19:30:10+00:00,2026-02-16,lp_business_emails,,,True
fe4504bb-963,u_01633,did_install_grammarly,{},2026-02-16 19:39:10+00:00,2026-02-16,,,,True
1c7f33c7-c0d,u_01634,did_click_lp,"{""lp_name"": ""lp_academic_writing""}",2026-02-28 20:24:17+00:00,2026-02-28,lp_academic_writing,,,True
9b772ddb-ad7,u_01635,did_click_lp,"{""lp_name"": ""lp_business_emails""}",2026-02-20 17:47:24+00:00,2026-02-20,lp_business_emails,,,True
1eda8875-a64,u_01636,did_click_lp,"{""lp_name"": ""lp_business_emails""}",2026-02-23 14:43:24+00:00,2026-02-23,lp_business_emails,,,True
7f62564e-d1c,u_01636,did_install_grammarly,{},2026-02-23 14:55:24+00:00,2026-02-23,,,,True
12b5fea6-e63,u_01636,try_grammarly,"{""product_feature"": ""smart_email_reply""}",2026-02-23 15:38:24+00:00,2026-02-23,,smart_email_reply,,True
6e283819-975,u_01636,try_grammarly,"{""product_feature"": ""smart_email_reply""}",2026-02-26 19:23:58+00:00,2026-02-26,,smart_email_reply,,True
e907a5a9-74a,u_01637,did_click_lp,"{""lp_name"": ""lp_business_emails""}",2026-02-02 13:39:44+00:00,2026-02-02,lp_business_emails,,,True
6b841611-75c,u_01637,did_install_grammarly,{},2026-02-02 13:48:44+00:00,2026-02-02,,,,True
ae5fb801-858,u_01637,try_grammarly,"{""product_feature"": ""smart_email_reply""}",2026-02-02 14:16:44+00:00,2026-02-02,,smart_email_reply,,True
c6f1088c-d09,u_01638,did_click_lp,"{""lp_name"": ""lp_business_emails""}",2026-02-19 05:25:37+00:00,2026-02-19,lp_business_emails,,,True
72cd00f9-86d,u_01638,did_install_grammarly,{},2026-02-19 05:37:37+00:00,2026-02-19,,,,True
768f9402-b89,u_01638,try_grammarly,"{""product_feature"": ""smart_email_reply""}",2026-02-19 06:13:37+00:00,2026-02-19,,smart_email_reply,,True
d9a3b6e1-ffd,u_01639,did_click_lp,"{""lp_name"": ""lp_academic_writing""}",2026-02-01 15:57:32+00:00,2026-02-01,lp_academic_writing,,,True
514c890b-739,u_01639,did_install_grammarly,{},2026-02-01 16:03:32+00:00,2026-02-01,,,,True
d7035b47-b33,u_01640,did_click_lp,"{""lp_name"": ""lp_academic_writing""}",2026-02-13 09:54:42+00:00,2026-02-13,lp_academic_writing,,,True
eab5564b-e7d,u_01641,did_click_lp,"{""lp_name"": ""lp_business_emails""}",2026-02-13 14:38:53+00:00,2026-02-13,lp_business_emails,,,True
80c6a027-2fb,u_01642,did_click_lp,"{""lp_name"": ""lp_business_emails""}",2026-02-02 01:19:00+00:00,2026-02-02,lp_business_emails,,,True
000cff99-a22,u_01643,did_click_lp,"{""lp_name"": ""lp_business_emails""}",2026-02-14 00:39:53+00:00,2026-02-14,lp_business_emails,,,True
03dd292b-e63,u_01643,did_install_grammarly,{},2026-02-14 00:44:53+00:00,2026-02-14,,,,True
251a4be8-bb0,u_01643,try_grammarly,"{""product_feature"": ""smart_email_reply""}",2026-02-14 01:40:53+00:00,2026-02-14,,smart_email_reply,,True
45d14398-100,u_01643,try_grammarly,"{""product_feature"": ""smart_email_reply""}",2026-02-17 07:22:42+00:00,2026-02-17,,smart_email_reply,,True
f6577e25-60a,u_01644,did_click_lp,"{""lp_name"": ""lp_business_emails""}",2026-02-10 09:37:44+00:00,2026-02-10,lp_business_emails,,,True
5161d404-8ef,u_01645,did_click_lp,"{""lp_name"": ""lp_academic_writing""}",2026-02-19 23:00:19+00:00,2026-02-19,lp_academic_writing,,,True
87a4cb00-445,u_01645,did_install_grammarly,{},2026-02-19 23:09:19+00:00,2026-02-19,,,,True
b3a4350b-269,u_01645,try_grammarly,"{""product_feature"": ""academic_citation_helper""}",2026-02-19 23:38:19+00:00,2026-02-19,,academic_citation_helper,,True
7fdc5142-140,u_01646,did_click_lp,"{""lp_name"": ""lp_academic_writing""}",2026-02-21 21:13:17+00:00,2026-02-21,lp_academic_writing,,,True
916bf725-0d3,u_01646,did_install_grammarly,{},2026-02-21 21:15:17+00:00,2026-02-21,,,,True
beeb8bdc-c58,u_01647,did_click_lp,"{""lp_name"": ""lp_academic_writing""}",2026-02-08 03:42:06+00:00,2026-02-08,lp_academic_writing,,,True
9c1f6c02-bf7,u_01648,did_click_lp,"{""lp_name"": ""lp_business_emails""}",2026-02-13 14:58:47+00:00,2026-02-13,lp_business_emails,,,True
4b7730a1-113,u_01648,did_install_grammarly,{},2026-02-13 15:06:47+00:00,2026-02-13,,,,True
dd57f45d-69f,u_01649,did_click_lp,"{""lp_name"": ""lp_business_emails""}",2026-02-15 23:01:31+00:00,2026-02-15,lp_business_emails,,,True
27a19f90-316,u_01649,did_click_lp,"{""lp_name"": ""lp_academic_writing""}",2026-02-18 13:22:15+00:00,2026-02-18,lp_academic_writing,,,True
ce448c7d-d8c,u_01650,did_click_lp,"{""lp_name"": ""lp_business_emails""}",2026-02-24 17:39:27+00:00,2026-02-24,lp_business_emails,,,True
a37c9a5a-859,u_01651,did_click_lp,"{""lp_name"": ""lp_academic_writing""}",2026-02-23 13:43:47+00:00,2026-02-23,lp_academic_writing,,,True
736401ac-f87,u_01652,did_click_lp,"{""lp_name"": ""lp_business_emails""}",2026-02-07 12:26:56+00:00,2026-02-07,lp_business_emails,,,True
cbc33237-dd1,u_01653,did_click_lp,"{""lp_name"": ""lp_academic_writing""}",2026-02-04 07:47:32+00:00,2026-02-04,lp_academic_writing,,,True
d4001783-92c,u_01653,did_install_grammarly,{},2026-02-04 07:48:32+00:00,2026-02-04,,,,True
78e85c06-289,u_01653,try_grammarly,"{""product_feature"": ""academic_citation_helper""}",2026-02-04 08:23:32+00:00,2026-02-04,,academic_citation_helper,,True
a7ecc701-597,u_01653,try_grammarly,"{""product_feature"": ""academic_citation_helper""}",2026-02-05 04:11:59+00:00,2026-02-05,,academic_citation_helper,,True
9ca57903-1e6,u_01654,did_click_lp,"{""lp_name"": ""lp_business_emails""}",2026-02-02 15:30:36+00:00,2026-02-02,lp_business_emails,,,True
df75c8bb-9b0,u_01654,did_install_grammarly,{},2026-02-02 15:34:36+00:00,2026-02-02,,,,True
4429aa68-c05,u_01655,did_click_lp,"{""lp_name"": ""lp_academic_writing""}",2026-02-26 14:53:48+00:00,2026-02-26,lp_academic_writing,,,True
a25ba1b3-55b,u_01655,did_install_grammarly,{},2026-02-26 14:55:48+00:00,2026-02-26,,,,True
9a23a3c2-80a,u_01656,did_click_lp,"{""lp_name"": ""lp_business_emails""}",2026-02-01 03:33:42+00:00,2026-02-01,lp_business_emails,,,True
aea9b04b-d1d,u_01656,did_install_grammarly,{},2026-02-01 03:42:42+00:00,2026-02-01,,,,True
a56d9e45-2bb,u_01656,try_grammarly,"{""product_feature"": ""smart_email_reply""}",2026-02-01 04:41:42+00:00,2026-02-01,,smart_email_reply,,True
68802709-e42,u_01657,did_click_lp,"{""lp_name"": ""lp_business_emails""}",2026-02-17 20:18:48+00:00,2026-02-17,lp_business_emails,,,True
1ff1c35f-556,u_01657,did_install_grammarly,{},2026-02-17 20:21:48+00:00,2026-02-17,,,,True
59869952-eb8,u_01657,try_grammarly,"{""product_feature"": ""smart_email_reply""}",2026-02-17 21:16:48+00:00,2026-02-17,,smart_email_reply,,True
15544861-d0b,u_01657,try_grammarly,"{""product_feature"": ""smart_email_reply""}",2026-02-20 18:34:30+00:00,2026-02-20,,smart_email_reply,,True
7796453c-bde,u_01658,did_click_lp,"{""lp_name"": ""lp_academic_writing""}",2026-02-28 05:11:15+00:00,2026-02-28,lp_academic_writing,,,True
df2f970b-85a,u_01659,did_click_lp,"{""lp_name"": ""lp_academic_writing""}",2026-02-11 14:50:08+00:00,2026-02-11,lp_academic_writing,,,True
3971e2c7-95e,u_01659,did_install_grammarly,{},2026-02-11 14:56:08+00:00,2026-02-11,,,,True
71da0a1e-e5d,u_01660,did_click_lp,"{""lp_name"": ""lp_academic_writing""}",2026-02-08 12:43:45+00:00,2026-02-08,lp_academic_writing,,,True
ec589d0d-5b7,u_01660,did_install_grammarly,{},2026-02-08 12:48:45+00:00,2026-02-08,,,,True
bcbedd90-921,u_01660,try_grammarly,"{""product_feature"": ""academic_citation_helper""}",2026-02-08 13:20:45+00:00,2026-02-08,,academic_citation_helper,,True
d6070fb9-6d1,u_01660,try_grammarly,"{""product_feature"": ""academic_citation_helper""}",2026-02-09 14:24:43+00:00,2026-02-09,,academic_citation_helper,,True
f5d08be8-45f,u_01660,try_grammarly,"{""product_feature"": ""academic_citation_helper""}",2026-02-10 16:43:02+00:00,2026-02-10,,academic_citation_helper,,True
ba94854d-9ff,u_01660,try_grammarly,"{""product_feature"": ""academic_citation_helper""}",2026-02-13 20:22:54+00:00,2026-02-13,,academic_citation_helper,,True
d95085fa-394,u_01661,did_click_lp,"{""lp_name"": ""lp_academic_writing""}",2026-02-15 04:08:26+00:00,2026-02-15,lp_academic_writing,,,True
b61fb8ae-141,u_01662,did_click_lp,"{""lp_name"": ""lp_academic_writing""}",2026-02-21 01:40:40+00:00,2026-02-21,lp_academic_writing,,,True
458c7b8a-787,u_01662,did_install_grammarly,{},2026-02-21 01:43:40+00:00,2026-02-21,,,,True
d13a8bb1-d7c,u_01663,did_click_lp,"{""lp_name"": ""lp_business_emails""}",2026-02-18 22:01:28+00:00,2026-02-18,lp_business_emails,,,True
2fbb0427-9ea,u_01664,did_click_lp,"{""lp_name"": ""lp_business_emails""}",2026-02-24 05:55:37+00:00,2026-02-24,lp_business_emails,,,True
36615a6a-5a8,u_01664,did_install_grammarly,{},2026-02-24 05:58:37+00:00,2026-02-24,,,,True
06ec1d78-713,u_01665,did_click_lp,"{""lp_name"": ""lp_business_emails""}",2026-02-11 17:32:06+00:00,2026-02-11,lp_business_emails,,,True
33eab9eb-aa0,u_01666,did_click_lp,"{""lp_name"": ""lp_business_emails""}",2026-02-25 00:12:46+00:00,2026-02-25,lp_business_emails,,,True
5341bd9f-9e2,u_01667,did_click_lp,"{""lp_name"": ""lp_academic_writing""}",2026-02-16 05:31:52+00:00,2026-02-16,lp_academic_writing,,,True
b823d184-bc1,u_01668,did_click_lp,"{""lp_name"": ""lp_business_emails""}",2026-02-09 17:51:33+00:00,2026-02-09,lp_business_emails,,,True
49c16ed0-d7c,u_01669,did_click_lp,"{""lp_name"": ""lp_academic_writing""}",2026-02-13 04:49:54+00:00,2026-02-13,lp_academic_writing,,,True
96b16612-3bf,u_01670,did_click_lp,"{""lp_name"": ""lp_business_emails""}",2026-02-22 22:21:02+00:00,2026-02-22,lp_business_emails,,,True
b67047dc-231,u_01670,did_install_grammarly,{},2026-02-22 22:32:02+00:00,2026-02-22,,,,True
56729ac6-b45,u_01670,try_grammarly,"{""product_feature"": ""smart_email_reply""}",2026-02-22 23:29:02+00:00,2026-02-22,,smart_email_reply,,True
00ebcfdf-90e,u_01671,did_click_lp,"{""lp_name"": ""lp_academic_writing""}",2026-02-20 10:23:05+00:00,2026-02-20,lp_academic_writing,,,True
ad9297d4-9be,u_01672,did_click_lp,"{""lp_name"": ""lp_business_emails""}",2026-02-23 20:59:06+00:00,2026-02-23,lp_business_emails,,,True
8ce9ba2b-370,u_01673,did_click_lp,"{""lp_name"": ""lp_business_emails""}",2026-02-22 03:29:30+00:00,2026-02-22,lp_business_emails,,,True
fc7818ee-38e,u_01674,did_click_lp,"{""lp_name"": ""lp_business_emails""}",2026-02-17 00:32:32+00:00,2026-02-17,lp_business_emails,,,True
6f0d2711-18c,u_01675,did_click_lp,"{""lp_name"": ""lp_academic_writing""}",2026-02-15 03:49:51+00:00,2026-02-15,lp_academic_writing,,,True
f97b303f-e9b,u_01675,did_install_grammarly,{},2026-02-15 03:59:51+00:00,2026-02-15,,,,True
51c965a8-6f1,u_01676,did_click_lp,"{""lp_name"": ""lp_academic_writing""}",2026-02-17 20:56:45+00:00,2026-02-17,lp_academic_writing,,,True
5eccb026-9ed,u_01677,did_click_lp,"{""lp_name"": ""lp_business_emails""}",2026-02-20 16:34:54+00:00,2026-02-20,lp_business_emails,,,True
a1dd9586-04f,u_01678,did_click_lp,"{""lp_name"": ""lp_academic_writing""}",2026-02-13 20:06:17+00:00,2026-02-13,lp_academic_writing,,,True
5c5f4c13-1ec,u_01679,did_click_lp,"{""lp_name"": ""lp_academic_writing""}",2026-02-09 17:28:08+00:00,2026-02-09,lp_academic_writing,,,True
2a3caeb5-b82,u_01680,did_click_lp,"{""lp_name"": ""lp_business_emails""}",2026-02-23 13:35:04+00:00,2026-02-23,lp_business_emails,,,True
b8d68336-a07,u_01680,did_install_grammarly,{},2026-02-23 13:45:04+00:00,2026-02-23,,,,True
29480daa-a4c,u_01680,try_grammarly,"{""product_feature"": ""smart_email_reply""}",2026-02-23 14:02:04+00:00,2026-02-23,,smart_email_reply,,True
0c680619-0fe,u_01681,did_click_lp,"{""lp_name"": ""lp_business_emails""}",2026-02-25 05:50:00+00:00,2026-02-25,lp_business_emails,,,True
551c2c79-158,u_01681,did_install_grammarly,{},2026-02-25 05:56:00+00:00,2026-02-25,,,,True
4ff78a8b-5da,u_01681,try_grammarly,"{""product_feature"": ""smart_email_reply""}",2026-02-25 06:55:00+00:00,2026-02-25,,smart_email_reply,,True
a4f64c37-a39,u_01682,did_click_lp,"{""lp_name"": ""lp_academic_writing""}",2026-02-01 04:26:54+00:00,2026-02-01,lp_academic_writing,,,True
dbde1415-dd7,u_01682,did_install_grammarly,{},2026-02-01 04:29:54+00:00,2026-02-01,,,,True
d62a9bdb-4f9,u_01682,try_grammarly,"{""product_feature"": ""academic_citation_helper""}",2026-02-01 04:35:54+00:00,2026-02-01,,academic_citation_helper,,True
7f093a31-6e5,u_01682,try_grammarly,"{""product_feature"": ""academic_citation_helper""}",2026-02-02 23:44:27+00:00,2026-02-02,,academic_citation_helper,,True
00ecc610-d3e,u_01682,try_grammarly,"{""product_feature"": ""academic_citation_helper""}",2026-02-03 23:05:12+00:00,2026-02-03,,academic_citation_helper,,True
70bbf858-bc6,u_01683,did_click_lp,"{""lp_name"": ""lp_business_emails""}",2026-02-19 05:06:03+00:00,2026-02-19,lp_business_emails,,,True
60eb2856-05d,u_01683,did_install_grammarly,{},2026-02-19 05:17:03+00:00,2026-02-19,,,,True
390b2e66-e90,u_01683,try_grammarly,"{""product_feature"": ""smart_email_reply""}",2026-02-19 05:47:03+00:00,2026-02-19,,smart_email_reply,,True
9721f1ad-023,u_01684,did_click_lp,"{""lp_name"": ""lp_business_emails""}",2026-02-28 20:11:49+00:00,2026-02-28,lp_business_emails,,,True
4e013574-56d,u_01685,did_click_lp,"{""lp_name"": ""lp_business_emails""}",2026-02-19 17:11:41+00:00,2026-02-19,lp_business_emails,,,True
02629a70-a4c,u_01685,did_install_grammarly,{},2026-02-19 17:12:41+00:00,2026-02-19,,,,True
05382559-048,u_01686,did_click_lp,"{""lp_name"": ""lp_academic_writing""}",2026-02-03 16:58:12+00:00,2026-02-03,lp_academic_writing,,,True
adc8e2f4-61a,u_01687,did_click_lp,"{""lp_name"": ""lp_business_emails""}",2026-02-24 18:27:23+00:00,2026-02-24,lp_business_emails,,,True
9269aeef-ff6,u_01688,did_click_lp,"{""lp_name"": ""lp_business_emails""}",2026-02-11 20:58:57+00:00,2026-02-11,lp_business_emails,,,True
cde40918-1c4,u_01689,did_click_lp,"{""lp_name"": ""lp_business_emails""}",2026-02-03 07:08:41+00:00,2026-02-03,lp_business_emails,,,True
512aaa25-25f,u_01690,did_click_lp,"{""lp_name"": ""lp_academic_writing""}",2026-02-15 13:14:36+00:00,2026-02-15,lp_academic_writing,,,True
78e67f9d-627,u_01691,did_click_lp,"{""lp_name"": ""lp_academic_writing""}",2026-02-07 22:59:30+00:00,2026-02-07,lp_academic_writing,,,True
67dd9553-45a,u_01691,did_install_grammarly,{},2026-02-07 23:00:30+00:00,2026-02-07,,,,True
68b56cc6-e57,u_01691,try_grammarly,"{""product_feature"": ""academic_citation_helper""}",2026-02-07 23:10:30+00:00,2026-02-07,,academic_citation_helper,,True
7b42f699-2f5,u_01692,did_click_lp,"{""lp_name"": ""lp_academic_writing""}",2026-02-18 09:56:54+00:00,2026-02-18,lp_academic_writing,,,True
8c702370-991,u_01693,did_click_lp,"{""lp_name"": ""lp_business_emails""}",2026-02-18 11:35:16+00:00,2026-02-18,lp_business_emails,,,True
621dc6c2-629,u_01694,did_click_lp,"{""lp_name"": ""lp_academic_writing""}",2026-02-22 15:31:50+00:00,2026-02-22,lp_academic_writing,,,True
ab4c5569-2de,u_01695,did_click_lp,"{""lp_name"": ""lp_business_emails""}",2026-02-12 21:02:25+00:00,2026-02-12,lp_business_emails,,,True
1110db42-c80,u_01696,did_click_lp,"{""lp_name"": ""lp_academic_writing""}",2026-02-21 17:34:39+00:00,2026-02-21,lp_academic_writing,,,True
24aea776-452,u_01696,did_install_grammarly,{},2026-02-21 17:36:39+00:00,2026-02-21,,,,True
6c7be48f-2ff,u_01696,try_grammarly,"{""product_feature"": ""academic_citation_helper""}",2026-02-21 18:13:39+00:00,2026-02-21,,academic_citation_helper,,True
de71b886-79d,u_01697,did_click_lp,"{""lp_name"": ""lp_academic_writing""}",2026-02-25 22:36:06+00:00,2026-02-25,lp_academic_writing,,,True
9859b0b7-ca5,u_01698,did_click_lp,"{""lp_name"": ""lp_business_emails""}",2026-02-27 09:52:00+00:00,2026-02-27,lp_business_emails,,,True
3139d081-a11,u_01699,did_click_lp,"{""lp_name"": ""lp_academic_writing""}",2026-02-16 03:02:52+00:00,2026-02-16,lp_academic_writing,,,True
9c59d5b0-185,u_01699,did_install_grammarly,{},2026-02-16 03:07:52+00:00,2026-02-16,,,,True
febe3b87-fdd,u_01700,did_click_lp,"{""lp_name"": ""lp_business_emails""}",2026-02-07 06:13:48+00:00,2026-02-07,lp_business_emails,,,True
e2817fd6-4f0,u_01701,did_click_lp,"{""lp_name"": ""lp_academic_writing""}",2026-02-06 01:12:07+00:00,2026-02-06,lp_academic_writing,,,True
d63de88c-147,u_01701,did_click_lp,"{""lp_name"": ""lp_business_emails""}",2026-02-06 21:24:59+00:00,2026-02-06,lp_business_emails,,,True
a59d2b9e-968,u_01702,did_click_lp,"{""lp_name"": ""lp_business_emails""}",2026-02-17 03:31:09+00:00,2026-02-17,lp_business_emails,,,True
71a483fe-bb7,u_01703,did_click_lp,"{""lp_name"": ""lp_academic_writing""}",2026-02-19 15:24:18+00:00,2026-02-19,lp_academic_writing,,,True
735cc4b4-267,u_01704,did_click_lp,"{""lp_name"": ""lp_business_emails""}",2026-02-22 02:30:24+00:00,2026-02-22,lp_business_emails,,,True
877474f5-510,u_01704,did_install_grammarly,{},2026-02-22 02:43:24+00:00,2026-02-22,,,,True
27487f9b-385,u_01704,try_grammarly,"{""product_feature"": ""smart_email_reply""}",2026-02-22 03:04:24+00:00,2026-02-22,,smart_email_reply,,True
0d3fb84b-0d8,u_01705,did_click_lp,"{""lp_name"": ""lp_business_emails""}",2026-02-28 15:04:22+00:00,2026-02-28,lp_business_emails,,,True
8913ad92-1ce,u_01705,did_install_grammarly,{},2026-02-28 15:09:22+00:00,2026-02-28,,,,True
50274114-dc1,u_01706,did_click_lp,"{""lp_name"": ""lp_academic_writing""}",2026-02-18 21:40:51+00:00,2026-02-18,lp_academic_writing,,,True
5c7cf08f-974,u_01706,did_click_lp,"{""lp_name"": ""lp_business_emails""}",2026-02-19 07:48:45+00:00,2026-02-19,lp_business_emails,,,True
f966dd30-529,u_01707,did_click_lp,"{""lp_name"": ""lp_academic_writing""}",2026-02-14 05:03:06+00:00,2026-02-14,lp_academic_writing,,,True
3a053263-1dd,u_01707,did_install_grammarly,{},2026-02-14 05:07:06+00:00,2026-02-14,,,,True
8afde759-e96,u_01707,try_grammarly,"{""product_feature"": ""academic_citation_helper""}",2026-02-14 05:47:06+00:00,2026-02-14,,academic_citation_helper,,True
592c9687-2f2,u_01707,try_grammarly,"{""product_feature"": ""academic_citation_helper""}",2026-02-15 23:34:16+00:00,2026-02-15,,academic_citation_helper,,True
2762b90f-c7e,u_01708,did_click_lp,"{""lp_name"": ""lp_business_emails""}",2026-02-22 12:54:16+00:00,2026-02-22,lp_business_emails,,,True
ff3a7982-80b,u_01708,did_install_grammarly,{},2026-02-22 13:00:16+00:00,2026-02-22,,,,True
d58b65ff-448,u_01709,did_click_lp,"{""lp_name"": ""lp_academic_writing""}",2026-02-14 06:52:40+00:00,2026-02-14,lp_academic_writing,,,True
2c9a08bd-291,u_01709,did_install_grammarly,{},2026-02-14 07:02:40+00:00,2026-02-14,,,,True
ed14b8a9-179,u_01709,try_grammarly,"{""product_feature"": ""academic_citation_helper""}",2026-02-14 07:53:40+00:00,2026-02-14,,academic_citation_helper,,True
8f678a5b-024,u_01710,did_click_lp,"{""lp_name"": ""lp_academic_writing""}",2026-02-15 21:39:07+00:00,2026-02-15,lp_academic_writing,,,True
3ca196f3-d83,u_01711,did_click_lp,"{""lp_name"": ""lp_academic_writing""}",2026-02-16 18:35:22+00:00,2026-02-16,lp_academic_writing,,,True
90409ad3-e8d,u_01711,did_install_grammarly,{},2026-02-16 18:41:22+00:00,2026-02-16,,,,True
547150bb-a66,u_01711,try_grammarly,"{""product_feature"": ""academic_citation_helper""}",2026-02-16 18:57:22+00:00,2026-02-16,,academic_citation_helper,,True
3296d5e8-8f7,u_01711,try_grammarly,"{""product_feature"": ""academic_citation_helper""}",2026-02-17 16:10:26+00:00,2026-02-17,,academic_citation_helper,,True
7dfbf6ad-202,u_01711,try_grammarly,"{""product_feature"": ""academic_citation_helper""}",2026-02-18 12:05:22+00:00,2026-02-18,,academic_citation_helper,,True
fa9a185b-ad0,u_01711,try_grammarly,"{""product_feature"": ""academic_citation_helper""}",2026-02-19 21:21:21+00:00,2026-02-19,,academic_citation_helper,,True
79eff605-df8,u_01712,did_click_lp,"{""lp_name"": ""lp_academic_writing""}",2026-02-22 17:40:50+00:00,2026-02-22,lp_academic_writing,,,True
cf857bb6-694,u_01713,did_click_lp,"{""lp_name"": ""lp_academic_writing""}",2026-02-06 21:32:55+00:00,2026-02-06,lp_academic_writing,,,True
220e748e-bd6,u_01714,did_click_lp,"{""lp_name"": ""lp_academic_writing""}",2026-02-18 13:54:24+00:00,2026-02-18,lp_academic_writing,,,True
2c82d0f6-dcd,u_01714,did_install_grammarly,{},2026-02-18 13:57:24+00:00,2026-02-18,,,,True
74a75b64-28e,u_01714,try_grammarly,"{""product_feature"": ""academic_citation_helper""}",2026-02-18 14:02:24+00:00,2026-02-18,,academic_citation_helper,,True
47e637e0-59c,u_01714,try_grammarly,"{""product_feature"": ""academic_citation_helper""}",2026-02-19 15:08:57+00:00,2026-02-19,,academic_citation_helper,,True
9d820d62-c9c,u_01715,did_click_lp,"{""lp_name"": ""lp_academic_writing""}",2026-02-04 15:10:07+00:00,2026-02-04,lp_academic_writing,,,True
c677a95f-1b5,u_01715,did_install_grammarly,{},2026-02-04 15:15:07+00:00,2026-02-04,,,,True
67628692-3e6,u_01715,try_grammarly,"{""product_feature"": ""academic_citation_helper""}",2026-02-04 15:59:07+00:00,2026-02-04,,academic_citation_helper,,True
5c4ee760-acd,u_01715,try_grammarly,"{""product_feature"": ""academic_citation_helper""}",2026-02-05 11:59:59+00:00,2026-02-05,,academic_citation_helper,,True
4ad9e7ce-606,u_01716,did_click_lp,"{""lp_name"": ""lp_academic_writing""}",2026-02-11 01:35:45+00:00,2026-02-11,lp_academic_writing,,,True
26008c7b-64c,u_01716,did_install_grammarly,{},2026-02-11 01:40:45+00:00,2026-02-11,,,,True
5caeec96-aa7,u_01717,did_click_lp,"{""lp_name"": ""lp_business_emails""}",2026-02-04 12:16:53+00:00,2026-02-04,lp_business_emails,,,True
e7fef469-144,u_01718,did_click_lp,"{""lp_name"": ""lp_business_emails""}",2026-02-03 22:36:48+00:00,2026-02-03,lp_business_emails,,,True
5855387f-164,u_01719,did_click_lp,"{""lp_name"": ""lp_business_emails""}",2026-02-09 23:49:57+00:00,2026-02-09,lp_business_emails,,,True
f9cfc96c-6be,u_01720,did_click_lp,"{""lp_name"": ""lp_academic_writing""}",2026-02-03 02:24:35+00:00,2026-02-03,lp_academic_writing,,,True
42584a43-c01,u_01720,did_install_grammarly,{},2026-02-03 02:30:35+00:00,2026-02-03,,,,True
42482448-d84,u_01721,did_click_lp,"{""lp_name"": ""lp_business_emails""}",2026-02-12 11:48:18+00:00,2026-02-12,lp_business_emails,,,True
39dcce8b-010,u_01722,did_click_lp,"{""lp_name"": ""lp_academic_writing""}",2026-02-22 04:28:23+00:00,2026-02-22,lp_academic_writing,,,True
ceacf1ba-cdc,u_01723,did_click_lp,"{""lp_name"": ""lp_business_emails""}",2026-02-14 05:36:34+00:00,2026-02-14,lp_business_emails,,,True
de903cfb-207,u_01724,did_click_lp,"{""lp_name"": ""lp_academic_writing""}",2026-02-16 17:34:52+00:00,2026-02-16,lp_academic_writing,,,True
2ca54be1-967,u_01724,did_install_grammarly,{},2026-02-16 17:36:52+00:00,2026-02-16,,,,True
1e114cbf-e08,u_01725,did_click_lp,"{""lp_name"": ""lp_academic_writing""}",2026-02-06 14:43:06+00:00,2026-02-06,lp_academic_writing,,,True
cf741b02-2fa,u_01725,did_install_grammarly,{},2026-02-06 14:49:06+00:00,2026-02-06,,,,True
fd9ed29c-285,u_01726,did_click_lp,"{""lp_name"": ""lp_academic_writing""}",2026-02-26 12:17:44+00:00,2026-02-26,lp_academic_writing,,,True
15d271bf-d6d,u_01726,did_install_grammarly,{},2026-02-26 12:20:44+00:00,2026-02-26,,,,True
21f22693-a37,u_01727,did_click_lp,"{""lp_name"": ""lp_business_emails""}",2026-02-23 05:17:45+00:00,2026-02-23,lp_business_emails,,,True
dc8fc424-599,u_01728,did_click_lp,"{""lp_name"": ""lp_academic_writing""}",2026-02-02 08:08:22+00:00,2026-02-02,lp_academic_writing,,,True
85f785d8-eee,u_01729,did_click_lp,"{""lp_name"": ""lp_business_emails""}",2026-02-22 14:14:06+00:00,2026-02-22,lp_business_emails,,,True
a58d0738-a4b,u_01730,did_click_lp,"{""lp_name"": ""lp_business_emails""}",2026-02-18 13:02:47+00:00,2026-02-18,lp_business_emails,,,True
cca5f8fb-a4f,u_01731,did_click_lp,"{""lp_name"": ""lp_business_emails""}",2026-02-15 16:41:07+00:00,2026-02-15,lp_business_emails,,,True
66e5e5b6-233,u_01732,did_click_lp,"{""lp_name"": ""lp_business_emails""}",2026-02-22 12:16:14+00:00,2026-02-22,lp_business_emails,,,True
6d570b52-ac4,u_01732,did_install_grammarly,{},2026-02-22 12:22:14+00:00,2026-02-22,,,,True
2fa62284-a8d,u_01733,did_click_lp,"{""lp_name"": ""lp_business_emails""}",2026-02-10 20:02:56+00:00,2026-02-10,lp_business_emails,,,True
49ba353e-507,u_01734,did_click_lp,"{""lp_name"": ""lp_business_emails""}",2026-02-15 13:24:07+00:00,2026-02-15,lp_business_emails,,,True
6b3ca925-f5e,u_01734,did_install_grammarly,{},2026-02-15 13:25:07+00:00,2026-02-15,,,,True
2438d7a5-8d5,u_01735,did_click_lp,"{""lp_name"": ""lp_business_emails""}",2026-02-23 09:03:06+00:00,2026-02-23,lp_business_emails,,,True
e0425ac3-5a3,u_01736,did_click_lp,"{""lp_name"": ""lp_business_emails""}",2026-02-01 04:07:41+00:00,2026-02-01,lp_business_emails,,,True
f444daa7-374,u_01737,did_click_lp,"{""lp_name"": ""lp_business_emails""}",2026-02-09 23:46:17+00:00,2026-02-09,lp_business_emails,,,True
ead653cc-79b,u_01738,did_click_lp,"{""lp_name"": ""lp_business_emails""}",2026-02-03 18:16:46+00:00,2026-02-03,lp_business_emails,,,True
85b68b95-ed3,u_01739,did_click_lp,"{""lp_name"": ""lp_academic_writing""}",2026-02-25 14:02:06+00:00,2026-02-25,lp_academic_writing,,,True
43d441d0-8b7,u_01740,did_click_lp,"{""lp_name"": ""lp_academic_writing""}",2026-02-25 18:42:09+00:00,2026-02-25,lp_academic_writing,,,True
234b238e-e7a,u_01741,did_click_lp,"{""lp_name"": ""lp_academic_writing""}",2026-02-26 18:41:02+00:00,2026-02-26,lp_academic_writing,,,True
86981e34-ae4,u_01741,did_install_grammarly,{},2026-02-26 18:45:02+00:00,2026-02-26,,,,True
53949c0a-401,u_01741,try_grammarly,"{""product_feature"": ""academic_citation_helper""}",2026-02-26 19:05:02+00:00,2026-02-26,,academic_citation_helper,,True
e71b5b06-feb,u_01741,try_grammarly,"{""product_feature"": ""academic_citation_helper""}",2026-02-27 09:27:56+00:00,2026-02-27,,academic_citation_helper,,True
521673b0-4e0,u_01741,try_grammarly,"{""product_feature"": ""academic_citation_helper""}",2026-02-28 05:59:53+00:00,2026-02-28,,academic_citation_helper,,True
3ade8ef7-53b,u_01742,did_click_lp,"{""lp_name"": ""lp_business_emails""}",2026-02-05 17:50:23+00:00,2026-02-05,lp_business_emails,,,True
fa7a625b-244,u_01743,did_click_lp,"{""lp_name"": ""lp_business_emails""}",2026-02-26 19:23:21+00:00,2026-02-26,lp_business_emails,,,True
94c87014-c24,u_01743,did_install_grammarly,{},2026-02-26 19:31:21+00:00,2026-02-26,,,,True
6242074f-294,u_01744,did_click_lp,"{""lp_name"": ""lp_academic_writing""}",2026-02-14 06:30:45+00:00,2026-02-14,lp_academic_writing,,,True
5647f96e-c8c,u_01745,did_click_lp,"{""lp_name"": ""lp_academic_writing""}",2026-02-12 22:12:17+00:00,2026-02-12,lp_academic_writing,,,True
abfa91e3-b00,u_01745,did_install_grammarly,{},2026-02-12 22:20:17+00:00,2026-02-12,,,,True
1fc83cd6-ef6,u_01745,try_grammarly,"{""product_feature"": ""academic_citation_helper""}",2026-02-12 23:05:17+00:00,2026-02-12,,academic_citation_helper,,True
a4ec2380-81d,u_01746,did_click_lp,"{""lp_name"": ""lp_academic_writing""}",2026-02-22 17:35:38+00:00,2026-02-22,lp_academic_writing,,,True
318bd078-5f8,u_01747,did_click_lp,"{""lp_name"": ""lp_business_emails""}",2026-02-21 06:37:51+00:00,2026-02-21,lp_business_emails,,,True
dea04b2e-f62,u_01748,did_click_lp,"{""lp_name"": ""lp_business_emails""}",2026-02-13 04:43:29+00:00,2026-02-13,lp_business_emails,,,True
cc9a344f-332,u_01748,did_install_grammarly,{},2026-02-13 04:55:29+00:00,2026-02-13,,,,True
221c54a3-d6d,u_01748,try_grammarly,"{""product_feature"": ""smart_email_reply""}",2026-02-13 05:09:29+00:00,2026-02-13,,smart_email_reply,,True
15c89279-7c3,u_01749,did_click_lp,"{""lp_name"": ""lp_academic_writing""}",2026-02-19 07:58:16+00:00,2026-02-19,lp_academic_writing,,,True
937afc0b-8cb,u_01750,did_click_lp,"{""lp_name"": ""lp_academic_writing""}",2026-02-17 21:26:52+00:00,2026-02-17,lp_academic_writing,,,True
bf55618f-6f5,u_01750,did_install_grammarly,{},2026-02-17 21:28:52+00:00,2026-02-17,,,,True
bd4c8814-911,u_01750,try_grammarly,"{""product_feature"": ""academic_citation_helper""}",2026-02-17 22:12:52+00:00,2026-02-17,,academic_citation_helper,,True
3d3a88fa-ea4,u_01750,try_grammarly,"{""product_feature"": ""academic_citation_helper""}",2026-02-18 17:32:48+00:00,2026-02-18,,academic_citation_helper,,True
4b4a20a0-aab,u_01750,try_grammarly,"{""product_feature"": ""academic_citation_helper""}",2026-02-19 15:42:08+00:00,2026-02-19,,academic_citation_helper,,True
f9947738-b37,u_01751,did_click_lp,"{""lp_name"": ""lp_academic_writing""}",2026-02-07 18:46:53+00:00,2026-02-07,lp_academic_writing,,,True
a9eafeb6-2d2,u_01751,did_install_grammarly,{},2026-02-07 18:51:53+00:00,2026-02-07,,,,True
a9314e04-057,u_01752,did_click_lp,"{""lp_name"": ""lp_business_emails""}",2026-02-28 17:13:20+00:00,2026-02-28,lp_business_emails,,,True
2c3168c7-b88,u_01753,did_click_lp,"{""lp_name"": ""lp_academic_writing""}",2026-02-12 10:43:19+00:00,2026-02-12,lp_academic_writing,,,True
0a183fee-6e1,u_01754,did_click_lp,"{""lp_name"": ""lp_academic_writing""}",2026-02-15 12:00:46+00:00,2026-02-15,lp_academic_writing,,,True
b1eab911-7e4,u_01754,did_install_grammarly,{},2026-02-15 12:05:46+00:00,2026-02-15,,,,True
fb3fc977-b63,u_01755,did_click_lp,"{""lp_name"": ""lp_business_emails""}",2026-02-01 02:42:08+00:00,2026-02-01,lp_business_emails,,,True
2cb2a5de-860,u_01755,did_install_grammarly,{},2026-02-01 02:57:08+00:00,2026-02-01,,,,True
9564e2ed-d7f,u_01755,try_grammarly,"{""product_feature"": ""smart_email_reply""}",2026-02-01 03:50:08+00:00,2026-02-01,,smart_email_reply,,True
81390688-d43,u_01756,did_click_lp,"{""lp_name"": ""lp_business_emails""}",2026-02-07 04:51:50+00:00,2026-02-07,lp_business_emails,,,True
39556a7d-cb9,u_01756,did_install_grammarly,{},2026-02-07 05:02:50+00:00,2026-02-07,,,,True
6eb7114a-5d1,u_01756,try_grammarly,"{""product_feature"": ""smart_email_reply""}",2026-02-07 05:14:50+00:00,2026-02-07,,smart_email_reply,,True
edd84b52-d94,u_01757,did_click_lp,"{""lp_name"": ""lp_business_emails""}",2026-02-13 07:09:01+00:00,2026-02-13,lp_business_emails,,,True
bd971d72-c6a,u_01758,did_click_lp,"{""lp_name"": ""lp_academic_writing""}",2026-02-07 15:26:48+00:00,2026-02-07,lp_academic_writing,,,True
85e26940-da1,u_01759,did_click_lp,"{""lp_name"": ""lp_business_emails""}",2026-02-06 00:09:40+00:00,2026-02-06,lp_business_emails,,,True
92ead84e-1db,u_01759,did_install_grammarly,{},2026-02-06 00:22:40+00:00,2026-02-06,,,,True
7128f615-b3b,u_01759,try_grammarly,"{""product_feature"": ""smart_email_reply""}",2026-02-06 00:50:40+00:00,2026-02-06,,smart_email_reply,,True
69d73d02-522,u_01760,did_click_lp,"{""lp_name"": ""lp_academic_writing""}",2026-02-01 19:06:11+00:00,2026-02-01,lp_academic_writing,,,True
71b9da87-c28,u_01760,did_install_grammarly,{},2026-02-01 19:15:11+00:00,2026-02-01,,,,True
ff9403c5-af7,u_01761,did_click_lp,"{""lp_name"": ""lp_business_emails""}",2026-02-13 04:55:36+00:00,2026-02-13,lp_business_emails,,,True
a4883d40-d5b,u_01762,did_click_lp,"{""lp_name"": ""lp_business_emails""}",2026-02-17 02:14:11+00:00,2026-02-17,lp_business_emails,,,True
7b61b7de-b3b,u_01763,did_click_lp,"{""lp_name"": ""lp_academic_writing""}",2026-02-18 07:06:29+00:00,2026-02-18,lp_academic_writing,,,True
11caed09-0a5,u_01763,did_install_grammarly,{},2026-02-18 07:09:29+00:00,2026-02-18,,,,True
5414f8b5-db0,u_01763,try_grammarly,"{""product_feature"": ""academic_citation_helper""}",2026-02-18 07:17:29+00:00,2026-02-18,,academic_citation_helper,,True
17beaff0-06d,u_01764,did_click_lp,"{""lp_name"": ""lp_academic_writing""}",2026-02-17 09:26:25+00:00,2026-02-17,lp_academic_writing,,,True
72497935-3c7,u_01765,did_click_lp,"{""lp_name"": ""lp_business_emails""}",2026-02-19 07:45:37+00:00,2026-02-19,lp_business_emails,,,True
9e559df9-091,u_01766,did_click_lp,"{""lp_name"": ""lp_business_emails""}",2026-02-28 05:07:11+00:00,2026-02-28,lp_business_emails,,,True
215ecf76-c11,u_01766,did_install_grammarly,{},2026-02-28 05:10:11+00:00,2026-02-28,,,,True
f10f1706-f18,u_01767,did_click_lp,"{""lp_name"": ""lp_business_emails""}",2026-02-25 21:17:15+00:00,2026-02-25,lp_business_emails,,,True
6b98a4e7-8df,u_01768,did_click_lp,"{""lp_name"": ""lp_business_emails""}",2026-02-22 03:24:37+00:00,2026-02-22,lp_business_emails,,,True
9e5ef908-b43,u_01769,did_click_lp,"{""lp_name"": ""lp_academic_writing""}",2026-02-07 14:38:30+00:00,2026-02-07,lp_academic_writing,,,True
1a3e03b9-37d,u_01770,did_click_lp,"{""lp_name"": ""lp_business_emails""}",2026-02-04 04:11:07+00:00,2026-02-04,lp_business_emails,,,True
f8f7188c-8cf,u_01770,did_install_grammarly,{},2026-02-04 04:24:07+00:00,2026-02-04,,,,True
b0b41ce1-416,u_01771,did_click_lp,"{""lp_name"": ""lp_academic_writing""}",2026-02-24 07:30:22+00:00,2026-02-24,lp_academic_writing,,,True
bf1620a7-979,u_01772,did_click_lp,"{""lp_name"": ""lp_academic_writing""}",2026-02-19 18:45:57+00:00,2026-02-19,lp_academic_writing,,,True
fe919349-aa4,u_01772,did_click_lp,"{""lp_name"": ""lp_academic_writing""}",2026-02-25 12:11:25+00:00,2026-02-25,lp_academic_writing,,,True
5e20fdea-b6d,u_01773,did_click_lp,"{""lp_name"": ""lp_academic_writing""}",2026-02-20 11:44:43+00:00,2026-02-20,lp_academic_writing,,,True
22f5110c-97e,u_01774,did_click_lp,"{""lp_name"": ""lp_academic_writing""}",2026-02-21 15:18:16+00:00,2026-02-21,lp_academic_writing,,,True
9ec81b46-354,u_01775,did_click_lp,"{""lp_name"": ""lp_business_emails""}",2026-02-22 22:06:30+00:00,2026-02-22,lp_business_emails,,,True
789282bc-818,u_01776,did_click_lp,"{""lp_name"": ""lp_business_emails""}",2026-02-09 18:50:46+00:00,2026-02-09,lp_business_emails,,,True
e7dbad8b-57b,u_01777,did_click_lp,"{""lp_name"": ""lp_academic_writing""}",2026-02-16 23:26:52+00:00,2026-02-16,lp_academic_writing,,,True
c5bdb79d-a38,u_01777,did_install_grammarly,{},2026-02-16 23:35:52+00:00,2026-02-16,,,,True
e07467b7-bc3,u_01777,try_grammarly,"{""product_feature"": ""academic_citation_helper""}",2026-02-17 00:25:52+00:00,2026-02-17,,academic_citation_helper,,True
7e87c580-d8b,u_01777,try_grammarly,"{""product_feature"": ""academic_citation_helper""}",2026-02-17 22:32:55+00:00,2026-02-17,,academic_citation_helper,,True
294d9bf2-70a,u_01777,try_grammarly,"{""product_feature"": ""academic_citation_helper""}",2026-02-18 22:13:29+00:00,2026-02-18,,academic_citation_helper,,True
bf205180-885,u_01778,did_click_lp,"{""lp_name"": ""lp_business_emails""}",2026-02-05 14:40:24+00:00,2026-02-05,lp_business_emails,,,True
49545e5f-8cd,u_01779,did_click_lp,"{""lp_name"": ""lp_academic_writing""}",2026-02-03 08:34:13+00:00,2026-02-03,lp_academic_writing,,,True
2bd238d3-f72,u_01780,did_click_lp,"{""lp_name"": ""lp_business_emails""}",2026-02-22 16:00:25+00:00,2026-02-22,lp_business_emails,,,True
be7967af-d72,u_01781,did_click_lp,"{""lp_name"": ""lp_business_emails""}",2026-02-23 14:15:05+00:00,2026-02-23,lp_business_emails,,,True
41fb696f-9a1,u_01781,did_install_grammarly,{},2026-02-23 14:22:05+00:00,2026-02-23,,,,True
84f7e279-bfd,u_01781,try_grammarly,"{""product_feature"": ""smart_email_reply""}",2026-02-23 14:59:05+00:00,2026-02-23,,smart_email_reply,,True
a40b363a-ead,u_01782,did_click_lp,"{""lp_name"": ""lp_business_emails""}",2026-02-17 06:09:53+00:00,2026-02-17,lp_business_emails,,,True
d663a569-69d,u_01783,did_click_lp,"{""lp_name"": ""lp_business_emails""}",2026-02-05 14:34:56+00:00,2026-02-05,lp_business_emails,,,True
c31dfcbb-3bf,u_01783,did_install_grammarly,{},2026-02-05 14:37:56+00:00,2026-02-05,,,,True
54436031-509,u_01783,try_grammarly,"{""product_feature"": ""smart_email_reply""}",2026-02-05 15:26:56+00:00,2026-02-05,,smart_email_reply,,True
2cae8a14-1d7,u_01784,did_click_lp,"{""lp_name"": ""lp_business_emails""}",2026-02-18 07:05:21+00:00,2026-02-18,lp_business_emails,,,True
1679866b-24c,u_01784,did_install_grammarly,{},2026-02-18 07:16:21+00:00,2026-02-18,,,,True
a0cf85a4-f57,u_01785,did_click_lp,"{""lp_name"": ""lp_business_emails""}",2026-02-27 17:48:34+00:00,2026-02-27,lp_business_emails,,,True
da7213dc-fbe,u_01786,did_click_lp,"{""lp_name"": ""lp_business_emails""}",2026-02-17 04:25:24+00:00,2026-02-17,lp_business_emails,,,True
4cd2f348-0b2,u_01787,did_click_lp,"{""lp_name"": ""lp_business_emails""}",2026-02-17 09:41:08+00:00,2026-02-17,lp_business_emails,,,True
d56fa960-5af,u_01787,did_install_grammarly,{},2026-02-17 09:51:08+00:00,2026-02-17,,,,True
d3f83bd6-628,u_01787,try_grammarly,"{""product_feature"": ""smart_email_reply""}",2026-02-17 10:41:08+00:00,2026-02-17,,smart_email_reply,,True
346a9d01-b8e,u_01788,did_click_lp,"{""lp_name"": ""lp_business_emails""}",2026-02-05 19:36:58+00:00,2026-02-05,lp_business_emails,,,True
09a55579-abd,u_01789,did_click_lp,"{""lp_name"": ""lp_academic_writing""}",2026-02-14 23:31:48+00:00,2026-02-14,lp_academic_writing,,,True
f7ff6e09-a53,u_01790,did_click_lp,"{""lp_name"": ""lp_business_emails""}",2026-02-27 15:02:16+00:00,2026-02-27,lp_business_emails,,,True
ae14519e-afa,u_01791,did_click_lp,"{""lp_name"": ""lp_academic_writing""}",2026-02-15 20:25:27+00:00,2026-02-15,lp_academic_writing,,,True
afa2667b-f15,u_01791,did_install_grammarly,{},2026-02-15 20:32:27+00:00,2026-02-15,,,,True
1503c262-791,u_01792,did_click_lp,"{""lp_name"": ""lp_academic_writing""}",2026-02-01 08:50:13+00:00,2026-02-01,lp_academic_writing,,,True
9dbe9365-cd5,u_01792,did_install_grammarly,{},2026-02-01 09:00:13+00:00,2026-02-01,,,,True
214503d6-de2,u_01792,try_grammarly,"{""product_feature"": ""academic_citation_helper""}",2026-02-01 09:39:13+00:00,2026-02-01,,academic_citation_helper,,True
545dd59a-0a5,u_01792,try_grammarly,"{""product_feature"": ""academic_citation_helper""}",2026-02-02 12:37:02+00:00,2026-02-02,,academic_citation_helper,,True
01a19838-537,u_01792,try_grammarly,"{""product_feature"": ""academic_citation_helper""}",2026-02-03 00:21:27+00:00,2026-02-03,,academic_citation_helper,,True
c2b14900-87a,u_01792,try_grammarly,"{""product_feature"": ""academic_citation_helper""}",2026-02-04 16:20:24+00:00,2026-02-04,,academic_citation_helper,,True
3d101c0c-d38,u_01793,did_click_lp,"{""lp_name"": ""lp_academic_writing""}",2026-02-13 15:37:08+00:00,2026-02-13,lp_academic_writing,,,True
4774442c-bd4,u_01793,did_install_grammarly,{},2026-02-13 15:46:08+00:00,2026-02-13,,,,True
0ef72527-698,u_01794,did_click_lp,"{""lp_name"": ""lp_business_emails""}",2026-02-22 13:13:02+00:00,2026-02-22,lp_business_emails,,,True
43ee9ec3-1f2,u_01795,did_click_lp,"{""lp_name"": ""lp_business_emails""}",2026-02-24 12:51:39+00:00,2026-02-24,lp_business_emails,,,True
fce6ef52-88f,u_01796,did_click_lp,"{""lp_name"": ""lp_academic_writing""}",2026-02-21 13:17:53+00:00,2026-02-21,lp_academic_writing,,,True
f146ae75-5a7,u_01796,did_install_grammarly,{},2026-02-21 13:23:53+00:00,2026-02-21,,,,True
6d39b88d-fcb,u_01797,did_click_lp,"{""lp_name"": ""lp_academic_writing""}",2026-02-15 18:27:24+00:00,2026-02-15,lp_academic_writing,,,True
ef580bd9-751,u_01797,did_install_grammarly,{},2026-02-15 18:31:24+00:00,2026-02-15,,,,True
8e356579-ffb,u_01797,try_grammarly,"{""product_feature"": ""academic_citation_helper""}",2026-02-15 19:24:24+00:00,2026-02-15,,academic_citation_helper,,True
0f12968f-7b4,u_01797,try_grammarly,"{""product_feature"": ""academic_citation_helper""}",2026-02-16 02:36:06+00:00,2026-02-16,,academic_citation_helper,,True
2e3614f8-799,u_01798,did_click_lp,"{""lp_name"": ""lp_academic_writing""}",2026-02-10 09:36:17+00:00,2026-02-10,lp_academic_writing,,,True
bb5aa290-9df,u_01799,did_click_lp,"{""lp_name"": ""lp_business_emails""}",2026-02-05 23:56:24+00:00,2026-02-05,lp_business_emails,,,True
d554970e-a94,u_01800,did_click_lp,"{""lp_name"": ""lp_academic_writing""}",2026-02-08 19:07:49+00:00,2026-02-08,lp_academic_writing,,,True
0a7d0468-8d1,u_01801,did_click_lp,"{""lp_name"": ""lp_business_emails""}",2026-02-28 09:23:09+00:00,2026-02-28,lp_business_emails,,,True
e486e0a4-d26,u_01801,did_install_grammarly,{},2026-02-28 09:35:09+00:00,2026-02-28,,,,True
409da9a2-2a8,u_01801,try_grammarly,"{""product_feature"": ""smart_email_reply""}",2026-02-28 10:25:09+00:00,2026-02-28,,smart_email_reply,,True
2120a060-8ff,u_01802,did_click_lp,"{""lp_name"": ""lp_business_emails""}",2026-02-09 23:18:52+00:00,2026-02-09,lp_business_emails,,,True
7daa8041-e84,u_01803,did_click_lp,"{""lp_name"": ""lp_business_emails""}",2026-02-03 20:31:35+00:00,2026-02-03,lp_business_emails,,,True
63cc13e5-6dc,u_01804,did_click_lp,"{""lp_name"": ""lp_business_emails""}",2026-02-09 12:07:41+00:00,2026-02-09,lp_business_emails,,,True
d0d991a3-b4a,u_01804,did_install_grammarly,{},2026-02-09 12:08:41+00:00,2026-02-09,,,,True
cf97bd31-7e0,u_01804,try_grammarly,"{""product_feature"": ""smart_email_reply""}",2026-02-09 12:52:41+00:00,2026-02-09,,smart_email_reply,,True
13b05e56-fe1,u_01805,did_click_lp,"{""lp_name"": ""lp_business_emails""}",2026-02-27 23:21:40+00:00,2026-02-27,lp_business_emails,,,True
63e2e489-7d5,u_01806,did_click_lp,"{""lp_name"": ""lp_business_emails""}",2026-02-01 15:20:57+00:00,2026-02-01,lp_business_emails,,,True
ef19d77a-a5a,u_01806,did_install_grammarly,{},2026-02-01 15:31:57+00:00,2026-02-01,,,,True
d7a68e89-ccc,u_01806,try_grammarly,"{""product_feature"": ""smart_email_reply""}",2026-02-01 15:53:57+00:00,2026-02-01,,smart_email_reply,,True
f8f43bb4-d7c,u_01807,did_click_lp,"{""lp_name"": ""lp_academic_writing""}",2026-02-11 00:09:57+00:00,2026-02-11,lp_academic_writing,,,True
6c15833d-947,u_01808,did_click_lp,"{""lp_name"": ""lp_academic_writing""}",2026-02-22 19:12:04+00:00,2026-02-22,lp_academic_writing,,,True
b740b585-9af,u_01808,did_install_grammarly,{},2026-02-22 19:19:04+00:00,2026-02-22,,,,True
ae2aeb0e-632,u_01808,try_grammarly,"{""product_feature"": ""academic_citation_helper""}",2026-02-22 20:05:04+00:00,2026-02-22,,academic_citation_helper,,True
6d9308d3-f97,u_01809,did_click_lp,"{""lp_name"": ""lp_academic_writing""}",2026-02-06 00:40:45+00:00,2026-02-06,lp_academic_writing,,,True
3e87dd28-815,u_01810,did_click_lp,"{""lp_name"": ""lp_business_emails""}",2026-02-21 14:47:47+00:00,2026-02-21,lp_business_emails,,,True
0518283f-344,u_01811,did_click_lp,"{""lp_name"": ""lp_business_emails""}",2026-02-20 18:01:28+00:00,2026-02-20,lp_business_emails,,,True
8c7c6b98-73f,u_01812,did_click_lp,"{""lp_name"": ""lp_business_emails""}",2026-02-13 01:10:36+00:00,2026-02-13,lp_business_emails,,,True
e0864e08-9b6,u_01813,did_click_lp,"{""lp_name"": ""lp_business_emails""}",2026-02-16 20:54:31+00:00,2026-02-16,lp_business_emails,,,True
d0c551f0-9c2,u_01814,did_click_lp,"{""lp_name"": ""lp_business_emails""}",2026-02-15 11:56:13+00:00,2026-02-15,lp_business_emails,,,True
8480416b-4fa,u_01815,did_click_lp,"{""lp_name"": ""lp_academic_writing""}",2026-02-23 08:06:02+00:00,2026-02-23,lp_academic_writing,,,True
2cab0981-40d,u_01815,did_install_grammarly,{},2026-02-23 08:16:02+00:00,2026-02-23,,,,True
065531b8-275,u_01816,did_click_lp,"{""lp_name"": ""lp_business_emails""}",2026-02-13 20:24:16+00:00,2026-02-13,lp_business_emails,,,True
1e791ff2-de1,u_01817,did_click_lp,"{""lp_name"": ""lp_academic_writing""}",2026-02-16 18:00:31+00:00,2026-02-16,lp_academic_writing,,,True
d9ec6517-6ed,u_01818,did_click_lp,"{""lp_name"": ""lp_business_emails""}",2026-02-07 16:51:32+00:00,2026-02-07,lp_business_emails,,,True
949a4718-fae,u_01818,did_install_grammarly,{},2026-02-07 17:04:32+00:00,2026-02-07,,,,True
06ca96cb-b7b,u_01818,try_grammarly,"{""product_feature"": ""smart_email_reply""}",2026-02-07 17:51:32+00:00,2026-02-07,,smart_email_reply,,True
8034b52b-aa1,u_01819,did_click_lp,"{""lp_name"": ""lp_academic_writing""}",2026-02-27 17:57:18+00:00,2026-02-27,lp_academic_writing,,,True
1bd7f1d8-6ae,u_01820,did_click_lp,"{""lp_name"": ""lp_academic_writing""}",2026-02-20 10:59:53+00:00,2026-02-20,lp_academic_writing,,,True
0d5df4d6-75b,u_01821,did_click_lp,"{""lp_name"": ""lp_academic_writing""}",2026-02-06 09:53:14+00:00,2026-02-06,lp_academic_writing,,,True
a10976d2-7e6,u_01822,did_click_lp,"{""lp_name"": ""lp_academic_writing""}",2026-02-21 23:40:56+00:00,2026-02-21,lp_academic_writing,,,True
4a1ce02a-e36,u_01823,did_click_lp,"{""lp_name"": ""lp_academic_writing""}",2026-02-26 19:00:07+00:00,2026-02-26,lp_academic_writing,,,True
0acdf1ba-3a3,u_01823,did_install_grammarly,{},2026-02-26 19:06:07+00:00,2026-02-26,,,,True
b2f7f1ab-efb,u_01824,did_click_lp,"{""lp_name"": ""lp_academic_writing""}",2026-02-13 21:12:19+00:00,2026-02-13,lp_academic_writing,,,True
9cd75a06-98d,u_01825,did_click_lp,"{""lp_name"": ""lp_academic_writing""}",2026-02-28 22:39:40+00:00,2026-02-28,lp_academic_writing,,,True
fcda2b32-072,u_01826,did_click_lp,"{""lp_name"": ""lp_academic_writing""}",2026-02-11 05:36:27+00:00,2026-02-11,lp_academic_writing,,,True
2cd42280-581,u_01826,did_install_grammarly,{},2026-02-11 05:43:27+00:00,2026-02-11,,,,True
baabfeb4-789,u_01826,try_grammarly,"{""product_feature"": ""academic_citation_helper""}",2026-02-11 06:29:27+00:00,2026-02-11,,academic_citation_helper,,True
9a15e957-513,u_01826,try_grammarly,"{""product_feature"": ""academic_citation_helper""}",2026-02-12 01:51:59+00:00,2026-02-12,,academic_citation_helper,,True
095fe9ae-087,u_01826,try_grammarly,"{""product_feature"": ""academic_citation_helper""}",2026-02-13 04:40:24+00:00,2026-02-13,,academic_citation_helper,,True
78c84a2f-b1f,u_01827,did_click_lp,"{""lp_name"": ""lp_business_emails""}",2026-02-17 06:23:24+00:00,2026-02-17,lp_business_emails,,,True
f4f85409-57c,u_01828,did_click_lp,"{""lp_name"": ""lp_academic_writing""}",2026-02-23 10:32:59+00:00,2026-02-23,lp_academic_writing,,,True
f46ab3a8-8df,u_01829,did_click_lp,"{""lp_name"": ""lp_academic_writing""}",2026-02-07 01:13:55+00:00,2026-02-07,lp_academic_writing,,,True
a6cfffe2-62d,u_01829,did_install_grammarly,{},2026-02-07 01:20:55+00:00,2026-02-07,,,,True
31bffd8c-de9,u_01829,try_grammarly,"{""product_feature"": ""academic_citation_helper""}",2026-02-07 02:05:55+00:00,2026-02-07,,academic_citation_helper,,True
ccfb5ca4-ce5,u_01829,try_grammarly,"{""product_feature"": ""academic_citation_helper""}",2026-02-08 04:04:17+00:00,2026-02-08,,academic_citation_helper,,True
51cd01d8-695,u_01829,try_grammarly,"{""product_feature"": ""academic_citation_helper""}",2026-02-09 09:55:45+00:00,2026-02-09,,academic_citation_helper,,True
f9e3beb8-b93,u_01830,did_click_lp,"{""lp_name"": ""lp_business_emails""}",2026-02-01 20:02:55+00:00,2026-02-01,lp_business_emails,,,True
01b7cbca-699,u_01831,did_click_lp,"{""lp_name"": ""lp_academic_writing""}",2026-02-15 18:08:05+00:00,2026-02-15,lp_academic_writing,,,True
57f7b2d7-bd0,u_01832,did_click_lp,"{""lp_name"": ""lp_academic_writing""}",2026-02-20 11:34:30+00:00,2026-02-20,lp_academic_writing,,,True
e2c260a9-1e0,u_01832,did_install_grammarly,{},2026-02-20 11:38:30+00:00,2026-02-20,,,,True
ebb51ee3-552,u_01832,try_grammarly,"{""product_feature"": ""academic_citation_helper""}",2026-02-20 12:31:30+00:00,2026-02-20,,academic_citation_helper,,True
22f0bdd9-64e,u_01833,did_click_lp,"{""lp_name"": ""lp_academic_writing""}",2026-02-17 15:04:33+00:00,2026-02-17,lp_academic_writing,,,True
9c4423fe-1a0,u_01834,did_click_lp,"{""lp_name"": ""lp_academic_writing""}",2026-02-25 04:18:29+00:00,2026-02-25,lp_academic_writing,,,True
f3e7c4b6-615,u_01834,did_install_grammarly,{},2026-02-25 04:27:29+00:00,2026-02-25,,,,True
d5057ffc-748,u_01835,did_click_lp,"{""lp_name"": ""lp_academic_writing""}",2026-02-04 22:03:59+00:00,2026-02-04,lp_academic_writing,,,True
ff8f1ca2-329,u_01836,did_click_lp,"{""lp_name"": ""lp_business_emails""}",2026-02-14 00:32:55+00:00,2026-02-14,lp_business_emails,,,True
6dad13db-e76,u_01837,did_click_lp,"{""lp_name"": ""lp_academic_writing""}",2026-02-08 04:00:59+00:00,2026-02-08,lp_academic_writing,,,True
a54211b6-366,u_01838,did_click_lp,"{""lp_name"": ""lp_business_emails""}",2026-02-16 11:15:44+00:00,2026-02-16,lp_business_emails,,,True
c6ab1db6-af3,u_01839,did_click_lp,"{""lp_name"": ""lp_academic_writing""}",2026-02-06 02:23:12+00:00,2026-02-06,lp_academic_writing,,,True
c242bead-7b2,u_01839,did_install_grammarly,{},2026-02-06 02:33:12+00:00,2026-02-06,,,,True
8c6d49a6-685,u_01840,did_click_lp,"{""lp_name"": ""lp_business_emails""}",2026-02-22 08:31:21+00:00,2026-02-22,lp_business_emails,,,True
df61cc2c-221,u_01841,did_click_lp,"{""lp_name"": ""lp_academic_writing""}",2026-02-15 15:07:54+00:00,2026-02-15,lp_academic_writing,,,True
2dd8e0de-66c,u_01842,did_click_lp,"{""lp_name"": ""lp_academic_writing""}",2026-02-12 04:23:28+00:00,2026-02-12,lp_academic_writing,,,True
d700997b-142,u_01843,did_click_lp,"{""lp_name"": ""lp_academic_writing""}",2026-02-28 23:46:19+00:00,2026-02-28,lp_academic_writing,,,True
a56629c7-899,u_01843,did_install_grammarly,{},2026-02-28 23:55:19+00:00,2026-02-28,,,,True
bef52346-6ef,u_01844,did_click_lp,"{""lp_name"": ""lp_business_emails""}",2026-02-24 01:53:23+00:00,2026-02-24,lp_business_emails,,,True
4140f330-7d8,u_01845,did_click_lp,"{""lp_name"": ""lp_business_emails""}",2026-02-21 16:59:21+00:00,2026-02-21,lp_business_emails,,,True
822ef37c-fdf,u_01845,did_install_grammarly,{},2026-02-21 17:14:21+00:00,2026-02-21,,,,True
0490e822-ed3,u_01845,try_grammarly,"{""product_feature"": ""smart_email_reply""}",2026-02-21 17:38:21+00:00,2026-02-21,,smart_email_reply,,True
c29fbfe3-584,u_01846,did_click_lp,"{""lp_name"": ""lp_business_emails""}",2026-02-14 01:15:09+00:00,2026-02-14,lp_business_emails,,,True
05d2a658-8a1,u_01847,did_click_lp,"{""lp_name"": ""lp_business_emails""}",2026-02-02 09:42:08+00:00,2026-02-02,lp_business_emails,,,True
9b7996ae-ede,u_01848,did_click_lp,"{""lp_name"": ""lp_academic_writing""}",2026-02-16 12:22:37+00:00,2026-02-16,lp_academic_writing,,,True
2f0bde00-7b7,u_01849,did_click_lp,"{""lp_name"": ""lp_academic_writing""}",2026-02-01 15:10:34+00:00,2026-02-01,lp_academic_writing,,,True
ea40fc38-b20,u_01849,did_install_grammarly,{},2026-02-01 15:17:34+00:00,2026-02-01,,,,True
874ed924-6d4,u_01850,did_click_lp,"{""lp_name"": ""lp_business_emails""}",2026-02-25 23:42:20+00:00,2026-02-25,lp_business_emails,,,True
ed3ff6c0-3e3,u_01850,did_install_grammarly,{},2026-02-25 23:52:20+00:00,2026-02-25,,,,True
7b5dad46-a53,u_01850,try_grammarly,"{""product_feature"": ""smart_email_reply""}",2026-02-26 00:29:20+00:00,2026-02-26,,smart_email_reply,,True
a2deddeb-bb9,u_01851,did_click_lp,"{""lp_name"": ""lp_academic_writing""}",2026-02-13 03:14:53+00:00,2026-02-13,lp_academic_writing,,,True
48a049ad-95e,u_01852,did_click_lp,"{""lp_name"": ""lp_academic_writing""}",2026-02-12 07:41:17+00:00,2026-02-12,lp_academic_writing,,,True
919026f5-5ba,u_01852,did_install_grammarly,{},2026-02-12 07:48:17+00:00,2026-02-12,,,,True
139c96fc-985,u_01852,try_grammarly,"{""product_feature"": ""academic_citation_helper""}",2026-02-12 07:59:17+00:00,2026-02-12,,academic_citation_helper,,True
afb126ee-b30,u_01852,try_grammarly,"{""product_feature"": ""academic_citation_helper""}",2026-02-13 23:38:07+00:00,2026-02-13,,academic_citation_helper,,True
4d5da1dd-1fb,u_01852,try_grammarly,"{""product_feature"": ""academic_citation_helper""}",2026-02-14 20:52:12+00:00,2026-02-14,,academic_citation_helper,,True
66eae023-d4e,u_01852,try_grammarly,"{""product_feature"": ""academic_citation_helper""}",2026-02-16 03:04:34+00:00,2026-02-16,,academic_citation_helper,,True
2dcc648f-406,u_01853,did_click_lp,"{""lp_name"": ""lp_academic_writing""}",2026-02-07 04:33:48+00:00,2026-02-07,lp_academic_writing,,,True
42b89725-39d,u_01853,did_install_grammarly,{},2026-02-07 04:34:48+00:00,2026-02-07,,,,True
ff981d3e-158,u_01854,did_click_lp,"{""lp_name"": ""lp_academic_writing""}",2026-02-12 14:09:15+00:00,2026-02-12,lp_academic_writing,,,True
1d794f78-d88,u_01854,did_install_grammarly,{},2026-02-12 14:14:15+00:00,2026-02-12,,,,True
a2cd477b-c99,u_01855,did_click_lp,"{""lp_name"": ""lp_academic_writing""}",2026-02-11 17:49:39+00:00,2026-02-11,lp_academic_writing,,,True
727f8a51-481,u_01856,did_click_lp,"{""lp_name"": ""lp_academic_writing""}",2026-02-26 15:01:48+00:00,2026-02-26,lp_academic_writing,,,True
fabc4113-b75,u_01856,did_install_grammarly,{},2026-02-26 15:03:48+00:00,2026-02-26,,,,True
5e6280d1-d30,u_01857,did_click_lp,"{""lp_name"": ""lp_academic_writing""}",2026-02-13 18:26:15+00:00,2026-02-13,lp_academic_writing,,,True
98031607-b4c,u_01858,did_click_lp,"{""lp_name"": ""lp_business_emails""}",2026-02-06 16:17:21+00:00,2026-02-06,lp_business_emails,,,True
37fb59a6-fb1,u_01859,did_click_lp,"{""lp_name"": ""lp_business_emails""}",2026-02-11 23:56:50+00:00,2026-02-11,lp_business_emails,,,True
731f37c5-070,u_01859,did_install_grammarly,{},2026-02-11 23:57:50+00:00,2026-02-11,,,,True
eaafbbab-c05,u_01859,try_grammarly,"{""product_feature"": ""smart_email_reply""}",2026-02-12 00:33:50+00:00,2026-02-12,,smart_email_reply,,True
4f8ec626-b9d,u_01860,did_click_lp,"{""lp_name"": ""lp_business_emails""}",2026-02-09 14:09:18+00:00,2026-02-09,lp_business_emails,,,True
780a21b2-77d,u_01860,did_install_grammarly,{},2026-02-09 14:16:18+00:00,2026-02-09,,,,True
3ac0f345-631,u_01860,try_grammarly,"{""product_feature"": ""smart_email_reply""}",2026-02-09 14:30:18+00:00,2026-02-09,,smart_email_reply,,True
cff829b2-050,u_01861,did_click_lp,"{""lp_name"": ""lp_academic_writing""}",2026-02-09 20:45:57+00:00,2026-02-09,lp_academic_writing,,,True
d07e18d8-dc0,u_01862,did_click_lp,"{""lp_name"": ""lp_academic_writing""}",2026-02-17 06:45:12+00:00,2026-02-17,lp_academic_writing,,,True
f9e15241-9fe,u_01863,did_click_lp,"{""lp_name"": ""lp_business_emails""}",2026-02-27 00:12:25+00:00,2026-02-27,lp_business_emails,,,True
498757ad-8ac,u_01863,did_install_grammarly,{},2026-02-27 00:25:25+00:00,2026-02-27,,,,True
dfe395fa-978,u_01864,did_click_lp,"{""lp_name"": ""lp_business_emails""}",2026-02-13 12:34:15+00:00,2026-02-13,lp_business_emails,,,True
e1116a29-a5f,u_01865,did_click_lp,"{""lp_name"": ""lp_academic_writing""}",2026-02-20 03:52:35+00:00,2026-02-20,lp_academic_writing,,,True
c1b9b425-09c,u_01865,did_install_grammarly,{},2026-02-20 03:54:35+00:00,2026-02-20,,,,True
11353cb5-a9b,u_01865,try_grammarly,"{""product_feature"": ""academic_citation_helper""}",2026-02-20 04:06:35+00:00,2026-02-20,,academic_citation_helper,,True
44436528-cfe,u_01866,did_click_lp,"{""lp_name"": ""lp_business_emails""}",2026-02-14 21:07:09+00:00,2026-02-14,lp_business_emails,,,True
0f4c09cd-7f7,u_01867,did_click_lp,"{""lp_name"": ""lp_academic_writing""}",2026-02-10 23:12:30+00:00,2026-02-10,lp_academic_writing,,,True
1cda59ef-8cd,u_01867,did_install_grammarly,{},2026-02-10 23:16:30+00:00,2026-02-10,,,,True
b1278b60-898,u_01867,try_grammarly,"{""product_feature"": ""academic_citation_helper""}",2026-02-10 23:58:30+00:00,2026-02-10,,academic_citation_helper,,True
22e0feb3-fa5,u_01868,did_click_lp,"{""lp_name"": ""lp_academic_writing""}",2026-02-03 22:17:09+00:00,2026-02-03,lp_academic_writing,,,True
57d2abd0-2af,u_01869,did_click_lp,"{""lp_name"": ""lp_academic_writing""}",2026-02-26 02:20:54+00:00,2026-02-26,lp_academic_writing,,,True
ab10aea4-4f3,u_01869,did_install_grammarly,{},2026-02-26 02:27:54+00:00,2026-02-26,,,,True
2f78b8a1-520,u_01869,try_grammarly,"{""product_feature"": ""academic_citation_helper""}",2026-02-26 03:00:54+00:00,2026-02-26,,academic_citation_helper,,True
2315e6ae-aa4,u_01870,did_click_lp,"{""lp_name"": ""lp_business_emails""}",2026-02-15 22:44:01+00:00,2026-02-15,lp_business_emails,,,True
4c2645aa-0ad,u_01871,did_click_lp,"{""lp_name"": ""lp_business_emails""}",2026-02-11 23:53:51+00:00,2026-02-11,lp_business_emails,,,True
8639249e-3b4,u_01871,did_install_grammarly,{},2026-02-12 00:08:51+00:00,2026-02-12,,,,True
7ad1999f-fd1,u_01871,try_grammarly,"{""product_feature"": ""smart_email_reply""}",2026-02-12 00:53:51+00:00,2026-02-12,,smart_email_reply,,True
f38ffd7b-bd0,u_01872,did_click_lp,"{""lp_name"": ""lp_business_emails""}",2026-02-24 19:18:17+00:00,2026-02-24,lp_business_emails,,,True
55ea5932-133,u_01873,did_click_lp,"{""lp_name"": ""lp_business_emails""}",2026-02-22 11:28:06+00:00,2026-02-22,lp_business_emails,,,True
c655264f-9e8,u_01873,did_install_grammarly,{},2026-02-22 11:29:06+00:00,2026-02-22,,,,True
ee7861ad-51d,u_01874,did_click_lp,"{""lp_name"": ""lp_academic_writing""}",2026-02-16 17:02:32+00:00,2026-02-16,lp_academic_writing,,,True
aff88401-2ef,u_01874,did_install_grammarly,{},2026-02-16 17:05:32+00:00,2026-02-16,,,,True
bff9cd7e-c99,u_01874,try_grammarly,"{""product_feature"": ""academic_citation_helper""}",2026-02-16 17:17:32+00:00,2026-02-16,,academic_citation_helper,,True
5f4140fd-023,u_01874,try_grammarly,"{""product_feature"": ""academic_citation_helper""}",2026-02-17 14:20:44+00:00,2026-02-17,,academic_citation_helper,,True
65ef4dd1-974,u_01874,try_grammarly,"{""product_feature"": ""academic_citation_helper""}",2026-02-18 21:13:24+00:00,2026-02-18,,academic_citation_helper,,True
132a7eef-a67,u_01875,did_click_lp,"{""lp_name"": ""lp_business_emails""}",2026-02-26 03:51:59+00:00,2026-02-26,lp_business_emails,,,True
1f385b1c-f29,u_01875,did_install_grammarly,{},2026-02-26 03:56:59+00:00,2026-02-26,,,,True
3c91f7a2-7f9,u_01875,try_grammarly,"{""product_feature"": ""smart_email_reply""}",2026-02-26 04:42:59+00:00,2026-02-26,,smart_email_reply,,True
a22c7f2e-a0b,u_01876,did_click_lp,"{""lp_name"": ""lp_academic_writing""}",2026-02-07 10:12:12+00:00,2026-02-07,lp_academic_writing,,,True
8687744b-e52,u_01876,did_install_grammarly,{},2026-02-07 10:21:12+00:00,2026-02-07,,,,True
689131ab-0ce,u_01876,try_grammarly,"{""product_feature"": ""academic_citation_helper""}",2026-02-07 10:54:12+00:00,2026-02-07,,academic_citation_helper,,True
c3cd2eb2-c0c,u_01876,try_grammarly,"{""product_feature"": ""academic_citation_helper""}",2026-02-08 08:09:10+00:00,2026-02-08,,academic_citation_helper,,True
59410369-251,u_01876,try_grammarly,"{""product_feature"": ""academic_citation_helper""}",2026-02-09 00:39:35+00:00,2026-02-09,,academic_citation_helper,,True
a62eeab5-6d4,u_01877,did_click_lp,"{""lp_name"": ""lp_academic_writing""}",2026-02-04 06:28:26+00:00,2026-02-04,lp_academic_writing,,,True
81367f2a-52d,u_01878,did_click_lp,"{""lp_name"": ""lp_business_emails""}",2026-02-15 13:00:07+00:00,2026-02-15,lp_business_emails,,,True
f526f850-0a0,u_01878,did_install_grammarly,{},2026-02-15 13:01:07+00:00,2026-02-15,,,,True
b1cf6803-54b,u_01879,did_click_lp,"{""lp_name"": ""lp_academic_writing""}",2026-02-08 19:28:58+00:00,2026-02-08,lp_academic_writing,,,True
614b5b7c-663,u_01879,did_install_grammarly,{},2026-02-08 19:38:58+00:00,2026-02-08,,,,True
57f379b6-f43,u_01880,did_click_lp,"{""lp_name"": ""lp_business_emails""}",2026-02-25 23:00:13+00:00,2026-02-25,lp_business_emails,,,True
7866a86c-0bf,u_01881,did_click_lp,"{""lp_name"": ""lp_academic_writing""}",2026-02-22 19:09:07+00:00,2026-02-22,lp_academic_writing,,,True
8ef4a11e-5c1,u_01882,did_click_lp,"{""lp_name"": ""lp_business_emails""}",2026-02-17 01:23:25+00:00,2026-02-17,lp_business_emails,,,True
69c4a5ac-c6d,u_01883,did_click_lp,"{""lp_name"": ""lp_business_emails""}",2026-02-09 10:12:01+00:00,2026-02-09,lp_business_emails,,,True
47104c0d-9c6,u_01884,did_click_lp,"{""lp_name"": ""lp_business_emails""}",2026-02-05 05:47:52+00:00,2026-02-05,lp_business_emails,,,True
a200b15c-be1,u_01885,did_click_lp,"{""lp_name"": ""lp_business_emails""}",2026-02-20 02:03:48+00:00,2026-02-20,lp_business_emails,,,True
3f6b6467-d90,u_01886,did_click_lp,"{""lp_name"": ""lp_business_emails""}",2026-02-17 03:44:37+00:00,2026-02-17,lp_business_emails,,,True
e6d59891-3ba,u_01887,did_click_lp,"{""lp_name"": ""lp_academic_writing""}",2026-02-12 13:12:31+00:00,2026-02-12,lp_academic_writing,,,True
08b8212c-2b8,u_01888,did_click_lp,"{""lp_name"": ""lp_academic_writing""}",2026-02-24 11:08:44+00:00,2026-02-24,lp_academic_writing,,,True
e7a97786-537,u_01889,did_click_lp,"{""lp_name"": ""lp_business_emails""}",2026-02-08 06:31:38+00:00,2026-02-08,lp_business_emails,,,True
bd13b45a-501,u_01890,did_click_lp,"{""lp_name"": ""lp_academic_writing""}",2026-02-17 07:40:51+00:00,2026-02-17,lp_academic_writing,,,True
64da7a92-ce2,u_01891,did_click_lp,"{""lp_name"": ""lp_business_emails""}",2026-02-02 15:20:22+00:00,2026-02-02,lp_business_emails,,,True
ad7e2bfb-16d,u_01891,did_install_grammarly,{},2026-02-02 15:32:22+00:00,2026-02-02,,,,True
ddfb68cb-547,u_01891,try_grammarly,"{""product_feature"": ""smart_email_reply""}",2026-02-02 16:26:22+00:00,2026-02-02,,smart_email_reply,,True
dc5b8955-7d6,u_01892,did_click_lp,"{""lp_name"": ""lp_business_emails""}",2026-02-03 07:34:35+00:00,2026-02-03,lp_business_emails,,,True
50b7d864-153,u_01892,did_install_grammarly,{},2026-02-03 07:43:35+00:00,2026-02-03,,,,True
19ef3519-8f0,u_01893,did_click_lp,"{""lp_name"": ""lp_business_emails""}",2026-02-26 21:11:37+00:00,2026-02-26,lp_business_emails,,,True
d22c44fa-836,u_01894,did_click_lp,"{""lp_name"": ""lp_business_emails""}",2026-02-26 04:39:59+00:00,2026-02-26,lp_business_emails,,,True
b1865d9b-ac0,u_01894,did_install_grammarly,{},2026-02-26 04:54:59+00:00,2026-02-26,,,,True
7abbc0ad-b5d,u_01895,did_click_lp,"{""lp_name"": ""lp_business_emails""}",2026-02-18 14:19:59+00:00,2026-02-18,lp_business_emails,,,True
21158779-c1c,u_01896,did_click_lp,"{""lp_name"": ""lp_academic_writing""}",2026-02-11 05:43:46+00:00,2026-02-11,lp_academic_writing,,,True
401e3140-500,u_01897,did_click_lp,"{""lp_name"": ""lp_business_emails""}",2026-02-08 05:30:59+00:00,2026-02-08,lp_business_emails,,,True
e95da7ad-291,u_01898,did_click_lp,"{""lp_name"": ""lp_academic_writing""}",2026-02-17 15:27:13+00:00,2026-02-17,lp_academic_writing,,,True
0801e548-f7c,u_01898,did_install_grammarly,{},2026-02-17 15:29:13+00:00,2026-02-17,,,,True
8caed563-cab,u_01899,did_click_lp,"{""lp_name"": ""lp_academic_writing""}",2026-02-19 01:11:38+00:00,2026-02-19,lp_academic_writing,,,True
287bee24-b59,u_01899,did_install_grammarly,{},2026-02-19 01:21:38+00:00,2026-02-19,,,,True
4bdfec71-a79,u_01899,try_grammarly,"{""product_feature"": ""academic_citation_helper""}",2026-02-19 02:02:38+00:00,2026-02-19,,academic_citation_helper,,True
8e36e285-0b1,u_01899,try_grammarly,"{""product_feature"": ""academic_citation_helper""}",2026-02-20 15:09:21+00:00,2026-02-20,,academic_citation_helper,,True
eba63e35-788,u_01900,did_click_lp,"{""lp_name"": ""lp_academic_writing""}",2026-02-21 07:52:13+00:00,2026-02-21,lp_academic_writing,,,True
2a1b9c2a-2e4,u_01901,did_click_lp,"{""lp_name"": ""lp_business_emails""}",2026-02-02 16:23:01+00:00,2026-02-02,lp_business_emails,,,True
11cc0a55-959,u_01902,did_click_lp,"{""lp_name"": ""lp_academic_writing""}",2026-02-21 10:45:07+00:00,2026-02-21,lp_academic_writing,,,True
a5f70abb-18e,u_01903,did_click_lp,"{""lp_name"": ""lp_business_emails""}",2026-02-19 12:55:49+00:00,2026-02-19,lp_business_emails,,,True
dc24ce82-ca6,u_01904,did_click_lp,"{""lp_name"": ""lp_business_emails""}",2026-02-18 23:57:33+00:00,2026-02-18,lp_business_emails,,,True
e52abdf4-1b3,u_01904,did_install_grammarly,{},2026-02-18 23:58:33+00:00,2026-02-18,,,,True
2aa39ef0-622,u_01904,try_grammarly,"{""product_feature"": ""smart_email_reply""}",2026-02-19 00:42:33+00:00,2026-02-19,,smart_email_reply,,True
da224826-665,u_01905,did_click_lp,"{""lp_name"": ""lp_business_emails""}",2026-02-22 17:16:04+00:00,2026-02-22,lp_business_emails,,,True
b8595239-320,u_01906,did_click_lp,"{""lp_name"": ""lp_business_emails""}",2026-02-13 20:09:25+00:00,2026-02-13,lp_business_emails,,,True
83b7b79a-52a,u_01906,did_install_grammarly,{},2026-02-13 20:16:25+00:00,2026-02-13,,,,True
d5e630af-48c,u_01907,did_click_lp,"{""lp_name"": ""lp_academic_writing""}",2026-02-19 08:15:04+00:00,2026-02-19,lp_academic_writing,,,True
a87b12e3-276,u_01908,did_click_lp,"{""lp_name"": ""lp_business_emails""}",2026-02-17 09:40:28+00:00,2026-02-17,lp_business_emails,,,True
d3bb3485-506,u_01908,did_install_grammarly,{},2026-02-17 09:53:28+00:00,2026-02-17,,,,True
1b9f4079-6d1,u_01909,did_click_lp,"{""lp_name"": ""lp_business_emails""}",2026-02-27 16:32:58+00:00,2026-02-27,lp_business_emails,,,True
813afad1-bf7,u_01910,did_click_lp,"{""lp_name"": ""lp_business_emails""}",2026-02-01 10:39:15+00:00,2026-02-01,lp_business_emails,,,True
0514a465-3f8,u_01910,did_install_grammarly,{},2026-02-01 10:50:15+00:00,2026-02-01,,,,True
d07508da-581,u_01910,try_grammarly,"{""product_feature"": ""smart_email_reply""}",2026-02-01 10:58:15+00:00,2026-02-01,,smart_email_reply,,True
f46de4d7-5c6,u_01910,did_click_lp,"{""lp_name"": ""lp_business_emails""}",2026-02-18 14:25:19+00:00,2026-02-18,lp_business_emails,,,True
f5d8800d-ca0,u_01911,did_click_lp,"{""lp_name"": ""lp_academic_writing""}",2026-02-25 05:01:38+00:00,2026-02-25,lp_academic_writing,,,True
685469af-a93,u_01912,did_click_lp,"{""lp_name"": ""lp_academic_writing""}",2026-02-16 00:51:08+00:00,2026-02-16,lp_academic_writing,,,True
8edc0881-60e,u_01912,did_click_lp,"{""lp_name"": ""lp_academic_writing""}",2026-02-21 06:12:13+00:00,2026-02-21,lp_academic_writing,,,True
68cc28f5-bdb,u_01913,did_click_lp,"{""lp_name"": ""lp_business_emails""}",2026-02-09 12:56:24+00:00,2026-02-09,lp_business_emails,,,True
9243efa6-f3d,u_01914,did_click_lp,"{""lp_name"": ""lp_academic_writing""}",2026-02-20 04:50:13+00:00,2026-02-20,lp_academic_writing,,,True
dbe68346-199,u_01915,did_click_lp,"{""lp_name"": ""lp_business_emails""}",2026-02-20 00:46:09+00:00,2026-02-20,lp_business_emails,,,True
e0189038-b94,u_01916,did_click_lp,"{""lp_name"": ""lp_academic_writing""}",2026-02-21 12:09:53+00:00,2026-02-21,lp_academic_writing,,,True
86778efb-d7b,u_01917,did_click_lp,"{""lp_name"": ""lp_academic_writing""}",2026-02-13 14:04:40+00:00,2026-02-13,lp_academic_writing,,,True
e4e8e5e2-681,u_01918,did_click_lp,"{""lp_name"": ""lp_business_emails""}",2026-02-05 15:12:51+00:00,2026-02-05,lp_business_emails,,,True
4741dc96-5fb,u_01918,did_install_grammarly,{},2026-02-05 15:21:51+00:00,2026-02-05,,,,True
120e5080-056,u_01918,try_grammarly,"{""product_feature"": ""smart_email_reply""}",2026-02-05 16:21:51+00:00,2026-02-05,,smart_email_reply,,True
e3681203-eb8,u_01919,did_click_lp,"{""lp_name"": ""lp_academic_writing""}",2026-02-28 15:47:37+00:00,2026-02-28,lp_academic_writing,,,True
4da04f37-fd4,u_01920,did_click_lp,"{""lp_name"": ""lp_business_emails""}",2026-02-06 07:17:06+00:00,2026-02-06,lp_business_emails,,,True
81ae5d3e-d15,u_01920,did_install_grammarly,{},2026-02-06 07:28:06+00:00,2026-02-06,,,,True
7d95c718-5ec,u_01920,try_grammarly,"{""product_feature"": ""smart_email_reply""}",2026-02-06 08:08:06+00:00,2026-02-06,,smart_email_reply,,True
fd943839-e28,u_01921,did_click_lp,"{""lp_name"": ""lp_academic_writing""}",2026-02-15 04:55:45+00:00,2026-02-15,lp_academic_writing,,,True
c79a144b-469,u_01922,did_click_lp,"{""lp_name"": ""lp_academic_writing""}",2026-02-17 03:44:31+00:00,2026-02-17,lp_academic_writing,,,True
2814953c-1b5,u_01923,did_click_lp,"{""lp_name"": ""lp_business_emails""}",2026-02-19 16:43:17+00:00,2026-02-19,lp_business_emails,,,True
b5e9e23e-ae3,u_01924,did_click_lp,"{""lp_name"": ""lp_business_emails""}",2026-02-16 01:02:14+00:00,2026-02-16,lp_business_emails,,,True
d950f054-cdd,u_01925,did_click_lp,"{""lp_name"": ""lp_business_emails""}",2026-02-04 14:35:48+00:00,2026-02-04,lp_business_emails,,,True
f9305b6c-9f2,u_01925,did_install_grammarly,{},2026-02-04 14:38:48+00:00,2026-02-04,,,,True
17018b75-f99,u_01925,try_grammarly,"{""product_feature"": ""smart_email_reply""}",2026-02-04 14:52:48+00:00,2026-02-04,,smart_email_reply,,True
bb846e92-953,u_01926,did_click_lp,"{""lp_name"": ""lp_business_emails""}",2026-02-09 20:17:59+00:00,2026-02-09,lp_business_emails,,,True
cf6d9da9-272,u_01926,did_install_grammarly,{},2026-02-09 20:22:59+00:00,2026-02-09,,,,True
91afba82-1f0,u_01927,did_click_lp,"{""lp_name"": ""lp_business_emails""}",2026-02-27 05:30:24+00:00,2026-02-27,lp_business_emails,,,True
1b1fa9f6-495,u_01927,did_install_grammarly,{},2026-02-27 05:36:24+00:00,2026-02-27,,,,True
518ff6df-cc6,u_01927,try_grammarly,"{""product_feature"": ""smart_email_reply""}",2026-02-27 05:50:24+00:00,2026-02-27,,smart_email_reply,,True
b9e49ea6-cce,u_01928,did_click_lp,"{""lp_name"": ""lp_business_emails""}",2026-02-17 17:54:49+00:00,2026-02-17,lp_business_emails,,,True
7dc0cc62-2d8,u_01928,did_install_grammarly,{},2026-02-17 17:57:49+00:00,2026-02-17,,,,True
35abb2aa-eaf,u_01929,did_click_lp,"{""lp_name"": ""lp_academic_writing""}",2026-02-08 09:13:55+00:00,2026-02-08,lp_academic_writing,,,True
60cdca62-89a,u_01930,did_click_lp,"{""lp_name"": ""lp_academic_writing""}",2026-02-06 03:00:45+00:00,2026-02-06,lp_academic_writing,,,True
2366f225-05a,u_01930,did_install_grammarly,{},2026-02-06 03:01:45+00:00,2026-02-06,,,,True
68b4db0b-20e,u_01930,try_grammarly,"{""product_feature"": ""academic_citation_helper""}",2026-02-06 03:28:45+00:00,2026-02-06,,academic_citation_helper,,True
b346cafd-6fe,u_01930,try_grammarly,"{""product_feature"": ""academic_citation_helper""}",2026-02-07 23:16:10+00:00,2026-02-07,,academic_citation_helper,,True
28dadb6a-e04,u_01930,try_grammarly,"{""product_feature"": ""academic_citation_helper""}",2026-02-08 23:49:55+00:00,2026-02-08,,academic_citation_helper,,True
f1078839-062,u_01930,try_grammarly,"{""product_feature"": ""academic_citation_helper""}",2026-02-09 00:21:51+00:00,2026-02-09,,academic_citation_helper,,True
c123ba62-575,u_01931,did_click_lp,"{""lp_name"": ""lp_academic_writing""}",2026-02-06 12:49:25+00:00,2026-02-06,lp_academic_writing,,,True
6075b3bc-af1,u_01931,did_install_grammarly,{},2026-02-06 12:52:25+00:00,2026-02-06,,,,True
e2113a0d-cf3,u_01931,try_grammarly,"{""product_feature"": ""academic_citation_helper""}",2026-02-06 13:28:25+00:00,2026-02-06,,academic_citation_helper,,True
6b3ab148-5bd,u_01932,did_click_lp,"{""lp_name"": ""lp_business_emails""}",2026-02-18 12:50:28+00:00,2026-02-18,lp_business_emails,,,True
baa36d93-330,u_01933,did_click_lp,"{""lp_name"": ""lp_academic_writing""}",2026-02-26 13:07:26+00:00,2026-02-26,lp_academic_writing,,,True
f098183d-282,u_01933,did_install_grammarly,{},2026-02-26 13:17:26+00:00,2026-02-26,,,,True
edd08f3b-67c,u_01934,did_click_lp,"{""lp_name"": ""lp_business_emails""}",2026-02-19 06:55:46+00:00,2026-02-19,lp_business_emails,,,True
e861eae6-f87,u_01934,did_click_lp,"{""lp_name"": ""lp_business_emails""}",2026-02-22 20:27:59+00:00,2026-02-22,lp_business_emails,,,True
513a4b10-570,u_01935,did_click_lp,"{""lp_name"": ""lp_business_emails""}",2026-02-25 03:14:40+00:00,2026-02-25,lp_business_emails,,,True
00ee046b-073,u_01936,did_click_lp,"{""lp_name"": ""lp_academic_writing""}",2026-02-09 20:44:41+00:00,2026-02-09,lp_academic_writing,,,True
3cc314d1-536,u_01936,did_install_grammarly,{},2026-02-09 20:50:41+00:00,2026-02-09,,,,True
d3710afb-0bd,u_01937,did_click_lp,"{""lp_name"": ""lp_business_emails""}",2026-02-13 15:45:31+00:00,2026-02-13,lp_business_emails,,,True
02136dfa-17a,u_01938,did_click_lp,"{""lp_name"": ""lp_business_emails""}",2026-02-02 00:48:57+00:00,2026-02-02,lp_business_emails,,,True
cbb83503-7d8,u_01939,did_click_lp,"{""lp_name"": ""lp_business_emails""}",2026-02-05 23:25:48+00:00,2026-02-05,lp_business_emails,,,True
0e9c6b28-256,u_01940,did_click_lp,"{""lp_name"": ""lp_business_emails""}",2026-02-14 03:17:41+00:00,2026-02-14,lp_business_emails,,,True
7b389aea-d10,u_01941,did_click_lp,"{""lp_name"": ""lp_academic_writing""}",2026-02-27 14:18:58+00:00,2026-02-27,lp_academic_writing,,,True
3419828a-166,u_01941,did_install_grammarly,{},2026-02-27 14:20:58+00:00,2026-02-27,,,,True
a5773a0e-264,u_01941,try_grammarly,"{""product_feature"": ""academic_citation_helper""}",2026-02-27 14:52:58+00:00,2026-02-27,,academic_citation_helper,,True
3dd471a7-aa1,u_01941,try_grammarly,"{""product_feature"": ""academic_citation_helper""}",2026-02-28 02:55:08+00:00,2026-02-28,,academic_citation_helper,,True
089d8e84-e0c,u_01942,did_click_lp,"{""lp_name"": ""lp_academic_writing""}",2026-02-23 22:42:01+00:00,2026-02-23,lp_academic_writing,,,True
c1501060-d2e,u_01942,did_install_grammarly,{},2026-02-23 22:51:01+00:00,2026-02-23,,,,True
3b2332a7-7a6,u_01942,try_grammarly,"{""product_feature"": ""academic_citation_helper""}",2026-02-23 23:06:01+00:00,2026-02-23,,academic_citation_helper,,True
be8c85aa-f1c,u_01942,try_grammarly,"{""product_feature"": ""academic_citation_helper""}",2026-02-24 06:50:44+00:00,2026-02-24,,academic_citation_helper,,True
4afc9d33-fbb,u_01943,did_click_lp,"{""lp_name"": ""lp_academic_writing""}",2026-02-17 06:50:09+00:00,2026-02-17,lp_academic_writing,,,True
d07d6437-5f3,u_01943,did_install_grammarly,{},2026-02-17 06:53:09+00:00,2026-02-17,,,,True
fea8ac87-d93,u_01944,did_click_lp,"{""lp_name"": ""lp_academic_writing""}",2026-02-03 16:12:49+00:00,2026-02-03,lp_academic_writing,,,True
0e476166-459,u_01945,did_click_lp,"{""lp_name"": ""lp_business_emails""}",2026-02-25 10:15:31+00:00,2026-02-25,lp_business_emails,,,True
7f553862-6fd,u_01946,did_click_lp,"{""lp_name"": ""lp_academic_writing""}",2026-02-14 06:44:58+00:00,2026-02-14,lp_academic_writing,,,True
9ca0faf3-361,u_01946,did_install_grammarly,{},2026-02-14 06:49:58+00:00,2026-02-14,,,,True
f579a243-e11,u_01946,try_grammarly,"{""product_feature"": ""academic_citation_helper""}",2026-02-14 07:11:58+00:00,2026-02-14,,academic_citation_helper,,True
e2982749-a03,u_01946,try_grammarly,"{""product_feature"": ""academic_citation_helper""}",2026-02-15 11:16:05+00:00,2026-02-15,,academic_citation_helper,,True
1e28eb74-f70,u_01946,try_grammarly,"{""product_feature"": ""academic_citation_helper""}",2026-02-16 20:10:03+00:00,2026-02-16,,academic_citation_helper,,True
a426430c-327,u_01947,did_click_lp,"{""lp_name"": ""lp_business_emails""}",2026-02-26 15:17:26+00:00,2026-02-26,lp_business_emails,,,True
086d42e4-a00,u_01948,did_click_lp,"{""lp_name"": ""lp_academic_writing""}",2026-02-25 04:41:43+00:00,2026-02-25,lp_academic_writing,,,True
9466061d-0df,u_01948,did_install_grammarly,{},2026-02-25 04:50:43+00:00,2026-02-25,,,,True
af40c76a-506,u_01949,did_click_lp,"{""lp_name"": ""lp_academic_writing""}",2026-02-15 12:29:50+00:00,2026-02-15,lp_academic_writing,,,True
38b00c4b-a6b,u_01950,did_click_lp,"{""lp_name"": ""lp_academic_writing""}",2026-02-01 03:42:59+00:00,2026-02-01,lp_academic_writing,,,True
bed4bd85-263,u_01951,did_click_lp,"{""lp_name"": ""lp_business_emails""}",2026-02-22 01:31:37+00:00,2026-02-22,lp_business_emails,,,True
6a118a64-eaf,u_01951,did_install_grammarly,{},2026-02-22 01:42:37+00:00,2026-02-22,,,,True
7ffd123a-a7c,u_01952,did_click_lp,"{""lp_name"": ""lp_academic_writing""}",2026-02-03 12:23:32+00:00,2026-02-03,lp_academic_writing,,,True
2be05f7c-a79,u_01952,did_install_grammarly,{},2026-02-03 12:27:32+00:00,2026-02-03,,,,True
3107f347-727,u_01952,did_click_lp,"{""lp_name"": ""lp_business_emails""}",2026-02-06 13:31:57+00:00,2026-02-06,lp_business_emails,,,True
2272d31b-fcf,u_01953,did_click_lp,"{""lp_name"": ""lp_business_emails""}",2026-02-24 17:32:40+00:00,2026-02-24,lp_business_emails,,,True
fd485f05-4c0,u_01954,did_click_lp,"{""lp_name"": ""lp_business_emails""}",2026-02-05 22:25:39+00:00,2026-02-05,lp_business_emails,,,True
bf52f591-cac,u_01955,did_click_lp,"{""lp_name"": ""lp_academic_writing""}",2026-02-04 01:29:22+00:00,2026-02-04,lp_academic_writing,,,True
74899643-653,u_01955,did_install_grammarly,{},2026-02-04 01:34:22+00:00,2026-02-04,,,,True
80bdad11-cb3,u_01955,try_grammarly,"{""product_feature"": ""academic_citation_helper""}",2026-02-04 02:16:22+00:00,2026-02-04,,academic_citation_helper,,True
71c126f2-b29,u_01955,try_grammarly,"{""product_feature"": ""academic_citation_helper""}",2026-02-05 08:51:19+00:00,2026-02-05,,academic_citation_helper,,True
751e679b-fb1,u_01955,try_grammarly,"{""product_feature"": ""academic_citation_helper""}",2026-02-06 12:36:58+00:00,2026-02-06,,academic_citation_helper,,True
9f4d3de8-02d,u_01955,try_grammarly,"{""product_feature"": ""academic_citation_helper""}",2026-02-07 23:20:50+00:00,2026-02-07,,academic_citation_helper,,True
8ecf3e97-a75,u_01956,did_click_lp,"{""lp_name"": ""lp_academic_writing""}",2026-02-09 12:52:57+00:00,2026-02-09,lp_academic_writing,,,True
bdf1989f-e18,u_01956,did_install_grammarly,{},2026-02-09 12:56:57+00:00,2026-02-09,,,,True
52deb87a-d77,u_01956,try_grammarly,"{""product_feature"": ""academic_citation_helper""}",2026-02-09 13:39:57+00:00,2026-02-09,,academic_citation_helper,,True
0ad0820a-07c,u_01956,try_grammarly,"{""product_feature"": ""academic_citation_helper""}",2026-02-10 15:32:48+00:00,2026-02-10,,academic_citation_helper,,True
7ed97153-400,u_01956,try_grammarly,"{""product_feature"": ""academic_citation_helper""}",2026-02-11 03:17:03+00:00,2026-02-11,,academic_citation_helper,,True
0b35e02e-121,u_01956,try_grammarly,"{""product_feature"": ""academic_citation_helper""}",2026-02-14 13:04:30+00:00,2026-02-14,,academic_citation_helper,,True
5521de90-795,u_01957,did_click_lp,"{""lp_name"": ""lp_business_emails""}",2026-02-07 00:04:10+00:00,2026-02-07,lp_business_emails,,,True
4ebaa201-974,u_01958,did_click_lp,"{""lp_name"": ""lp_business_emails""}",2026-02-16 22:27:26+00:00,2026-02-16,lp_business_emails,,,True
acec80f2-6e8,u_01958,did_install_grammarly,{},2026-02-16 22:29:26+00:00,2026-02-16,,,,True
63000d1a-b7f,u_01959,did_click_lp,"{""lp_name"": ""lp_academic_writing""}",2026-02-03 11:41:30+00:00,2026-02-03,lp_academic_writing,,,True
969d0fca-284,u_01960,did_click_lp,"{""lp_name"": ""lp_academic_writing""}",2026-02-28 12:09:28+00:00,2026-02-28,lp_academic_writing,,,True
4d690de6-dbf,u_01960,did_install_grammarly,{},2026-02-28 12:16:28+00:00,2026-02-28,,,,True
cb5d13a8-5f9,u_01960,try_grammarly,"{""product_feature"": ""academic_citation_helper""}",2026-02-28 12:51:28+00:00,2026-02-28,,academic_citation_helper,,True
833820d9-5ed,u_01960,try_grammarly,"{""product_feature"": ""academic_citation_helper""}",2026-03-01 05:29:11+00:00,2026-03-01,,academic_citation_helper,,True
a25f088f-0c8,u_01961,did_click_lp,"{""lp_name"": ""lp_business_emails""}",2026-02-17 04:42:43+00:00,2026-02-17,lp_business_emails,,,True
106d6bf6-cfd,u_01962,did_click_lp,"{""lp_name"": ""lp_business_emails""}",2026-02-07 18:59:22+00:00,2026-02-07,lp_business_emails,,,True
f20c82c9-dcb,u_01963,did_click_lp,"{""lp_name"": ""lp_academic_writing""}",2026-02-12 11:54:25+00:00,2026-02-12,lp_academic_writing,,,True
efba3e62-d00,u_01963,did_install_grammarly,{},2026-02-12 11:57:25+00:00,2026-02-12,,,,True
a8231d8e-100,u_01964,did_click_lp,"{""lp_name"": ""lp_academic_writing""}",2026-02-04 11:46:52+00:00,2026-02-04,lp_academic_writing,,,True
6911a447-856,u_01965,did_click_lp,"{""lp_name"": ""lp_business_emails""}",2026-02-02 04:32:51+00:00,2026-02-02,lp_business_emails,,,True
5f78ddc3-bc7,u_01966,did_click_lp,"{""lp_name"": ""lp_academic_writing""}",2026-02-13 23:08:54+00:00,2026-02-13,lp_academic_writing,,,True
281318c8-a71,u_01967,did_click_lp,"{""lp_name"": ""lp_business_emails""}",2026-02-17 16:36:56+00:00,2026-02-17,lp_business_emails,,,True
702dee63-557,u_01967,did_install_grammarly,{},2026-02-17 16:51:56+00:00,2026-02-17,,,,True
acce7f76-e55,u_01967,try_grammarly,"{""product_feature"": ""smart_email_reply""}",2026-02-17 17:21:56+00:00,2026-02-17,,smart_email_reply,,True
b7e731c9-051,u_01968,did_click_lp,"{""lp_name"": ""lp_academic_writing""}",2026-02-07 13:37:58+00:00,2026-02-07,lp_academic_writing,,,True
dbbf248b-94d,u_01968,did_install_grammarly,{},2026-02-07 13:41:58+00:00,2026-02-07,,,,True
3ddecbe8-e6d,u_01968,try_grammarly,"{""product_feature"": ""academic_citation_helper""}",2026-02-07 14:08:58+00:00,2026-02-07,,academic_citation_helper,,True
f0904f14-929,u_01968,try_grammarly,"{""product_feature"": ""academic_citation_helper""}",2026-02-08 21:40:24+00:00,2026-02-08,,academic_citation_helper,,True
be2ddb30-87b,u_01968,try_grammarly,"{""product_feature"": ""academic_citation_helper""}",2026-02-09 03:57:16+00:00,2026-02-09,,academic_citation_helper,,True
4a972bf8-046,u_01969,did_click_lp,"{""lp_name"": ""lp_academic_writing""}",2026-02-10 07:33:27+00:00,2026-02-10,lp_academic_writing,,,True
01bd30bd-72a,u_01969,did_install_grammarly,{},2026-02-10 07:34:27+00:00,2026-02-10,,,,True
b220ba82-65c,u_01970,did_click_lp,"{""lp_name"": ""lp_academic_writing""}",2026-02-09 06:45:38+00:00,2026-02-09,lp_academic_writing,,,True
f5ab0066-10d,u_01971,did_click_lp,"{""lp_name"": ""lp_academic_writing""}",2026-02-25 13:44:57+00:00,2026-02-25,lp_academic_writing,,,True
83e5fa6f-2f2,u_01972,did_click_lp,"{""lp_name"": ""lp_business_emails""}",2026-02-28 06:45:26+00:00,2026-02-28,lp_business_emails,,,True
74aeed4e-d3f,u_01972,did_install_grammarly,{},2026-02-28 06:49:26+00:00,2026-02-28,,,,True
98f2b68d-6cb,u_01972,try_grammarly,"{""product_feature"": ""smart_email_reply""}",2026-02-28 07:18:26+00:00,2026-02-28,,smart_email_reply,,True
2f464b48-575,u_01973,did_click_lp,"{""lp_name"": ""lp_business_emails""}",2026-02-27 12:49:36+00:00,2026-02-27,lp_business_emails,,,True
8a2ea67f-295,u_01973,did_install_grammarly,{},2026-02-27 12:53:36+00:00,2026-02-27,,,,True
5a32e588-ae7,u_01974,did_click_lp,"{""lp_name"": ""lp_business_emails""}",2026-02-05 02:55:50+00:00,2026-02-05,lp_business_emails,,,True
3d634af0-89b,u_01975,did_click_lp,"{""lp_name"": ""lp_academic_writing""}",2026-02-21 18:55:06+00:00,2026-02-21,lp_academic_writing,,,True
625f4449-a4f,u_01975,did_install_grammarly,{},2026-02-21 19:05:06+00:00,2026-02-21,,,,True
bac042d2-681,u_01975,try_grammarly,"{""product_feature"": ""academic_citation_helper""}",2026-02-21 19:19:06+00:00,2026-02-21,,academic_citation_helper,,True
41d64e59-38a,u_01975,try_grammarly,"{""product_feature"": ""academic_citation_helper""}",2026-02-22 05:05:04+00:00,2026-02-22,,academic_citation_helper,,True
250a9338-0ae,u_01975,try_grammarly,"{""product_feature"": ""academic_citation_helper""}",2026-02-23 11:58:53+00:00,2026-02-23,,academic_citation_helper,,True
b0079c90-2de,u_01975,try_grammarly,"{""product_feature"": ""academic_citation_helper""}",2026-02-24 15:50:01+00:00,2026-02-24,,academic_citation_helper,,True
c3598e84-f9b,u_01976,did_click_lp,"{""lp_name"": ""lp_academic_writing""}",2026-02-08 04:12:52+00:00,2026-02-08,lp_academic_writing,,,True
27e318fc-2f9,u_01977,did_click_lp,"{""lp_name"": ""lp_business_emails""}",2026-02-05 22:57:48+00:00,2026-02-05,lp_business_emails,,,True
28fb3384-761,u_01977,did_install_grammarly,{},2026-02-05 22:58:48+00:00,2026-02-05,,,,True
10d7dcf3-653,u_01978,did_click_lp,"{""lp_name"": ""lp_academic_writing""}",2026-02-23 20:17:27+00:00,2026-02-23,lp_academic_writing,,,True
7c49719d-fc5,u_01979,did_click_lp,"{""lp_name"": ""lp_business_emails""}",2026-02-21 19:50:26+00:00,2026-02-21,lp_business_emails,,,True
c2210184-f31,u_01980,did_click_lp,"{""lp_name"": ""lp_business_emails""}",2026-02-07 13:16:52+00:00,2026-02-07,lp_business_emails,,,True
122d1270-3fe,u_01980,did_install_grammarly,{},2026-02-07 13:20:52+00:00,2026-02-07,,,,True
c2ca4051-c18,u_01981,did_click_lp,"{""lp_name"": ""lp_business_emails""}",2026-02-23 17:19:58+00:00,2026-02-23,lp_business_emails,,,True
3faa61cb-6ea,u_01982,did_click_lp,"{""lp_name"": ""lp_business_emails""}",2026-02-24 14:28:24+00:00,2026-02-24,lp_business_emails,,,True
8f5a482c-d64,u_01983,did_click_lp,"{""lp_name"": ""lp_academic_writing""}",2026-02-04 07:07:03+00:00,2026-02-04,lp_academic_writing,,,True
4d254e5c-547,u_01984,did_click_lp,"{""lp_name"": ""lp_business_emails""}",2026-02-16 19:14:44+00:00,2026-02-16,lp_business_emails,,,True
e055c71a-80f,u_01984,did_install_grammarly,{},2026-02-16 19:21:44+00:00,2026-02-16,,,,True
b021e3b8-610,u_01984,did_click_lp,"{""lp_name"": ""lp_business_emails""}",2026-02-24 12:37:13+00:00,2026-02-24,lp_business_emails,,,True
25ff8909-7cd,u_01985,did_click_lp,"{""lp_name"": ""lp_business_emails""}",2026-02-16 10:53:01+00:00,2026-02-16,lp_business_emails,,,True
c8f9c683-a1d,u_01986,did_click_lp,"{""lp_name"": ""lp_business_emails""}",2026-02-13 17:41:46+00:00,2026-02-13,lp_business_emails,,,True
d4da2ddf-a7b,u_01986,did_install_grammarly,{},2026-02-13 17:51:46+00:00,2026-02-13,,,,True
bf824f8a-0be,u_01986,try_grammarly,"{""product_feature"": ""smart_email_reply""}",2026-02-13 18:27:46+00:00,2026-02-13,,smart_email_reply,,True
b2e5a94a-ca1,u_01987,did_click_lp,"{""lp_name"": ""lp_academic_writing""}",2026-02-27 18:48:41+00:00,2026-02-27,lp_academic_writing,,,True
7a44a014-f10,u_01987,did_install_grammarly,{},2026-02-27 18:57:41+00:00,2026-02-27,,,,True
2980eb1c-e28,u_01988,did_click_lp,"{""lp_name"": ""lp_academic_writing""}",2026-02-05 06:19:27+00:00,2026-02-05,lp_academic_writing,,,True
fe0a10ea-02c,u_01989,did_click_lp,"{""lp_name"": ""lp_business_emails""}",2026-02-06 01:13:33+00:00,2026-02-06,lp_business_emails,,,True
be8746e2-978,u_01989,did_install_grammarly,{},2026-02-06 01:25:33+00:00,2026-02-06,,,,True
7581ae1d-768,u_01990,did_click_lp,"{""lp_name"": ""lp_business_emails""}",2026-02-11 05:15:02+00:00,2026-02-11,lp_business_emails,,,True
183e68ea-83d,u_01991,did_click_lp,"{""lp_name"": ""lp_business_emails""}",2026-02-14 13:57:42+00:00,2026-02-14,lp_business_emails,,,True
13ce3b2c-a9a,u_01992,did_click_lp,"{""lp_name"": ""lp_academic_writing""}",2026-02-03 06:33:06+00:00,2026-02-03,lp_academic_writing,,,True
3ee25eaf-b5b,u_01992,did_install_grammarly,{},2026-02-03 06:37:06+00:00,2026-02-03,,,,True
bca5b400-577,u_01992,try_grammarly,"{""product_feature"": ""academic_citation_helper""}",2026-02-03 06:54:06+00:00,2026-02-03,,academic_citation_helper,,True
9190b301-ae3,u_01992,try_grammarly,"{""product_feature"": ""academic_citation_helper""}",2026-02-04 21:15:36+00:00,2026-02-04,,academic_citation_helper,,True
dd377e01-f8a,u_01993,did_click_lp,"{""lp_name"": ""lp_academic_writing""}",2026-02-26 18:13:48+00:00,2026-02-26,lp_academic_writing,,,True
cbd28621-cdf,u_01993,did_install_grammarly,{},2026-02-26 18:23:48+00:00,2026-02-26,,,,True
2d5db195-c3b,u_01993,try_grammarly,"{""product_feature"": ""academic_citation_helper""}",2026-02-26 18:55:48+00:00,2026-02-26,,academic_citation_helper,,True
0f2042a6-092,u_01994,did_click_lp,"{""lp_name"": ""lp_business_emails""}",2026-02-03 18:27:07+00:00,2026-02-03,lp_business_emails,,,True
97206671-316,u_01994,did_install_grammarly,{},2026-02-03 18:28:07+00:00,2026-02-03,,,,True
ffa76084-258,u_01994,try_grammarly,"{""product_feature"": ""smart_email_reply""}",2026-02-03 19:06:07+00:00,2026-02-03,,smart_email_reply,,True
a6c6cd0f-ac8,u_01995,did_click_lp,"{""lp_name"": ""lp_academic_writing""}",2026-02-02 05:24:40+00:00,2026-02-02,lp_academic_writing,,,True
611ea941-9d6,u_01995,did_install_grammarly,{},2026-02-02 05:26:40+00:00,2026-02-02,,,,True
2b73d47b-3dc,u_01996,did_click_lp,"{""lp_name"": ""lp_academic_writing""}",2026-02-15 17:11:24+00:00,2026-02-15,lp_academic_writing,,,True
15459808-c27,u_01997,did_click_lp,"{""lp_name"": ""lp_academic_writing""}",2026-02-13 10:47:25+00:00,2026-02-13,lp_academic_writing,,,True
573836d6-3bd,u_01998,did_click_lp,"{""lp_name"": ""lp_business_emails""}",2026-02-16 18:47:44+00:00,2026-02-16,lp_business_emails,,,True
e59fd4c5-5bf,u_01998,did_install_grammarly,{},2026-02-16 18:59:44+00:00,2026-02-16,,,,True
c7faf1c9-602,u_01998,try_grammarly,"{""product_feature"": ""smart_email_reply""}",2026-02-16 19:44:44+00:00,2026-02-16,,smart_email_reply,,True
be38c0d4-892,u_01999,did_click_lp,"{""lp_name"": ""lp_business_emails""}",2026-02-17 01:46:45+00:00,2026-02-17,lp_business_emails,,,True
c3a17250-1ec,u_01999,did_click_lp,"{""lp_name"": ""lp_academic_writing""}",2026-02-25 12:11:58+00:00,2026-02-25,lp_academic_writing,,,True
91c77085-79e,u_02000,did_click_lp,"{""lp_name"": ""lp_business_emails""}",2026-02-13 23:02:35+00:00,2026-02-13,lp_business_emails,,,True
566478e8-5a0,u_02001,did_click_lp,"{""lp_name"": ""lp_academic_writing""}",2026-02-15 06:13:43+00:00,2026-02-15,lp_academic_writing,,,True
19a02acb-8fb,u_02002,did_click_lp,"{""lp_name"": ""lp_business_emails""}",2026-02-21 18:07:30+00:00,2026-02-21,lp_business_emails,,,True
1649cc39-8d9,u_02003,did_click_lp,"{""lp_name"": ""lp_academic_writing""}",2026-02-08 07:21:27+00:00,2026-02-08,lp_academic_writing,,,True
9838afd6-cdc,u_02004,did_click_lp,"{""lp_name"": ""lp_academic_writing""}",2026-02-26 19:25:42+00:00,2026-02-26,lp_academic_writing,,,True
bf697f5a-14e,u_02004,did_install_grammarly,{},2026-02-26 19:28:42+00:00,2026-02-26,,,,True
d81d04a3-1b2,u_02005,did_click_lp,"{""lp_name"": ""lp_academic_writing""}",2026-02-12 14:44:50+00:00,2026-02-12,lp_academic_writing,,,True
fbb5598f-88f,u_02005,did_install_grammarly,{},2026-02-12 14:46:50+00:00,2026-02-12,,,,True
40b62539-7f8,u_02006,did_click_lp,"{""lp_name"": ""lp_business_emails""}",2026-02-08 22:54:47+00:00,2026-02-08,lp_business_emails,,,True
ee009a73-036,u_02006,did_install_grammarly,{},2026-02-08 23:00:47+00:00,2026-02-08,,,,True
63b54354-232,u_02006,try_grammarly,"{""product_feature"": ""smart_email_reply""}",2026-02-08 23:26:47+00:00,2026-02-08,,smart_email_reply,,True
6bd7b558-2c8,u_02007,did_click_lp,"{""lp_name"": ""lp_academic_writing""}",2026-02-15 10:00:25+00:00,2026-02-15,lp_academic_writing,,,True
ff259a3c-2ad,u_02007,did_install_grammarly,{},2026-02-15 10:02:25+00:00,2026-02-15,,,,True
c0aa1700-97b,u_02008,did_click_lp,"{""lp_name"": ""lp_business_emails""}",2026-02-13 06:52:33+00:00,2026-02-13,lp_business_emails,,,True
db839930-495,u_02008,did_install_grammarly,{},2026-02-13 06:55:33+00:00,2026-02-13,,,,True
bbb040d8-0d8,u_02008,try_grammarly,"{""product_feature"": ""smart_email_reply""}",2026-02-13 07:35:33+00:00,2026-02-13,,smart_email_reply,,True
b576e07a-c4c,u_02009,did_click_lp,"{""lp_name"": ""lp_business_emails""}",2026-02-14 12:01:11+00:00,2026-02-14,lp_business_emails,,,True
99d3e02d-791,u_02010,did_click_lp,"{""lp_name"": ""lp_academic_writing""}",2026-02-22 15:58:30+00:00,2026-02-22,lp_academic_writing,,,True
df91037d-1cb,u_02011,did_click_lp,"{""lp_name"": ""lp_business_emails""}",2026-02-26 20:50:19+00:00,2026-02-26,lp_business_emails,,,True
28ee45e3-d80,u_02012,did_click_lp,"{""lp_name"": ""lp_business_emails""}",2026-02-07 02:35:54+00:00,2026-02-07,lp_business_emails,,,True
c0aeb4ed-2f8,u_02013,did_click_lp,"{""lp_name"": ""lp_academic_writing""}",2026-02-21 01:08:15+00:00,2026-02-21,lp_academic_writing,,,True
875563ab-c33,u_02014,did_click_lp,"{""lp_name"": ""lp_business_emails""}",2026-02-25 07:23:23+00:00,2026-02-25,lp_business_emails,,,True
7441d78f-e8f,u_02014,did_install_grammarly,{},2026-02-25 07:37:23+00:00,2026-02-25,,,,True
8b6542de-1f0,u_02014,try_grammarly,"{""product_feature"": ""smart_email_reply""}",2026-02-25 08:18:23+00:00,2026-02-25,,smart_email_reply,,True
3b709c15-6a3,u_02015,did_click_lp,"{""lp_name"": ""lp_business_emails""}",2026-02-03 19:24:17+00:00,2026-02-03,lp_business_emails,,,True
79f5b52a-345,u_02016,did_click_lp,"{""lp_name"": ""lp_academic_writing""}",2026-02-21 04:30:09+00:00,2026-02-21,lp_academic_writing,,,True
3a639883-5f4,u_02017,did_click_lp,"{""lp_name"": ""lp_academic_writing""}",2026-02-19 15:49:49+00:00,2026-02-19,lp_academic_writing,,,True
98dcdaeb-e8a,u_02017,did_install_grammarly,{},2026-02-19 15:58:49+00:00,2026-02-19,,,,True
e44e2443-900,u_02018,did_click_lp,"{""lp_name"": ""lp_academic_writing""}",2026-02-27 00:35:17+00:00,2026-02-27,lp_academic_writing,,,True
77348cbb-33c,u_02018,did_install_grammarly,{},2026-02-27 00:41:17+00:00,2026-02-27,,,,True
77496210-e01,u_02019,did_click_lp,"{""lp_name"": ""lp_academic_writing""}",2026-02-19 10:39:19+00:00,2026-02-19,lp_academic_writing,,,True
1eace59b-7a2,u_02020,did_click_lp,"{""lp_name"": ""lp_academic_writing""}",2026-02-23 17:08:25+00:00,2026-02-23,lp_academic_writing,,,True
b238bd27-c13,u_02021,did_click_lp,"{""lp_name"": ""lp_academic_writing""}",2026-02-03 09:05:24+00:00,2026-02-03,lp_academic_writing,,,True
5e08c446-2ea,u_02021,did_install_grammarly,{},2026-02-03 09:07:24+00:00,2026-02-03,,,,True
0efb4b6c-399,u_02021,try_grammarly,"{""product_feature"": ""academic_citation_helper""}",2026-02-03 09:49:24+00:00,2026-02-03,,academic_citation_helper,,True
4dce1ad8-96c,u_02021,try_grammarly,"{""product_feature"": ""academic_citation_helper""}",2026-02-04 15:43:48+00:00,2026-02-04,,academic_citation_helper,,True
f557588f-032,u_02021,try_grammarly,"{""product_feature"": ""academic_citation_helper""}",2026-02-05 01:17:48+00:00,2026-02-05,,academic_citation_helper,,True
bb84c405-c08,u_02022,did_click_lp,"{""lp_name"": ""lp_business_emails""}",2026-02-11 10:06:02+00:00,2026-02-11,lp_business_emails,,,True
b53cc09f-895,u_02023,did_click_lp,"{""lp_name"": ""lp_business_emails""}",2026-02-19 01:00:07+00:00,2026-02-19,lp_business_emails,,,True
6c4d6a81-2cd,u_02023,did_install_grammarly,{},2026-02-19 01:10:07+00:00,2026-02-19,,,,True
77bd0114-664,u_02024,did_click_lp,"{""lp_name"": ""lp_academic_writing""}",2026-02-14 11:06:09+00:00,2026-02-14,lp_academic_writing,,,True
baeee41b-af7,u_02025,did_click_lp,"{""lp_name"": ""lp_business_emails""}",2026-02-15 13:57:01+00:00,2026-02-15,lp_business_emails,,,True
5a1cbb29-bcc,u_02026,did_click_lp,"{""lp_name"": ""lp_academic_writing""}",2026-02-14 07:06:45+00:00,2026-02-14,lp_academic_writing,,,True
d1017171-0c7,u_02027,did_click_lp,"{""lp_name"": ""lp_academic_writing""}",2026-02-03 16:54:46+00:00,2026-02-03,lp_academic_writing,,,True
5da5b86d-e1d,u_02028,did_click_lp,"{""lp_name"": ""lp_academic_writing""}",2026-02-11 14:48:16+00:00,2026-02-11,lp_academic_writing,,,True
b2f8818e-245,u_02028,did_click_lp,"{""lp_name"": ""lp_academic_writing""}",2026-02-20 22:47:51+00:00,2026-02-20,lp_academic_writing,,,True
14423c3c-2fb,u_02028,did_install_grammarly,{},2026-02-20 22:52:51+00:00,2026-02-20,,,,True
1ee5ac13-1a9,u_02028,try_grammarly,"{""product_feature"": ""academic_citation_helper""}",2026-02-20 23:21:51+00:00,2026-02-20,,academic_citation_helper,,True
56e67cd9-ae5,u_02028,try_grammarly,"{""product_feature"": ""academic_citation_helper""}",2026-02-21 12:42:23+00:00,2026-02-21,,academic_citation_helper,,True
d5afcfe6-b9d,u_02028,try_grammarly,"{""product_feature"": ""academic_citation_helper""}",2026-02-22 17:02:37+00:00,2026-02-22,,academic_citation_helper,,True
2f97e323-bd7,u_02028,try_grammarly,"{""product_feature"": ""academic_citation_helper""}",2026-02-23 16:31:59+00:00,2026-02-23,,academic_citation_helper,,True
9898ee06-276,u_02029,did_click_lp,"{""lp_name"": ""lp_business_emails""}",2026-02-28 10:13:31+00:00,2026-02-28,lp_business_emails,,,True
0943a139-9fb,u_02030,did_click_lp,"{""lp_name"": ""lp_business_emails""}",2026-02-17 13:41:55+00:00,2026-02-17,lp_business_emails,,,True
ad7f86bd-090,u_02031,did_click_lp,"{""lp_name"": ""lp_academic_writing""}",2026-02-03 15:46:44+00:00,2026-02-03,lp_academic_writing,,,True
942b98ed-c25,u_02032,did_click_lp,"{""lp_name"": ""lp_academic_writing""}",2026-02-22 03:55:14+00:00,2026-02-22,lp_academic_writing,,,True
bef37078-497,u_02032,did_install_grammarly,{},2026-02-22 04:03:14+00:00,2026-02-22,,,,True
3271d41f-c62,u_02033,did_click_lp,"{""lp_name"": ""lp_academic_writing""}",2026-02-15 05:10:13+00:00,2026-02-15,lp_academic_writing,,,True
18ec963a-bb7,u_02034,did_click_lp,"{""lp_name"": ""lp_academic_writing""}",2026-02-14 20:54:50+00:00,2026-02-14,lp_academic_writing,,,True
95cf09b5-5d6,u_02035,did_click_lp,"{""lp_name"": ""lp_business_emails""}",2026-02-28 19:04:09+00:00,2026-02-28,lp_business_emails,,,True
fbc3a26a-12e,u_02036,did_click_lp,"{""lp_name"": ""lp_academic_writing""}",2026-02-21 23:31:05+00:00,2026-02-21,lp_academic_writing,,,True
5c8138b9-34c,u_02037,did_click_lp,"{""lp_name"": ""lp_academic_writing""}",2026-02-13 08:35:34+00:00,2026-02-13,lp_academic_writing,,,True
82a560aa-be2,u_02038,did_click_lp,"{""lp_name"": ""lp_academic_writing""}",2026-02-15 19:36:32+00:00,2026-02-15,lp_academic_writing,,,True
a475b29d-0b7,u_02038,did_install_grammarly,{},2026-02-15 19:43:32+00:00,2026-02-15,,,,True
8d3916e4-689,u_02038,try_grammarly,"{""product_feature"": ""academic_citation_helper""}",2026-02-15 20:13:32+00:00,2026-02-15,,academic_citation_helper,,True
30a74d7e-843,u_02038,try_grammarly,"{""product_feature"": ""academic_citation_helper""}",2026-02-16 10:05:30+00:00,2026-02-16,,academic_citation_helper,,True
17b43088-6e2,u_02038,try_grammarly,"{""product_feature"": ""academic_citation_helper""}",2026-02-17 01:35:25+00:00,2026-02-17,,academic_citation_helper,,True
cc753f21-ab9,u_02038,try_grammarly,"{""product_feature"": ""academic_citation_helper""}",2026-02-19 16:27:49+00:00,2026-02-19,,academic_citation_helper,,True
80aeb0a1-38a,u_02039,did_click_lp,"{""lp_name"": ""lp_business_emails""}",2026-02-20 09:09:15+00:00,2026-02-20,lp_business_emails,,,True
93d645ca-e4a,u_02040,did_click_lp,"{""lp_name"": ""lp_academic_writing""}",2026-02-01 13:41:43+00:00,2026-02-01,lp_academic_writing,,,True
291cfc33-686,u_02041,did_click_lp,"{""lp_name"": ""lp_business_emails""}",2026-02-08 12:08:53+00:00,2026-02-08,lp_business_emails,,,True
0873f214-268,u_02042,did_click_lp,"{""lp_name"": ""lp_business_emails""}",2026-02-26 22:27:01+00:00,2026-02-26,lp_business_emails,,,True
00ddedc3-93b,u_02043,did_click_lp,"{""lp_name"": ""lp_business_emails""}",2026-02-03 05:34:20+00:00,2026-02-03,lp_business_emails,,,True
4e7b2a9b-58c,u_02043,did_install_grammarly,{},2026-02-03 05:46:20+00:00,2026-02-03,,,,True
6cd2efeb-86e,u_02043,try_grammarly,"{""product_feature"": ""smart_email_reply""}",2026-02-03 06:32:20+00:00,2026-02-03,,smart_email_reply,,True
aa1fa90e-aee,u_02044,did_click_lp,"{""lp_name"": ""lp_business_emails""}",2026-02-05 19:51:40+00:00,2026-02-05,lp_business_emails,,,True
1788f1f6-df4,u_02044,did_install_grammarly,{},2026-02-05 19:59:40+00:00,2026-02-05,,,,True
60bd5f7d-a81,u_02044,try_grammarly,"{""product_feature"": ""smart_email_reply""}",2026-02-05 20:59:40+00:00,2026-02-05,,smart_email_reply,,True
643efe55-c5c,u_02045,did_click_lp,"{""lp_name"": ""lp_business_emails""}",2026-02-25 09:04:04+00:00,2026-02-25,lp_business_emails,,,True
b1adf042-222,u_02046,did_click_lp,"{""lp_name"": ""lp_academic_writing""}",2026-02-24 16:19:49+00:00,2026-02-24,lp_academic_writing,,,True
a8bb2d3a-8eb,u_02046,did_install_grammarly,{},2026-02-24 16:21:49+00:00,2026-02-24,,,,True
4f94b1c0-165,u_02047,did_click_lp,"{""lp_name"": ""lp_academic_writing""}",2026-02-18 22:59:30+00:00,2026-02-18,lp_academic_writing,,,True
5a952907-a8b,u_02048,did_click_lp,"{""lp_name"": ""lp_academic_writing""}",2026-02-24 21:25:20+00:00,2026-02-24,lp_academic_writing,,,True
896c6ee5-dbb,u_02048,did_install_grammarly,{},2026-02-24 21:35:20+00:00,2026-02-24,,,,True
08febb14-f75,u_02048,try_grammarly,"{""product_feature"": ""academic_citation_helper""}",2026-02-24 22:00:20+00:00,2026-02-24,,academic_citation_helper,,True
22877588-034,u_02049,did_click_lp,"{""lp_name"": ""lp_academic_writing""}",2026-02-22 08:18:41+00:00,2026-02-22,lp_academic_writing,,,True
df604804-07b,u_02050,did_click_lp,"{""lp_name"": ""lp_business_emails""}",2026-02-09 17:22:53+00:00,2026-02-09,lp_business_emails,,,True
5cfe8259-747,u_02050,did_install_grammarly,{},2026-02-09 17:23:53+00:00,2026-02-09,,,,True
c0496482-879,u_02051,did_click_lp,"{""lp_name"": ""lp_business_emails""}",2026-02-11 13:49:32+00:00,2026-02-11,lp_business_emails,,,True
37dbabe5-5a6,u_02051,did_install_grammarly,{},2026-02-11 14:03:32+00:00,2026-02-11,,,,True
f863357f-904,u_02052,did_click_lp,"{""lp_name"": ""lp_academic_writing""}",2026-02-14 03:59:45+00:00,2026-02-14,lp_academic_writing,,,True
7272d7ca-78d,u_02053,did_click_lp,"{""lp_name"": ""lp_academic_writing""}",2026-02-25 10:16:10+00:00,2026-02-25,lp_academic_writing,,,True
bf8c4872-f5e,u_02054,did_click_lp,"{""lp_name"": ""lp_academic_writing""}",2026-02-01 23:15:52+00:00,2026-02-01,lp_academic_writing,,,True
552e4e07-85a,u_02054,did_install_grammarly,{},2026-02-01 23:16:52+00:00,2026-02-01,,,,True
5c785545-f6d,u_02054,try_grammarly,"{""product_feature"": ""academic_citation_helper""}",2026-02-01 23:32:52+00:00,2026-02-01,,academic_citation_helper,,True
82222ddb-586,u_02054,try_grammarly,"{""product_feature"": ""academic_citation_helper""}",2026-02-02 10:22:38+00:00,2026-02-02,,academic_citation_helper,,True
d1a9ad77-e10,u_02055,did_click_lp,"{""lp_name"": ""lp_academic_writing""}",2026-02-09 09:52:58+00:00,2026-02-09,lp_academic_writing,,,True
d3cc2899-b7b,u_02056,did_click_lp,"{""lp_name"": ""lp_academic_writing""}",2026-02-09 01:58:46+00:00,2026-02-09,lp_academic_writing,,,True
4ac37304-78a,u_02057,did_click_lp,"{""lp_name"": ""lp_academic_writing""}",2026-02-09 09:05:59+00:00,2026-02-09,lp_academic_writing,,,True
dcbdf32f-30f,u_02058,did_click_lp,"{""lp_name"": ""lp_business_emails""}",2026-02-24 09:53:44+00:00,2026-02-24,lp_business_emails,,,True
f05ee0f7-002,u_02059,did_click_lp,"{""lp_name"": ""lp_academic_writing""}",2026-02-18 19:50:39+00:00,2026-02-18,lp_academic_writing,,,True
813ba29a-44f,u_02060,did_click_lp,"{""lp_name"": ""lp_business_emails""}",2026-02-25 18:28:57+00:00,2026-02-25,lp_business_emails,,,True
8e641e03-11f,u_02060,did_install_grammarly,{},2026-02-25 18:30:57+00:00,2026-02-25,,,,True
a8cbc160-aa7,u_02060,try_grammarly,"{""product_feature"": ""smart_email_reply""}",2026-02-25 19:01:57+00:00,2026-02-25,,smart_email_reply,,True
9c7dc11e-6f7,u_02061,did_click_lp,"{""lp_name"": ""lp_academic_writing""}",2026-02-11 17:27:29+00:00,2026-02-11,lp_academic_writing,,,True
3e16fca8-782,u_02061,did_install_grammarly,{},2026-02-11 17:34:29+00:00,2026-02-11,,,,True
3a9098c2-82c,u_02062,did_click_lp,"{""lp_name"": ""lp_academic_writing""}",2026-02-02 10:05:19+00:00,2026-02-02,lp_academic_writing,,,True
64fff8f2-da6,u_02062,did_install_grammarly,{},2026-02-02 10:11:19+00:00,2026-02-02,,,,True
0763e140-f36,u_02063,did_click_lp,"{""lp_name"": ""lp_academic_writing""}",2026-02-07 15:25:41+00:00,2026-02-07,lp_academic_writing,,,True
668e2c8f-b85,u_02064,did_click_lp,"{""lp_name"": ""lp_academic_writing""}",2026-02-27 23:47:52+00:00,2026-02-27,lp_academic_writing,,,True
8e0771ee-471,u_02065,did_click_lp,"{""lp_name"": ""lp_academic_writing""}",2026-02-04 04:20:55+00:00,2026-02-04,lp_academic_writing,,,True
ebb28544-131,u_02065,did_install_grammarly,{},2026-02-04 04:30:55+00:00,2026-02-04,,,,True
3b208bc3-848,u_02066,did_click_lp,"{""lp_name"": ""lp_academic_writing""}",2026-02-21 22:44:28+00:00,2026-02-21,lp_academic_writing,,,True
02ec5c5d-8f3,u_02067,did_click_lp,"{""lp_name"": ""lp_academic_writing""}",2026-02-18 22:02:38+00:00,2026-02-18,lp_academic_writing,,,True
9580cb2e-a3c,u_02067,did_install_grammarly,{},2026-02-18 22:04:38+00:00,2026-02-18,,,,True
5ab77221-6d6,u_02067,try_grammarly,"{""product_feature"": ""academic_citation_helper""}",2026-02-18 22:37:38+00:00,2026-02-18,,academic_citation_helper,,True
797da57f-43d,u_02067,try_grammarly,"{""product_feature"": ""academic_citation_helper""}",2026-02-19 02:15:13+00:00,2026-02-19,,academic_citation_helper,,True
4ced36a0-887,u_02067,try_grammarly,"{""product_feature"": ""academic_citation_helper""}",2026-02-20 11:53:52+00:00,2026-02-20,,academic_citation_helper,,True
73861062-5e6,u_02068,did_click_lp,"{""lp_name"": ""lp_business_emails""}",2026-02-09 10:22:03+00:00,2026-02-09,lp_business_emails,,,True
a8b8afe1-979,u_02069,did_click_lp,"{""lp_name"": ""lp_academic_writing""}",2026-02-14 06:18:12+00:00,2026-02-14,lp_academic_writing,,,True
0bd8c82f-c46,u_02070,did_click_lp,"{""lp_name"": ""lp_business_emails""}",2026-02-13 09:54:28+00:00,2026-02-13,lp_business_emails,,,True
caf69186-29e,u_02070,did_install_grammarly,{},2026-02-13 10:08:28+00:00,2026-02-13,,,,True
9826f731-33c,u_02071,did_click_lp,"{""lp_name"": ""lp_business_emails""}",2026-02-24 22:56:23+00:00,2026-02-24,lp_business_emails,,,True
89ceeaa1-54e,u_02072,did_click_lp,"{""lp_name"": ""lp_business_emails""}",2026-02-10 17:10:09+00:00,2026-02-10,lp_business_emails,,,True
7fefa734-bb2,u_02073,did_click_lp,"{""lp_name"": ""lp_business_emails""}",2026-02-21 03:21:20+00:00,2026-02-21,lp_business_emails,,,True
96bf80fd-3a5,u_02073,did_install_grammarly,{},2026-02-21 03:35:20+00:00,2026-02-21,,,,True
3799f98a-58a,u_02073,try_grammarly,"{""product_feature"": ""smart_email_reply""}",2026-02-21 04:34:20+00:00,2026-02-21,,smart_email_reply,,True
eff77699-a01,u_02074,did_click_lp,"{""lp_name"": ""lp_business_emails""}",2026-02-16 17:38:53+00:00,2026-02-16,lp_business_emails,,,True
0831995a-895,u_02075,did_click_lp,"{""lp_name"": ""lp_academic_writing""}",2026-02-14 20:57:02+00:00,2026-02-14,lp_academic_writing,,,True
b7d813be-c7f,u_02075,did_install_grammarly,{},2026-02-14 21:02:02+00:00,2026-02-14,,,,True
2a72ab9b-51f,u_02075,try_grammarly,"{""product_feature"": ""academic_citation_helper""}",2026-02-14 21:23:02+00:00,2026-02-14,,academic_citation_helper,,True
519e2a91-c39,u_02076,did_click_lp,"{""lp_name"": ""lp_business_emails""}",2026-02-25 13:23:41+00:00,2026-02-25,lp_business_emails,,,True
a9c7fece-a23,u_02076,did_install_grammarly,{},2026-02-25 13:30:41+00:00,2026-02-25,,,,True
19f6c9f9-e81,u_02076,try_grammarly,"{""product_feature"": ""smart_email_reply""}",2026-02-25 13:39:41+00:00,2026-02-25,,smart_email_reply,,True
cadf7056-9bb,u_02077,did_click_lp,"{""lp_name"": ""lp_academic_writing""}",2026-02-09 15:29:13+00:00,2026-02-09,lp_academic_writing,,,True
a3b568df-c10,u_02078,did_click_lp,"{""lp_name"": ""lp_business_emails""}",2026-02-25 04:55:50+00:00,2026-02-25,lp_business_emails,,,True
10c11aa7-911,u_02078,did_install_grammarly,{},2026-02-25 05:08:50+00:00,2026-02-25,,,,True
810aef2b-d7f,u_02078,try_grammarly,"{""product_feature"": ""smart_email_reply""}",2026-02-25 05:45:50+00:00,2026-02-25,,smart_email_reply,,True
616e37e2-cd4,u_02078,try_grammarly,"{""product_feature"": ""smart_email_reply""}",2026-02-28 05:11:14+00:00,2026-02-28,,smart_email_reply,,True
d212cf07-1c2,u_02079,did_click_lp,"{""lp_name"": ""lp_academic_writing""}",2026-02-23 07:23:28+00:00,2026-02-23,lp_academic_writing,,,True
d7dbdaa1-d31,u_02080,did_click_lp,"{""lp_name"": ""lp_business_emails""}",2026-02-09 23:46:23+00:00,2026-02-09,lp_business_emails,,,True
e9741884-314,u_02080,did_install_grammarly,{},2026-02-09 23:49:23+00:00,2026-02-09,,,,True
ba8e5ff3-027,u_02080,try_grammarly,"{""product_feature"": ""smart_email_reply""}",2026-02-10 00:27:23+00:00,2026-02-10,,smart_email_reply,,True
104ea32f-a87,u_02081,did_click_lp,"{""lp_name"": ""lp_business_emails""}",2026-02-22 00:40:51+00:00,2026-02-22,lp_business_emails,,,True
90ff1a6c-98c,u_02082,did_click_lp,"{""lp_name"": ""lp_business_emails""}",2026-02-27 13:56:07+00:00,2026-02-27,lp_business_emails,,,True
00cc2ea3-af9,u_02083,did_click_lp,"{""lp_name"": ""lp_academic_writing""}",2026-02-08 10:15:51+00:00,2026-02-08,lp_academic_writing,,,True
89e9f1de-109,u_02084,did_click_lp,"{""lp_name"": ""lp_academic_writing""}",2026-02-07 17:24:44+00:00,2026-02-07,lp_academic_writing,,,True
24842da5-0ed,u_02084,did_install_grammarly,{},2026-02-07 17:34:44+00:00,2026-02-07,,,,True
6d2f9c33-ee3,u_02084,try_grammarly,"{""product_feature"": ""academic_citation_helper""}",2026-02-07 18:19:44+00:00,2026-02-07,,academic_citation_helper,,True
d386418c-765,u_02084,try_grammarly,"{""product_feature"": ""academic_citation_helper""}",2026-02-08 01:48:39+00:00,2026-02-08,,academic_citation_helper,,True
b533e810-b70,u_02084,try_grammarly,"{""product_feature"": ""academic_citation_helper""}",2026-02-09 17:18:50+00:00,2026-02-09,,academic_citation_helper,,True
4a6cd700-05d,u_02084,try_grammarly,"{""product_feature"": ""academic_citation_helper""}",2026-02-10 01:40:50+00:00,2026-02-10,,academic_citation_helper,,True
23d6addd-b56,u_02085,did_click_lp,"{""lp_name"": ""lp_business_emails""}",2026-02-27 06:34:40+00:00,2026-02-27,lp_business_emails,,,True
04190d04-41f,u_02085,did_install_grammarly,{},2026-02-27 06:48:40+00:00,2026-02-27,,,,True
ff00342e-249,u_02085,try_grammarly,"{""product_feature"": ""smart_email_reply""}",2026-02-27 06:52:40+00:00,2026-02-27,,smart_email_reply,,True
da4c0df9-918,u_02085,try_grammarly,"{""product_feature"": ""smart_email_reply""}",2026-02-28 06:11:52+00:00,2026-02-28,,smart_email_reply,,True
b896e41a-09b,u_02086,did_click_lp,"{""lp_name"": ""lp_academic_writing""}",2026-02-17 17:54:47+00:00,2026-02-17,lp_academic_writing,,,True
3b3e5f50-b29,u_02087,did_click_lp,"{""lp_name"": ""lp_business_emails""}",2026-02-22 11:06:14+00:00,2026-02-22,lp_business_emails,,,True
f2a5e33d-81d,u_02088,did_click_lp,"{""lp_name"": ""lp_business_emails""}",2026-02-23 09:46:01+00:00,2026-02-23,lp_business_emails,,,True
6c413a19-f7c,u_02089,did_click_lp,"{""lp_name"": ""lp_academic_writing""}",2026-02-10 23:00:31+00:00,2026-02-10,lp_academic_writing,,,True
0b797979-722,u_02090,did_click_lp,"{""lp_name"": ""lp_academic_writing""}",2026-02-20 02:41:21+00:00,2026-02-20,lp_academic_writing,,,True
7fecf72c-4fa,u_02090,did_install_grammarly,{},2026-02-20 02:48:21+00:00,2026-02-20,,,,True
6fb66c45-5c0,u_02091,did_click_lp,"{""lp_name"": ""lp_academic_writing""}",2026-02-04 23:33:08+00:00,2026-02-04,lp_academic_writing,,,True
02b63e00-662,u_02092,did_click_lp,"{""lp_name"": ""lp_academic_writing""}",2026-02-07 04:03:14+00:00,2026-02-07,lp_academic_writing,,,True
a59d2d2f-15b,u_02092,did_install_grammarly,{},2026-02-07 04:11:14+00:00,2026-02-07,,,,True
71ba6eb6-431,u_02092,try_grammarly,"{""product_feature"": ""academic_citation_helper""}",2026-02-07 05:01:14+00:00,2026-02-07,,academic_citation_helper,,True
55c49db6-b67,u_02092,try_grammarly,"{""product_feature"": ""academic_citation_helper""}",2026-02-08 03:57:59+00:00,2026-02-08,,academic_citation_helper,,True
821dbaaa-598,u_02092,try_grammarly,"{""product_feature"": ""academic_citation_helper""}",2026-02-09 14:22:45+00:00,2026-02-09,,academic_citation_helper,,True
e864c11b-689,u_02093,did_click_lp,"{""lp_name"": ""lp_academic_writing""}",2026-02-02 05:20:48+00:00,2026-02-02,lp_academic_writing,,,True
504635be-bd4,u_02093,did_install_grammarly,{},2026-02-02 05:26:48+00:00,2026-02-02,,,,True
97f9b80c-dc5,u_02094,did_click_lp,"{""lp_name"": ""lp_business_emails""}",2026-02-22 04:38:08+00:00,2026-02-22,lp_business_emails,,,True
18af90bd-9dc,u_02094,did_install_grammarly,{},2026-02-22 04:47:08+00:00,2026-02-22,,,,True
2de2df6f-63b,u_02095,did_click_lp,"{""lp_name"": ""lp_business_emails""}",2026-02-03 23:40:42+00:00,2026-02-03,lp_business_emails,,,True
75a8414b-bf2,u_02096,did_click_lp,"{""lp_name"": ""lp_academic_writing""}",2026-02-25 10:26:28+00:00,2026-02-25,lp_academic_writing,,,True
e0a1554f-7d3,u_02096,did_install_grammarly,{},2026-02-25 10:30:28+00:00,2026-02-25,,,,True
c3341ef7-107,u_02096,try_grammarly,"{""product_feature"": ""academic_citation_helper""}",2026-02-25 11:04:28+00:00,2026-02-25,,academic_citation_helper,,True
771a417b-a69,u_02096,try_grammarly,"{""product_feature"": ""academic_citation_helper""}",2026-02-26 20:44:43+00:00,2026-02-26,,academic_citation_helper,,True
ee7413af-4f6,u_02097,did_click_lp,"{""lp_name"": ""lp_business_emails""}",2026-02-13 01:42:54+00:00,2026-02-13,lp_business_emails,,,True
ae93c8c1-a08,u_02098,did_click_lp,"{""lp_name"": ""lp_academic_writing""}",2026-02-13 21:11:44+00:00,2026-02-13,lp_academic_writing,,,True
1fa65139-bd5,u_02099,did_click_lp,"{""lp_name"": ""lp_academic_writing""}",2026-02-06 17:00:46+00:00,2026-02-06,lp_academic_writing,,,True
275d299a-b7e,u_02099,did_install_grammarly,{},2026-02-06 17:04:46+00:00,2026-02-06,,,,True
c3897849-3ef,u_02100,did_click_lp,"{""lp_name"": ""lp_business_emails""}",2026-02-01 18:36:23+00:00,2026-02-01,lp_business_emails,,,True
a9777d74-5fd,u_02101,did_click_lp,"{""lp_name"": ""lp_academic_writing""}",2026-02-10 20:12:11+00:00,2026-02-10,lp_academic_writing,,,True
ba0eaa51-c74,u_02102,did_click_lp,"{""lp_name"": ""lp_academic_writing""}",2026-02-01 07:18:10+00:00,2026-02-01,lp_academic_writing,,,True
2d070bcc-db2,u_02103,did_click_lp,"{""lp_name"": ""lp_academic_writing""}",2026-02-08 14:22:05+00:00,2026-02-08,lp_academic_writing,,,True
415c8af4-05b,u_02103,did_install_grammarly,{},2026-02-08 14:32:05+00:00,2026-02-08,,,,True
eaf56cd6-064,u_02104,did_click_lp,"{""lp_name"": ""lp_academic_writing""}",2026-02-12 14:26:58+00:00,2026-02-12,lp_academic_writing,,,True
b467da77-771,u_02105,did_click_lp,"{""lp_name"": ""lp_academic_writing""}",2026-02-13 09:46:44+00:00,2026-02-13,lp_academic_writing,,,True
ef20bef6-6f5,u_02105,did_install_grammarly,{},2026-02-13 09:49:44+00:00,2026-02-13,,,,True
ac61651b-a70,u_02106,did_click_lp,"{""lp_name"": ""lp_academic_writing""}",2026-02-01 05:23:22+00:00,2026-02-01,lp_academic_writing,,,True
437440e0-8c3,u_02106,did_click_lp,"{""lp_name"": ""lp_business_emails""}",2026-02-17 05:19:08+00:00,2026-02-17,lp_business_emails,,,True
d86425ee-b78,u_02106,did_install_grammarly,{},2026-02-17 05:28:08+00:00,2026-02-17,,,,True
7f151768-0d5,u_02107,did_click_lp,"{""lp_name"": ""lp_academic_writing""}",2026-02-02 05:59:36+00:00,2026-02-02,lp_academic_writing,,,True
f387d626-7c9,u_02108,did_click_lp,"{""lp_name"": ""lp_business_emails""}",2026-02-13 00:23:03+00:00,2026-02-13,lp_business_emails,,,True
cda01977-9a1,u_02109,did_click_lp,"{""lp_name"": ""lp_academic_writing""}",2026-02-06 17:10:31+00:00,2026-02-06,lp_academic_writing,,,True
f8bb5381-f67,u_02109,did_install_grammarly,{},2026-02-06 17:13:31+00:00,2026-02-06,,,,True
2b0cebf3-3bc,u_02109,try_grammarly,"{""product_feature"": ""academic_citation_helper""}",2026-02-06 17:46:31+00:00,2026-02-06,,academic_citation_helper,,True
1c37b6ef-146,u_02109,try_grammarly,"{""product_feature"": ""academic_citation_helper""}",2026-02-07 11:00:31+00:00,2026-02-07,,academic_citation_helper,,True
569bf743-807,u_02109,try_grammarly,"{""product_feature"": ""academic_citation_helper""}",2026-02-08 12:35:32+00:00,2026-02-08,,academic_citation_helper,,True
86bcd268-a04,u_02110,did_click_lp,"{""lp_name"": ""lp_academic_writing""}",2026-02-24 21:52:18+00:00,2026-02-24,lp_academic_writing,,,True
bbdf1c2c-f5d,u_02111,did_click_lp,"{""lp_name"": ""lp_academic_writing""}",2026-02-06 08:56:40+00:00,2026-02-06,lp_academic_writing,,,True
4b79d280-902,u_02112,did_click_lp,"{""lp_name"": ""lp_business_emails""}",2026-02-25 05:55:40+00:00,2026-02-25,lp_business_emails,,,True
947bd3a9-b7c,u_02113,did_click_lp,"{""lp_name"": ""lp_business_emails""}",2026-02-03 21:22:04+00:00,2026-02-03,lp_business_emails,,,True
8510c8e0-4af,u_02114,did_click_lp,"{""lp_name"": ""lp_business_emails""}",2026-02-05 05:26:07+00:00,2026-02-05,lp_business_emails,,,True
e313da25-0b0,u_02115,did_click_lp,"{""lp_name"": ""lp_academic_writing""}",2026-02-22 14:09:55+00:00,2026-02-22,lp_academic_writing,,,True
e8e589a3-e38,u_02116,did_click_lp,"{""lp_name"": ""lp_academic_writing""}",2026-02-07 02:37:09+00:00,2026-02-07,lp_academic_writing,,,True
8141ecec-7e0,u_02116,did_install_grammarly,{},2026-02-07 02:41:09+00:00,2026-02-07,,,,True
c391c34c-1b5,u_02116,try_grammarly,"{""product_feature"": ""academic_citation_helper""}",2026-02-07 03:02:09+00:00,2026-02-07,,academic_citation_helper,,True
8e27aba4-4d4,u_02116,try_grammarly,"{""product_feature"": ""academic_citation_helper""}",2026-02-08 04:51:33+00:00,2026-02-08,,academic_citation_helper,,True
068b3e1a-928,u_02116,try_grammarly,"{""product_feature"": ""academic_citation_helper""}",2026-02-09 12:21:36+00:00,2026-02-09,,academic_citation_helper,,True
ff5eb081-fe1,u_02117,did_click_lp,"{""lp_name"": ""lp_business_emails""}",2026-02-04 16:49:53+00:00,2026-02-04,lp_business_emails,,,True
2d9bbdbd-366,u_02118,did_click_lp,"{""lp_name"": ""lp_business_emails""}",2026-02-12 12:02:09+00:00,2026-02-12,lp_business_emails,,,True
dc85ee7d-b72,u_02118,did_install_grammarly,{},2026-02-12 12:06:09+00:00,2026-02-12,,,,True
5c03978c-ab3,u_02119,did_click_lp,"{""lp_name"": ""lp_academic_writing""}",2026-02-02 07:17:05+00:00,2026-02-02,lp_academic_writing,,,True
5a8a660e-dbe,u_02120,did_click_lp,"{""lp_name"": ""lp_business_emails""}",2026-02-17 16:42:16+00:00,2026-02-17,lp_business_emails,,,True
a47bb1b8-5f6,u_02121,did_click_lp,"{""lp_name"": ""lp_academic_writing""}",2026-02-27 23:29:17+00:00,2026-02-27,lp_academic_writing,,,True
7b2a50a6-f7c,u_02122,did_click_lp,"{""lp_name"": ""lp_business_emails""}",2026-02-27 17:41:38+00:00,2026-02-27,lp_business_emails,,,True
a6bdf977-dec,u_02123,did_click_lp,"{""lp_name"": ""lp_academic_writing""}",2026-02-21 16:31:08+00:00,2026-02-21,lp_academic_writing,,,True
19100421-622,u_02124,did_click_lp,"{""lp_name"": ""lp_business_emails""}",2026-02-14 02:04:05+00:00,2026-02-14,lp_business_emails,,,True
1c579b3a-47f,u_02125,did_click_lp,"{""lp_name"": ""lp_academic_writing""}",2026-02-05 22:42:06+00:00,2026-02-05,lp_academic_writing,,,True
668f786c-fa3,u_02125,did_install_grammarly,{},2026-02-05 22:48:06+00:00,2026-02-05,,,,True
14a231e4-058,u_02126,did_click_lp,"{""lp_name"": ""lp_business_emails""}",2026-02-17 05:07:46+00:00,2026-02-17,lp_business_emails,,,True
0591efd3-ed3,u_02127,did_click_lp,"{""lp_name"": ""lp_academic_writing""}",2026-02-17 03:40:36+00:00,2026-02-17,lp_academic_writing,,,True
f38e72ab-907,u_02128,did_click_lp,"{""lp_name"": ""lp_academic_writing""}",2026-02-19 08:16:54+00:00,2026-02-19,lp_academic_writing,,,True
2b136703-d57,u_02129,did_click_lp,"{""lp_name"": ""lp_academic_writing""}",2026-02-01 09:59:02+00:00,2026-02-01,lp_academic_writing,,,True
db7e45dc-29c,u_02130,did_click_lp,"{""lp_name"": ""lp_business_emails""}",2026-02-23 23:14:42+00:00,2026-02-23,lp_business_emails,,,True
eafa8768-d16,u_02131,did_click_lp,"{""lp_name"": ""lp_academic_writing""}",2026-02-28 00:30:07+00:00,2026-02-28,lp_academic_writing,,,True
9dbf8c4a-61c,u_02131,did_install_grammarly,{},2026-02-28 00:37:07+00:00,2026-02-28,,,,True
11f0129c-c44,u_02132,did_click_lp,"{""lp_name"": ""lp_academic_writing""}",2026-02-18 00:09:54+00:00,2026-02-18,lp_academic_writing,,,True
d57e4e9e-d6f,u_02132,did_install_grammarly,{},2026-02-18 00:16:54+00:00,2026-02-18,,,,True
9465ef5c-4da,u_02132,try_grammarly,"{""product_feature"": ""academic_citation_helper""}",2026-02-18 00:46:54+00:00,2026-02-18,,academic_citation_helper,,True
79856e08-a4f,u_02133,did_click_lp,"{""lp_name"": ""lp_business_emails""}",2026-02-20 23:55:29+00:00,2026-02-20,lp_business_emails,,,True
e3036756-d94,u_02134,did_click_lp,"{""lp_name"": ""lp_academic_writing""}",2026-02-23 18:25:54+00:00,2026-02-23,lp_academic_writing,,,True
6b77bee0-00b,u_02135,did_click_lp,"{""lp_name"": ""lp_academic_writing""}",2026-02-21 04:07:36+00:00,2026-02-21,lp_academic_writing,,,True
43e5366c-6b8,u_02136,did_click_lp,"{""lp_name"": ""lp_business_emails""}",2026-02-25 13:12:10+00:00,2026-02-25,lp_business_emails,,,True
3acb47b9-c38,u_02137,did_click_lp,"{""lp_name"": ""lp_business_emails""}",2026-02-01 23:43:05+00:00,2026-02-01,lp_business_emails,,,True
e94090ce-d69,u_02137,did_install_grammarly,{},2026-02-01 23:56:05+00:00,2026-02-01,,,,True
76329d75-503,u_02138,did_click_lp,"{""lp_name"": ""lp_business_emails""}",2026-02-22 10:17:47+00:00,2026-02-22,lp_business_emails,,,True
dbe3dc2f-6d8,u_02138,did_install_grammarly,{},2026-02-22 10:19:47+00:00,2026-02-22,,,,True
1afab0b5-c69,u_02138,try_grammarly,"{""product_feature"": ""smart_email_reply""}",2026-02-22 10:59:47+00:00,2026-02-22,,smart_email_reply,,True
c669fdc7-499,u_02138,try_grammarly,"{""product_feature"": ""smart_email_reply""}",2026-02-24 01:30:51+00:00,2026-02-24,,smart_email_reply,,True
d0db3c92-e73,u_02139,did_click_lp,"{""lp_name"": ""lp_academic_writing""}",2026-02-24 07:38:55+00:00,2026-02-24,lp_academic_writing,,,True
6798c177-9fe,u_02139,did_install_grammarly,{},2026-02-24 07:44:55+00:00,2026-02-24,,,,True
967d4e07-73a,u_02139,try_grammarly,"{""product_feature"": ""academic_citation_helper""}",2026-02-24 08:29:55+00:00,2026-02-24,,academic_citation_helper,,True
1f134f20-497,u_02139,try_grammarly,"{""product_feature"": ""academic_citation_helper""}",2026-02-25 15:04:12+00:00,2026-02-25,,academic_citation_helper,,True
71d5dae0-59b,u_02139,try_grammarly,"{""product_feature"": ""academic_citation_helper""}",2026-02-26 04:13:08+00:00,2026-02-26,,academic_citation_helper,,True
5ca24d3a-224,u_02139,try_grammarly,"{""product_feature"": ""academic_citation_helper""}",2026-03-01 17:53:50+00:00,2026-03-01,,academic_citation_helper,,True
1c72e035-5aa,u_02140,did_click_lp,"{""lp_name"": ""lp_business_emails""}",2026-02-01 09:16:13+00:00,2026-02-01,lp_business_emails,,,True
535e8246-c4e,u_02140,did_install_grammarly,{},2026-02-01 09:17:13+00:00,2026-02-01,,,,True
de315b3f-8ff,u_02140,try_grammarly,"{""product_feature"": ""smart_email_reply""}",2026-02-01 10:01:13+00:00,2026-02-01,,smart_email_reply,,True
a2c38f6e-f46,u_02141,did_click_lp,"{""lp_name"": ""lp_business_emails""}",2026-02-03 19:18:22+00:00,2026-02-03,lp_business_emails,,,True
4ea7580a-6fe,u_02142,did_click_lp,"{""lp_name"": ""lp_business_emails""}",2026-02-16 00:02:03+00:00,2026-02-16,lp_business_emails,,,True
8d404137-f2f,u_02143,did_click_lp,"{""lp_name"": ""lp_academic_writing""}",2026-02-03 01:58:02+00:00,2026-02-03,lp_academic_writing,,,True
5b64dbae-72a,u_02143,did_install_grammarly,{},2026-02-03 02:00:02+00:00,2026-02-03,,,,True
178bea62-4d4,u_02144,did_click_lp,"{""lp_name"": ""lp_academic_writing""}",2026-02-21 01:14:07+00:00,2026-02-21,lp_academic_writing,,,True
4fc57f59-d78,u_02145,did_click_lp,"{""lp_name"": ""lp_academic_writing""}",2026-02-05 11:22:51+00:00,2026-02-05,lp_academic_writing,,,True
d3596b4b-44a,u_02146,did_click_lp,"{""lp_name"": ""lp_business_emails""}",2026-02-17 13:09:49+00:00,2026-02-17,lp_business_emails,,,True
01b527ce-535,u_02147,did_click_lp,"{""lp_name"": ""lp_academic_writing""}",2026-02-17 21:38:02+00:00,2026-02-17,lp_academic_writing,,,True
800d09e9-bc2,u_02148,did_click_lp,"{""lp_name"": ""lp_business_emails""}",2026-02-14 20:38:21+00:00,2026-02-14,lp_business_emails,,,True
687287bf-8d2,u_02149,did_click_lp,"{""lp_name"": ""lp_business_emails""}",2026-02-05 02:29:38+00:00,2026-02-05,lp_business_emails,,,True
6cfe2be5-a31,u_02150,did_click_lp,"{""lp_name"": ""lp_academic_writing""}",2026-02-23 03:42:52+00:00,2026-02-23,lp_academic_writing,,,True
b372aa8e-adb,u_02150,did_install_grammarly,{},2026-02-23 03:43:52+00:00,2026-02-23,,,,True
5638e968-fec,u_02150,try_grammarly,"{""product_feature"": ""academic_citation_helper""}",2026-02-23 04:07:52+00:00,2026-02-23,,academic_citation_helper,,True
a109e93a-052,u_02151,did_click_lp,"{""lp_name"": ""lp_academic_writing""}",2026-02-24 13:50:40+00:00,2026-02-24,lp_academic_writing,,,True
5f6537dd-d06,u_02152,did_click_lp,"{""lp_name"": ""lp_academic_writing""}",2026-02-19 05:36:03+00:00,2026-02-19,lp_academic_writing,,,True
df4df88e-415,u_02153,did_click_lp,"{""lp_name"": ""lp_academic_writing""}",2026-02-11 17:15:11+00:00,2026-02-11,lp_academic_writing,,,True
dc6f6c67-c3b,u_02153,did_install_grammarly,{},2026-02-11 17:18:11+00:00,2026-02-11,,,,True
26150e17-d2f,u_02154,did_click_lp,"{""lp_name"": ""lp_academic_writing""}",2026-02-16 16:40:41+00:00,2026-02-16,lp_academic_writing,,,True
95fe2703-93f,u_02155,did_click_lp,"{""lp_name"": ""lp_academic_writing""}",2026-02-09 14:29:16+00:00,2026-02-09,lp_academic_writing,,,True
bb98c29a-189,u_02155,did_install_grammarly,{},2026-02-09 14:34:16+00:00,2026-02-09,,,,True
dd00bdbb-e92,u_02156,did_click_lp,"{""lp_name"": ""lp_academic_writing""}",2026-02-06 20:42:27+00:00,2026-02-06,lp_academic_writing,,,True
2e7244c8-cef,u_02156,did_install_grammarly,{},2026-02-06 20:52:27+00:00,2026-02-06,,,,True
76948b89-6f1,u_02156,did_click_lp,"{""lp_name"": ""lp_academic_writing""}",2026-02-10 11:54:30+00:00,2026-02-10,lp_academic_writing,,,True
1537a58d-7f8,u_02157,did_click_lp,"{""lp_name"": ""lp_academic_writing""}",2026-02-17 04:56:19+00:00,2026-02-17,lp_academic_writing,,,True
fc6e8be0-98a,u_02157,did_install_grammarly,{},2026-02-17 05:00:19+00:00,2026-02-17,,,,True
9184849f-d8e,u_02157,try_grammarly,"{""product_feature"": ""academic_citation_helper""}",2026-02-17 05:25:19+00:00,2026-02-17,,academic_citation_helper,,True
a83cc81a-13d,u_02157,try_grammarly,"{""product_feature"": ""academic_citation_helper""}",2026-02-18 22:52:17+00:00,2026-02-18,,academic_citation_helper,,True
00172313-f4e,u_02158,did_click_lp,"{""lp_name"": ""lp_academic_writing""}",2026-02-18 17:51:12+00:00,2026-02-18,lp_academic_writing,,,True
69508589-cf7,u_02158,did_install_grammarly,{},2026-02-18 17:52:12+00:00,2026-02-18,,,,True
75aeb6cb-27d,u_02158,try_grammarly,"{""product_feature"": ""academic_citation_helper""}",2026-02-18 18:15:12+00:00,2026-02-18,,academic_citation_helper,,True
24208e8f-4fe,u_02159,did_click_lp,"{""lp_name"": ""lp_business_emails""}",2026-02-11 22:06:40+00:00,2026-02-11,lp_business_emails,,,True
b78de42d-c76,u_02159,did_install_grammarly,{},2026-02-11 22:21:40+00:00,2026-02-11,,,,True
09c7c087-d05,u_02159,try_grammarly,"{""product_feature"": ""smart_email_reply""}",2026-02-11 22:50:40+00:00,2026-02-11,,smart_email_reply,,True
2d71772b-ef7,u_02160,did_click_lp,"{""lp_name"": ""lp_academic_writing""}",2026-02-06 10:13:05+00:00,2026-02-06,lp_academic_writing,,,True
701dfc00-f3a,u_02160,did_install_grammarly,{},2026-02-06 10:20:05+00:00,2026-02-06,,,,True
78838653-455,u_02160,try_grammarly,"{""product_feature"": ""academic_citation_helper""}",2026-02-06 11:14:05+00:00,2026-02-06,,academic_citation_helper,,True
d2e42b8c-a35,u_02160,try_grammarly,"{""product_feature"": ""academic_citation_helper""}",2026-02-07 00:39:45+00:00,2026-02-07,,academic_citation_helper,,True
a706e3cf-f7f,u_02160,try_grammarly,"{""product_feature"": ""academic_citation_helper""}",2026-02-08 02:36:24+00:00,2026-02-08,,academic_citation_helper,,True
ebece3d4-732,u_02160,try_grammarly,"{""product_feature"": ""academic_citation_helper""}",2026-02-11 04:29:40+00:00,2026-02-11,,academic_citation_helper,,True
855859b5-e3a,u_02161,did_click_lp,"{""lp_name"": ""lp_business_emails""}",2026-02-21 12:20:39+00:00,2026-02-21,lp_business_emails,,,True
19d0d02f-2e3,u_02162,did_click_lp,"{""lp_name"": ""lp_business_emails""}",2026-02-26 21:30:45+00:00,2026-02-26,lp_business_emails,,,True
e499e72d-dc4,u_02163,did_click_lp,"{""lp_name"": ""lp_academic_writing""}",2026-02-15 16:50:43+00:00,2026-02-15,lp_academic_writing,,,True
ec99a869-2a1,u_02163,did_install_grammarly,{},2026-02-15 16:51:43+00:00,2026-02-15,,,,True
0bfbb3b4-65c,u_02163,try_grammarly,"{""product_feature"": ""academic_citation_helper""}",2026-02-15 17:45:43+00:00,2026-02-15,,academic_citation_helper,,True
73f0cfa3-e95,u_02163,try_grammarly,"{""product_feature"": ""academic_citation_helper""}",2026-02-16 16:04:05+00:00,2026-02-16,,academic_citation_helper,,True
6b27731e-f09,u_02163,try_grammarly,"{""product_feature"": ""academic_citation_helper""}",2026-02-17 12:49:10+00:00,2026-02-17,,academic_citation_helper,,True
94c20303-817,u_02164,did_click_lp,"{""lp_name"": ""lp_academic_writing""}",2026-02-08 22:32:17+00:00,2026-02-08,lp_academic_writing,,,True
f7b75663-eaf,u_02165,did_click_lp,"{""lp_name"": ""lp_academic_writing""}",2026-02-18 23:31:08+00:00,2026-02-18,lp_academic_writing,,,True
867d218d-e09,u_02165,did_install_grammarly,{},2026-02-18 23:34:08+00:00,2026-02-18,,,,True
841f10eb-f95,u_02165,try_grammarly,"{""product_feature"": ""academic_citation_helper""}",2026-02-18 23:58:08+00:00,2026-02-18,,academic_citation_helper,,True
914d4e56-8e2,u_02165,try_grammarly,"{""product_feature"": ""academic_citation_helper""}",2026-02-19 00:51:31+00:00,2026-02-19,,academic_citation_helper,,True
8d4bbde2-bbd,u_02166,did_click_lp,"{""lp_name"": ""lp_business_emails""}",2026-02-27 03:34:47+00:00,2026-02-27,lp_business_emails,,,True
8ceee073-441,u_02167,did_click_lp,"{""lp_name"": ""lp_business_emails""}",2026-02-13 20:33:08+00:00,2026-02-13,lp_business_emails,,,True
0b1c9a1e-bf3,u_02168,did_click_lp,"{""lp_name"": ""lp_business_emails""}",2026-02-24 02:39:50+00:00,2026-02-24,lp_business_emails,,,True
47150c23-ab0,u_02169,did_click_lp,"{""lp_name"": ""lp_academic_writing""}",2026-02-07 07:12:53+00:00,2026-02-07,lp_academic_writing,,,True
b81e839c-581,u_02169,did_install_grammarly,{},2026-02-07 07:22:53+00:00,2026-02-07,,,,True
00a8bd8d-722,u_02169,try_grammarly,"{""product_feature"": ""academic_citation_helper""}",2026-02-07 08:16:53+00:00,2026-02-07,,academic_citation_helper,,True
6a37a285-4cd,u_02169,try_grammarly,"{""product_feature"": ""academic_citation_helper""}",2026-02-08 02:43:42+00:00,2026-02-08,,academic_citation_helper,,True
c70dbc9c-5cd,u_02169,try_grammarly,"{""product_feature"": ""academic_citation_helper""}",2026-02-09 00:48:54+00:00,2026-02-09,,academic_citation_helper,,True
80c8fdc8-c26,u_02170,did_click_lp,"{""lp_name"": ""lp_academic_writing""}",2026-02-13 18:19:46+00:00,2026-02-13,lp_academic_writing,,,True
2d152408-34b,u_02171,did_click_lp,"{""lp_name"": ""lp_academic_writing""}",2026-02-12 22:42:25+00:00,2026-02-12,lp_academic_writing,,,True
e190807c-342,u_02172,did_click_lp,"{""lp_name"": ""lp_business_emails""}",2026-02-07 08:03:25+00:00,2026-02-07,lp_business_emails,,,True
0a6ec695-440,u_02172,did_install_grammarly,{},2026-02-07 08:18:25+00:00,2026-02-07,,,,True
9a3d2d7c-12c,u_02173,did_click_lp,"{""lp_name"": ""lp_business_emails""}",2026-02-19 14:57:24+00:00,2026-02-19,lp_business_emails,,,True
4d6e836f-f7a,u_02173,did_install_grammarly,{},2026-02-19 15:07:24+00:00,2026-02-19,,,,True
65e84936-23e,u_02173,try_grammarly,"{""product_feature"": ""smart_email_reply""}",2026-02-19 15:11:24+00:00,2026-02-19,,smart_email_reply,,True
3e124962-533,u_02174,did_click_lp,"{""lp_name"": ""lp_academic_writing""}",2026-02-11 18:47:24+00:00,2026-02-11,lp_academic_writing,,,True
ea00f1b8-ac4,u_02175,did_click_lp,"{""lp_name"": ""lp_business_emails""}",2026-02-24 16:17:33+00:00,2026-02-24,lp_business_emails,,,True
2c2b5eda-03e,u_02176,did_click_lp,"{""lp_name"": ""lp_business_emails""}",2026-02-25 19:36:32+00:00,2026-02-25,lp_business_emails,,,True
88e9395b-8bf,u_02177,did_click_lp,"{""lp_name"": ""lp_business_emails""}",2026-02-02 09:24:12+00:00,2026-02-02,lp_business_emails,,,True
30307fd0-24a,u_02177,did_install_grammarly,{},2026-02-02 09:33:12+00:00,2026-02-02,,,,True
277acc3c-02a,u_02177,try_grammarly,"{""product_feature"": ""smart_email_reply""}",2026-02-02 10:28:12+00:00,2026-02-02,,smart_email_reply,,True
d1a3645d-7d1,u_02178,did_click_lp,"{""lp_name"": ""lp_business_emails""}",2026-02-23 01:23:36+00:00,2026-02-23,lp_business_emails,,,True
3d597e0e-684,u_02179,did_click_lp,"{""lp_name"": ""lp_business_emails""}",2026-02-22 15:20:19+00:00,2026-02-22,lp_business_emails,,,True
dd3f3408-5db,u_02180,did_click_lp,"{""lp_name"": ""lp_business_emails""}",2026-02-09 23:43:36+00:00,2026-02-09,lp_business_emails,,,True
59890d0d-1f5,u_02181,did_click_lp,"{""lp_name"": ""lp_academic_writing""}",2026-02-06 10:55:58+00:00,2026-02-06,lp_academic_writing,,,True
9b359dc8-ce2,u_02182,did_click_lp,"{""lp_name"": ""lp_business_emails""}",2026-02-11 23:37:24+00:00,2026-02-11,lp_business_emails,,,True
d7e2db3b-31d,u_02183,did_click_lp,"{""lp_name"": ""lp_business_emails""}",2026-02-21 06:45:07+00:00,2026-02-21,lp_business_emails,,,True
cc668786-863,u_02184,did_click_lp,"{""lp_name"": ""lp_business_emails""}",2026-02-15 09:02:07+00:00,2026-02-15,lp_business_emails,,,True
bc49be84-0f6,u_02185,did_click_lp,"{""lp_name"": ""lp_academic_writing""}",2026-02-06 15:27:08+00:00,2026-02-06,lp_academic_writing,,,True
dd5a4e27-ecb,u_02185,did_install_grammarly,{},2026-02-06 15:34:08+00:00,2026-02-06,,,,True
2be8bdeb-4a9,u_02185,try_grammarly,"{""product_feature"": ""academic_citation_helper""}",2026-02-06 15:46:08+00:00,2026-02-06,,academic_citation_helper,,True
f97663d0-1bd,u_02185,try_grammarly,"{""product_feature"": ""academic_citation_helper""}",2026-02-07 15:42:35+00:00,2026-02-07,,academic_citation_helper,,True
86cc4b21-1d5,u_02186,did_click_lp,"{""lp_name"": ""lp_business_emails""}",2026-02-05 14:54:47+00:00,2026-02-05,lp_business_emails,,,True
6803093a-237,u_02187,did_click_lp,"{""lp_name"": ""lp_academic_writing""}",2026-02-23 04:48:08+00:00,2026-02-23,lp_academic_writing,,,True
18d9b74f-d84,u_02188,did_click_lp,"{""lp_name"": ""lp_business_emails""}",2026-02-19 13:19:10+00:00,2026-02-19,lp_business_emails,,,True
dd3d6f08-e01,u_02189,did_click_lp,"{""lp_name"": ""lp_academic_writing""}",2026-02-16 22:31:30+00:00,2026-02-16,lp_academic_writing,,,True
4c82e38c-fba,u_02189,did_install_grammarly,{},2026-02-16 22:38:30+00:00,2026-02-16,,,,True
2d3bb341-1cb,u_02190,did_click_lp,"{""lp_name"": ""lp_academic_writing""}",2026-02-17 23:50:17+00:00,2026-02-17,lp_academic_writing,,,True
9cc385b5-0a7,u_02190,did_install_grammarly,{},2026-02-17 23:51:17+00:00,2026-02-17,,,,True
2076039c-06f,u_02191,did_click_lp,"{""lp_name"": ""lp_academic_writing""}",2026-02-26 09:36:15+00:00,2026-02-26,lp_academic_writing,,,True
17ee4414-ffd,u_02191,did_install_grammarly,{},2026-02-26 09:41:15+00:00,2026-02-26,,,,True
f400c71d-58b,u_02192,did_click_lp,"{""lp_name"": ""lp_academic_writing""}",2026-02-11 02:09:38+00:00,2026-02-11,lp_academic_writing,,,True
fa16d702-712,u_02193,did_click_lp,"{""lp_name"": ""lp_academic_writing""}",2026-02-06 12:57:20+00:00,2026-02-06,lp_academic_writing,,,True
92b877da-bbf,u_02194,did_click_lp,"{""lp_name"": ""lp_academic_writing""}",2026-02-16 08:44:47+00:00,2026-02-16,lp_academic_writing,,,True
456ee742-e40,u_02194,did_install_grammarly,{},2026-02-16 08:54:47+00:00,2026-02-16,,,,True
9168a3c9-166,u_02194,try_grammarly,"{""product_feature"": ""academic_citation_helper""}",2026-02-16 09:29:47+00:00,2026-02-16,,academic_citation_helper,,True
46b66400-406,u_02195,did_click_lp,"{""lp_name"": ""lp_business_emails""}",2026-02-26 09:42:20+00:00,2026-02-26,lp_business_emails,,,True
50877de0-d3f,u_02195,did_install_grammarly,{},2026-02-26 09:50:20+00:00,2026-02-26,,,,True
92dea282-702,u_02195,try_grammarly,"{""product_feature"": ""smart_email_reply""}",2026-02-26 10:02:20+00:00,2026-02-26,,smart_email_reply,,True
534de8a4-aeb,u_02195,try_grammarly,"{""product_feature"": ""smart_email_reply""}",2026-02-27 18:56:07+00:00,2026-02-27,,smart_email_reply,,True
ca4269aa-2a1,u_02196,did_click_lp,"{""lp_name"": ""lp_academic_writing""}",2026-02-05 15:48:26+00:00,2026-02-05,lp_academic_writing,,,True
aabc46b5-e21,u_02197,did_click_lp,"{""lp_name"": ""lp_business_emails""}",2026-02-26 06:07:26+00:00,2026-02-26,lp_business_emails,,,True
8684cc15-d99,u_02198,did_click_lp,"{""lp_name"": ""lp_academic_writing""}",2026-02-02 17:51:58+00:00,2026-02-02,lp_academic_writing,,,True
353b0e71-446,u_02199,did_click_lp,"{""lp_name"": ""lp_business_emails""}",2026-02-03 03:56:40+00:00,2026-02-03,lp_business_emails,,,True
869e0932-79c,u_02199,did_click_lp,"{""lp_name"": ""lp_business_emails""}",2026-02-13 15:51:03+00:00,2026-02-13,lp_business_emails,,,True
81cf3043-cb3,u_02200,did_click_lp,"{""lp_name"": ""lp_business_emails""}",2026-02-15 01:52:36+00:00,2026-02-15,lp_business_emails,,,True
09ddaf3a-f19,u_02200,did_install_grammarly,{},2026-02-15 01:53:36+00:00,2026-02-15,,,,True
a2a6ade3-689,u_02200,try_grammarly,"{""product_feature"": ""smart_email_reply""}",2026-02-15 02:00:36+00:00,2026-02-15,,smart_email_reply,,True
d34106f0-65c,u_02201,did_click_lp,"{""lp_name"": ""lp_academic_writing""}",2026-02-07 16:07:55+00:00,2026-02-07,lp_academic_writing,,,True
7dd6e6fb-532,u_02202,did_click_lp,"{""lp_name"": ""lp_business_emails""}",2026-02-20 11:15:55+00:00,2026-02-20,lp_business_emails,,,True
e1b43663-de5,u_02203,did_click_lp,"{""lp_name"": ""lp_business_emails""}",2026-02-10 01:15:03+00:00,2026-02-10,lp_business_emails,,,True
47e17148-5d2,u_02203,did_install_grammarly,{},2026-02-10 01:25:03+00:00,2026-02-10,,,,True
3828fae3-f5f,u_02203,try_grammarly,"{""product_feature"": ""smart_email_reply""}",2026-02-10 02:25:03+00:00,2026-02-10,,smart_email_reply,,True
b63ccb89-bab,u_02204,did_click_lp,"{""lp_name"": ""lp_academic_writing""}",2026-02-02 15:16:26+00:00,2026-02-02,lp_academic_writing,,,True
0b5c49e4-99a,u_02204,did_install_grammarly,{},2026-02-02 15:22:26+00:00,2026-02-02,,,,True
1c334d8b-c2b,u_02205,did_click_lp,"{""lp_name"": ""lp_business_emails""}",2026-02-05 02:03:17+00:00,2026-02-05,lp_business_emails,,,True
ec72bb43-500,u_02206,did_click_lp,"{""lp_name"": ""lp_business_emails""}",2026-02-28 10:51:02+00:00,2026-02-28,lp_business_emails,,,True
476b5f0a-a2d,u_02207,did_click_lp,"{""lp_name"": ""lp_academic_writing""}",2026-02-14 22:04:07+00:00,2026-02-14,lp_academic_writing,,,True
a59aee88-cc9,u_02207,did_install_grammarly,{},2026-02-14 22:07:07+00:00,2026-02-14,,,,True
82aad22d-ee9,u_02208,did_click_lp,"{""lp_name"": ""lp_business_emails""}",2026-02-19 08:28:40+00:00,2026-02-19,lp_business_emails,,,True
b52942bf-1a1,u_02209,did_click_lp,"{""lp_name"": ""lp_business_emails""}",2026-02-06 16:55:32+00:00,2026-02-06,lp_business_emails,,,True
3c489ffe-0bf,u_02210,did_click_lp,"{""lp_name"": ""lp_business_emails""}",2026-02-05 13:56:44+00:00,2026-02-05,lp_business_emails,,,True
a0cfba16-8df,u_02211,did_click_lp,"{""lp_name"": ""lp_academic_writing""}",2026-02-02 22:38:31+00:00,2026-02-02,lp_academic_writing,,,True
95c62959-844,u_02211,did_install_grammarly,{},2026-02-02 22:42:31+00:00,2026-02-02,,,,True
c33a06c7-766,u_02211,try_grammarly,"{""product_feature"": ""academic_citation_helper""}",2026-02-02 23:11:31+00:00,2026-02-02,,academic_citation_helper,,True
00909c91-1f1,u_02211,try_grammarly,"{""product_feature"": ""academic_citation_helper""}",2026-02-03 07:18:42+00:00,2026-02-03,,academic_citation_helper,,True
052da2f2-e2b,u_02211,try_grammarly,"{""product_feature"": ""academic_citation_helper""}",2026-02-04 14:03:23+00:00,2026-02-04,,academic_citation_helper,,True
6c362a37-167,u_02212,did_click_lp,"{""lp_name"": ""lp_business_emails""}",2026-02-10 13:15:14+00:00,2026-02-10,lp_business_emails,,,True
15082a26-09f,u_02212,did_install_grammarly,{},2026-02-10 13:25:14+00:00,2026-02-10,,,,True
049cbc80-e37,u_02213,did_click_lp,"{""lp_name"": ""lp_business_emails""}",2026-02-25 16:31:48+00:00,2026-02-25,lp_business_emails,,,True
9e7dc0f3-44b,u_02214,did_click_lp,"{""lp_name"": ""lp_academic_writing""}",2026-02-04 12:02:27+00:00,2026-02-04,lp_academic_writing,,,True
cb059d2f-2a8,u_02214,did_install_grammarly,{},2026-02-04 12:07:27+00:00,2026-02-04,,,,True
e193766a-4f4,u_02214,try_grammarly,"{""product_feature"": ""academic_citation_helper""}",2026-02-04 12:49:27+00:00,2026-02-04,,academic_citation_helper,,True
4e520cbe-66a,u_02215,did_click_lp,"{""lp_name"": ""lp_business_emails""}",2026-02-24 02:49:33+00:00,2026-02-24,lp_business_emails,,,True
498c2969-97f,u_02215,did_install_grammarly,{},2026-02-24 02:54:33+00:00,2026-02-24,,,,True
c3214760-9ef,u_02216,did_click_lp,"{""lp_name"": ""lp_business_emails""}",2026-02-02 06:19:27+00:00,2026-02-02,lp_business_emails,,,True
479cbc47-356,u_02216,did_install_grammarly,{},2026-02-02 06:26:27+00:00,2026-02-02,,,,True
5bc929d4-c18,u_02217,did_click_lp,"{""lp_name"": ""lp_academic_writing""}",2026-02-08 02:32:41+00:00,2026-02-08,lp_academic_writing,,,True
9998d006-b4b,u_02217,did_install_grammarly,{},2026-02-08 02:35:41+00:00,2026-02-08,,,,True
c4fae065-6d1,u_02217,try_grammarly,"{""product_feature"": ""academic_citation_helper""}",2026-02-08 03:03:41+00:00,2026-02-08,,academic_citation_helper,,True
90319038-f32,u_02217,try_grammarly,"{""product_feature"": ""academic_citation_helper""}",2026-02-09 03:42:14+00:00,2026-02-09,,academic_citation_helper,,True
d04e1441-780,u_02217,try_grammarly,"{""product_feature"": ""academic_citation_helper""}",2026-02-10 10:46:07+00:00,2026-02-10,,academic_citation_helper,,True
f7a5843e-d48,u_02218,did_click_lp,"{""lp_name"": ""lp_academic_writing""}",2026-02-09 19:38:44+00:00,2026-02-09,lp_academic_writing,,,True
e7c50e78-246,u_02218,did_install_grammarly,{},2026-02-09 19:40:44+00:00,2026-02-09,,,,True
3d1900fd-03f,u_02218,try_grammarly,"{""product_feature"": ""academic_citation_helper""}",2026-02-09 20:24:44+00:00,2026-02-09,,academic_citation_helper,,True
5dfd206e-8bb,u_02218,try_grammarly,"{""product_feature"": ""academic_citation_helper""}",2026-02-10 03:50:06+00:00,2026-02-10,,academic_citation_helper,,True
939c4bd5-5b9,u_02218,try_grammarly,"{""product_feature"": ""academic_citation_helper""}",2026-02-11 19:12:49+00:00,2026-02-11,,academic_citation_helper,,True
9b296f48-ed5,u_02218,try_grammarly,"{""product_feature"": ""academic_citation_helper""}",2026-02-14 06:22:45+00:00,2026-02-14,,academic_citation_helper,,True
6aa79241-f19,u_02219,did_click_lp,"{""lp_name"": ""lp_business_emails""}",2026-02-11 20:57:06+00:00,2026-02-11,lp_business_emails,,,True
76c33efe-dae,u_02219,did_install_grammarly,{},2026-02-11 21:03:06+00:00,2026-02-11,,,,True
7f64dd7d-fbf,u_02219,try_grammarly,"{""product_feature"": ""smart_email_reply""}",2026-02-11 21:35:06+00:00,2026-02-11,,smart_email_reply,,True
ad3aebfc-f56,u_02220,did_click_lp,"{""lp_name"": ""lp_academic_writing""}",2026-02-11 17:28:03+00:00,2026-02-11,lp_academic_writing,,,True
215cf235-433,u_02220,did_install_grammarly,{},2026-02-11 17:36:03+00:00,2026-02-11,,,,True
d2b6cc2c-e92,u_02221,did_click_lp,"{""lp_name"": ""lp_business_emails""}",2026-02-02 00:16:34+00:00,2026-02-02,lp_business_emails,,,True
533f3946-7f7,u_02221,did_install_grammarly,{},2026-02-02 00:24:34+00:00,2026-02-02,,,,True
f29d8556-6ad,u_02221,try_grammarly,"{""product_feature"": ""smart_email_reply""}",2026-02-02 01:09:34+00:00,2026-02-02,,smart_email_reply,,True
fc552151-97e,u_02221,try_grammarly,"{""product_feature"": ""smart_email_reply""}",2026-02-03 06:24:36+00:00,2026-02-03,,smart_email_reply,,True
09552e93-309,u_02222,did_click_lp,"{""lp_name"": ""lp_academic_writing""}",2026-02-20 23:39:59+00:00,2026-02-20,lp_academic_writing,,,True
a786e695-429,u_02222,did_install_grammarly,{},2026-02-20 23:48:59+00:00,2026-02-20,,,,True
3344d26d-10c,u_02222,try_grammarly,"{""product_feature"": ""academic_citation_helper""}",2026-02-21 00:01:59+00:00,2026-02-21,,academic_citation_helper,,True
6da78a3b-211,u_02222,try_grammarly,"{""product_feature"": ""academic_citation_helper""}",2026-02-21 01:06:02+00:00,2026-02-21,,academic_citation_helper,,True
d9d513ba-bf7,u_02222,try_grammarly,"{""product_feature"": ""academic_citation_helper""}",2026-02-22 07:41:22+00:00,2026-02-22,,academic_citation_helper,,True
45581b17-5bd,u_02223,did_click_lp,"{""lp_name"": ""lp_business_emails""}",2026-02-25 07:46:06+00:00,2026-02-25,lp_business_emails,,,True
1bd5c47d-424,u_02223,did_install_grammarly,{},2026-02-25 07:55:06+00:00,2026-02-25,,,,True
7c14c7a5-72c,u_02224,did_click_lp,"{""lp_name"": ""lp_academic_writing""}",2026-02-28 04:22:18+00:00,2026-02-28,lp_academic_writing,,,True
f7998b7c-e78,u_02225,did_click_lp,"{""lp_name"": ""lp_business_emails""}",2026-02-12 14:37:36+00:00,2026-02-12,lp_business_emails,,,True
518cb727-1fe,u_02225,did_install_grammarly,{},2026-02-12 14:52:36+00:00,2026-02-12,,,,True
ee1949a7-0cb,u_02225,try_grammarly,"{""product_feature"": ""smart_email_reply""}",2026-02-12 15:26:36+00:00,2026-02-12,,smart_email_reply,,True
4750e5af-54b,u_02226,did_click_lp,"{""lp_name"": ""lp_business_emails""}",2026-02-26 23:47:41+00:00,2026-02-26,lp_business_emails,,,True
146ef0a7-549,u_02226,did_install_grammarly,{},2026-02-27 00:02:41+00:00,2026-02-27,,,,True
3908a98f-9f9,u_02226,try_grammarly,"{""product_feature"": ""smart_email_reply""}",2026-02-27 00:47:41+00:00,2026-02-27,,smart_email_reply,,True
45874f47-853,u_02227,did_click_lp,"{""lp_name"": ""lp_academic_writing""}",2026-02-16 15:13:37+00:00,2026-02-16,lp_academic_writing,,,True
d13fb8a7-159,u_02227,did_install_grammarly,{},2026-02-16 15:20:37+00:00,2026-02-16,,,,True
99902348-ea4,u_02227,try_grammarly,"{""product_feature"": ""academic_citation_helper""}",2026-02-16 15:27:37+00:00,2026-02-16,,academic_citation_helper,,True
cd915ea7-246,u_02227,try_grammarly,"{""product_feature"": ""academic_citation_helper""}",2026-02-17 18:10:08+00:00,2026-02-17,,academic_citation_helper,,True
0e35b7bc-6bc,u_02228,did_click_lp,"{""lp_name"": ""lp_academic_writing""}",2026-02-23 17:11:37+00:00,2026-02-23,lp_academic_writing,,,True
26591d57-da4,u_02229,did_click_lp,"{""lp_name"": ""lp_business_emails""}",2026-02-23 12:18:34+00:00,2026-02-23,lp_business_emails,,,True
96d892ae-280,u_02229,did_install_grammarly,{},2026-02-23 12:32:34+00:00,2026-02-23,,,,True
c9eeb7a7-2ef,u_02230,did_click_lp,"{""lp_name"": ""lp_academic_writing""}",2026-02-09 20:32:22+00:00,2026-02-09,lp_academic_writing,,,True
5051167f-faf,u_02230,did_install_grammarly,{},2026-02-09 20:34:22+00:00,2026-02-09,,,,True
9821bbf7-c19,u_02230,try_grammarly,"{""product_feature"": ""academic_citation_helper""}",2026-02-09 21:15:22+00:00,2026-02-09,,academic_citation_helper,,True
271254d0-45e,u_02230,try_grammarly,"{""product_feature"": ""academic_citation_helper""}",2026-02-10 14:21:15+00:00,2026-02-10,,academic_citation_helper,,True
f00f0cc8-49d,u_02231,did_click_lp,"{""lp_name"": ""lp_business_emails""}",2026-02-13 18:22:23+00:00,2026-02-13,lp_business_emails,,,True
5c4dfa50-227,u_02232,did_click_lp,"{""lp_name"": ""lp_academic_writing""}",2026-02-24 11:57:58+00:00,2026-02-24,lp_academic_writing,,,True
7f782c5c-fa3,u_02233,did_click_lp,"{""lp_name"": ""lp_business_emails""}",2026-02-11 06:23:15+00:00,2026-02-11,lp_business_emails,,,True
595f8187-6df,u_02234,did_click_lp,"{""lp_name"": ""lp_business_emails""}",2026-02-06 04:59:07+00:00,2026-02-06,lp_business_emails,,,True
1d23e9d8-733,u_02234,did_install_grammarly,{},2026-02-06 05:11:07+00:00,2026-02-06,,,,True
225f4d5e-0a4,u_02235,did_click_lp,"{""lp_name"": ""lp_business_emails""}",2026-02-24 06:59:36+00:00,2026-02-24,lp_business_emails,,,True
58361bd0-527,u_02236,did_click_lp,"{""lp_name"": ""lp_academic_writing""}",2026-02-14 22:58:22+00:00,2026-02-14,lp_academic_writing,,,True
66e2eef6-e9f,u_02237,did_click_lp,"{""lp_name"": ""lp_business_emails""}",2026-02-25 20:54:59+00:00,2026-02-25,lp_business_emails,,,True
6a098d63-4ec,u_02238,did_click_lp,"{""lp_name"": ""lp_business_emails""}",2026-02-26 09:49:43+00:00,2026-02-26,lp_business_emails,,,True
10aa0603-d6f,u_02239,did_click_lp,"{""lp_name"": ""lp_academic_writing""}",2026-02-06 20:18:01+00:00,2026-02-06,lp_academic_writing,,,True
cb260a87-36b,u_02239,did_install_grammarly,{},2026-02-06 20:21:01+00:00,2026-02-06,,,,True
2cc2bfd7-c6d,u_02240,did_click_lp,"{""lp_name"": ""lp_academic_writing""}",2026-02-02 18:33:30+00:00,2026-02-02,lp_academic_writing,,,True
5266eba8-22b,u_02240,did_click_lp,"{""lp_name"": ""lp_business_emails""}",2026-02-03 20:14:08+00:00,2026-02-03,lp_business_emails,,,True
dd045470-268,u_02241,did_click_lp,"{""lp_name"": ""lp_academic_writing""}",2026-02-18 19:58:09+00:00,2026-02-18,lp_academic_writing,,,True
8b35d852-869,u_02241,did_install_grammarly,{},2026-02-18 20:08:09+00:00,2026-02-18,,,,True
ef166d0e-224,u_02242,did_click_lp,"{""lp_name"": ""lp_academic_writing""}",2026-02-08 20:18:31+00:00,2026-02-08,lp_academic_writing,,,True
5e103099-2e2,u_02243,did_click_lp,"{""lp_name"": ""lp_business_emails""}",2026-02-26 13:16:56+00:00,2026-02-26,lp_business_emails,,,True
341cced2-8a1,u_02244,did_click_lp,"{""lp_name"": ""lp_academic_writing""}",2026-02-09 02:07:06+00:00,2026-02-09,lp_academic_writing,,,True
57296133-41f,u_02245,did_click_lp,"{""lp_name"": ""lp_business_emails""}",2026-02-18 09:19:16+00:00,2026-02-18,lp_business_emails,,,True
5e75a10a-acd,u_02246,did_click_lp,"{""lp_name"": ""lp_academic_writing""}",2026-02-06 14:29:00+00:00,2026-02-06,lp_academic_writing,,,True
fcfb1c3c-e36,u_02247,did_click_lp,"{""lp_name"": ""lp_business_emails""}",2026-02-11 23:23:51+00:00,2026-02-11,lp_business_emails,,,True
18e74e91-e49,u_02248,did_click_lp,"{""lp_name"": ""lp_academic_writing""}",2026-02-23 06:56:29+00:00,2026-02-23,lp_academic_writing,,,True
4dc98605-7eb,u_02248,did_install_grammarly,{},2026-02-23 07:02:29+00:00,2026-02-23,,,,True
9986f5f2-791,u_02249,did_click_lp,"{""lp_name"": ""lp_academic_writing""}",2026-02-03 19:06:43+00:00,2026-02-03,lp_academic_writing,,,True
f11d0ffa-99e,u_02250,did_click_lp,"{""lp_name"": ""lp_academic_writing""}",2026-02-17 07:19:47+00:00,2026-02-17,lp_academic_writing,,,True
fd467cd9-805,u_02251,did_click_lp,"{""lp_name"": ""lp_academic_writing""}",2026-02-11 08:13:37+00:00,2026-02-11,lp_academic_writing,,,True
b26a5249-be8,u_02252,did_click_lp,"{""lp_name"": ""lp_business_emails""}",2026-02-21 02:37:32+00:00,2026-02-21,lp_business_emails,,,True
31ecea76-302,u_02252,did_click_lp,"{""lp_name"": ""lp_academic_writing""}",2026-02-22 02:09:19+00:00,2026-02-22,lp_academic_writing,,,True
963c145c-4e0,u_02253,did_click_lp,"{""lp_name"": ""lp_business_emails""}",2026-02-28 05:25:18+00:00,2026-02-28,lp_business_emails,,,True
69289a10-0a7,u_02253,did_install_grammarly,{},2026-02-28 05:39:18+00:00,2026-02-28,,,,True
157171da-07f,u_02253,try_grammarly,"{""product_feature"": ""smart_email_reply""}",2026-02-28 06:11:18+00:00,2026-02-28,,smart_email_reply,,True
cb553037-2db,u_02254,did_click_lp,"{""lp_name"": ""lp_academic_writing""}",2026-02-20 09:21:58+00:00,2026-02-20,lp_academic_writing,,,True
ace2ad5c-1a4,u_02254,did_install_grammarly,{},2026-02-20 09:23:58+00:00,2026-02-20,,,,True
d136dd0a-b45,u_02254,try_grammarly,"{""product_feature"": ""academic_citation_helper""}",2026-02-20 09:39:58+00:00,2026-02-20,,academic_citation_helper,,True
70845f01-4bc,u_02254,try_grammarly,"{""product_feature"": ""academic_citation_helper""}",2026-02-21 09:39:42+00:00,2026-02-21,,academic_citation_helper,,True
0e439296-b62,u_02255,did_click_lp,"{""lp_name"": ""lp_business_emails""}",2026-02-26 07:53:20+00:00,2026-02-26,lp_business_emails,,,True
7b4b7238-53d,u_02256,did_click_lp,"{""lp_name"": ""lp_academic_writing""}",2026-02-21 13:12:17+00:00,2026-02-21,lp_academic_writing,,,True
0331e52a-066,u_02256,did_install_grammarly,{},2026-02-21 13:14:17+00:00,2026-02-21,,,,True
d6ea2d1e-5c1,u_02256,try_grammarly,"{""product_feature"": ""academic_citation_helper""}",2026-02-21 14:08:17+00:00,2026-02-21,,academic_citation_helper,,True
9f2b6529-edd,u_02257,did_click_lp,"{""lp_name"": ""lp_academic_writing""}",2026-02-10 11:06:00+00:00,2026-02-10,lp_academic_writing,,,True
1e7b66b5-4df,u_02257,did_install_grammarly,{},2026-02-10 11:09:00+00:00,2026-02-10,,,,True
046b49cf-53e,u_02257,try_grammarly,"{""product_feature"": ""academic_citation_helper""}",2026-02-10 11:14:00+00:00,2026-02-10,,academic_citation_helper,,True
fda9cd3e-2e1,u_02257,try_grammarly,"{""product_feature"": ""academic_citation_helper""}",2026-02-11 15:12:05+00:00,2026-02-11,,academic_citation_helper,,True
8c839188-469,u_02257,try_grammarly,"{""product_feature"": ""academic_citation_helper""}",2026-02-12 04:26:07+00:00,2026-02-12,,academic_citation_helper,,True
46371a51-4a6,u_02258,did_click_lp,"{""lp_name"": ""lp_academic_writing""}",2026-02-17 04:27:58+00:00,2026-02-17,lp_academic_writing,,,True
f2ec8fb8-078,u_02259,did_click_lp,"{""lp_name"": ""lp_academic_writing""}",2026-02-16 12:30:38+00:00,2026-02-16,lp_academic_writing,,,True
a7e845bb-ccd,u_02260,did_click_lp,"{""lp_name"": ""lp_business_emails""}",2026-02-10 08:26:07+00:00,2026-02-10,lp_business_emails,,,True
15cd61ff-a2b,u_02261,did_click_lp,"{""lp_name"": ""lp_business_emails""}",2026-02-15 05:45:07+00:00,2026-02-15,lp_business_emails,,,True
0d43fcd2-012,u_02262,did_click_lp,"{""lp_name"": ""lp_business_emails""}",2026-02-03 13:43:56+00:00,2026-02-03,lp_business_emails,,,True
21a95cc8-0fb,u_02263,did_click_lp,"{""lp_name"": ""lp_business_emails""}",2026-02-02 11:41:50+00:00,2026-02-02,lp_business_emails,,,True
66fc8f33-0be,u_02264,did_click_lp,"{""lp_name"": ""lp_business_emails""}",2026-02-25 21:47:29+00:00,2026-02-25,lp_business_emails,,,True
7d7078c9-c2d,u_02265,did_click_lp,"{""lp_name"": ""lp_business_emails""}",2026-02-09 19:37:24+00:00,2026-02-09,lp_business_emails,,,True
3be3da2c-280,u_02265,did_install_grammarly,{},2026-02-09 19:38:24+00:00,2026-02-09,,,,True
5f3c4f9d-d11,u_02266,did_click_lp,"{""lp_name"": ""lp_academic_writing""}",2026-02-02 11:50:27+00:00,2026-02-02,lp_academic_writing,,,True
f94f2cd4-fdb,u_02267,did_click_lp,"{""lp_name"": ""lp_business_emails""}",2026-02-28 13:22:08+00:00,2026-02-28,lp_business_emails,,,True
53814a11-7f9,u_02268,did_click_lp,"{""lp_name"": ""lp_business_emails""}",2026-02-17 18:39:59+00:00,2026-02-17,lp_business_emails,,,True
e58605fa-93d,u_02269,did_click_lp,"{""lp_name"": ""lp_business_emails""}",2026-02-07 01:24:38+00:00,2026-02-07,lp_business_emails,,,True
3619eb27-632,u_02270,did_click_lp,"{""lp_name"": ""lp_business_emails""}",2026-02-22 10:34:29+00:00,2026-02-22,lp_business_emails,,,True
5a9a5048-14f,u_02271,did_click_lp,"{""lp_name"": ""lp_business_emails""}",2026-02-08 17:15:56+00:00,2026-02-08,lp_business_emails,,,True
6ad942ed-11b,u_02271,did_install_grammarly,{},2026-02-08 17:24:56+00:00,2026-02-08,,,,True
3d7da09f-d84,u_02271,try_grammarly,"{""product_feature"": ""smart_email_reply""}",2026-02-08 18:10:56+00:00,2026-02-08,,smart_email_reply,,True
b6f3ba59-ad0,u_02272,did_click_lp,"{""lp_name"": ""lp_business_emails""}",2026-02-07 01:18:36+00:00,2026-02-07,lp_business_emails,,,True
e8474838-693,u_02272,did_install_grammarly,{},2026-02-07 01:25:36+00:00,2026-02-07,,,,True
290656a3-e8d,u_02272,try_grammarly,"{""product_feature"": ""smart_email_reply""}",2026-02-07 02:02:36+00:00,2026-02-07,,smart_email_reply,,True
a059cac6-2c1,u_02272,try_grammarly,"{""product_feature"": ""smart_email_reply""}",2026-02-08 14:41:56+00:00,2026-02-08,,smart_email_reply,,True
7deeff16-b32,u_02273,did_click_lp,"{""lp_name"": ""lp_academic_writing""}",2026-02-12 22:49:15+00:00,2026-02-12,lp_academic_writing,,,True
3718744a-f0b,u_02274,did_click_lp,"{""lp_name"": ""lp_academic_writing""}",2026-02-09 02:01:04+00:00,2026-02-09,lp_academic_writing,,,True
94e152a8-715,u_02274,did_install_grammarly,{},2026-02-09 02:09:04+00:00,2026-02-09,,,,True
066371b4-4b7,u_02275,did_click_lp,"{""lp_name"": ""lp_business_emails""}",2026-02-13 17:46:21+00:00,2026-02-13,lp_business_emails,,,True
de94b842-8bf,u_02275,did_install_grammarly,{},2026-02-13 17:57:21+00:00,2026-02-13,,,,True
adc64946-1ea,u_02275,try_grammarly,"{""product_feature"": ""smart_email_reply""}",2026-02-13 18:43:21+00:00,2026-02-13,,smart_email_reply,,True
63a39a46-5c6,u_02276,did_click_lp,"{""lp_name"": ""lp_academic_writing""}",2026-02-07 15:47:12+00:00,2026-02-07,lp_academic_writing,,,True
2224ece3-f43,u_02276,did_install_grammarly,{},2026-02-07 15:51:12+00:00,2026-02-07,,,,True
76b53730-fd3,u_02277,did_click_lp,"{""lp_name"": ""lp_business_emails""}",2026-02-23 17:35:14+00:00,2026-02-23,lp_business_emails,,,True
3e86e480-647,u_02277,did_install_grammarly,{},2026-02-23 17:42:14+00:00,2026-02-23,,,,True
0935e50d-c0b,u_02277,try_grammarly,"{""product_feature"": ""smart_email_reply""}",2026-02-23 18:34:14+00:00,2026-02-23,,smart_email_reply,,True
432acd15-f79,u_02278,did_click_lp,"{""lp_name"": ""lp_academic_writing""}",2026-02-06 02:31:21+00:00,2026-02-06,lp_academic_writing,,,True
1550d14d-fa5,u_02279,did_click_lp,"{""lp_name"": ""lp_academic_writing""}",2026-02-11 22:27:56+00:00,2026-02-11,lp_academic_writing,,,True
9c1b22d7-bdf,u_02280,did_click_lp,"{""lp_name"": ""lp_academic_writing""}",2026-02-10 18:19:31+00:00,2026-02-10,lp_academic_writing,,,True
9218cc7a-174,u_02281,did_click_lp,"{""lp_name"": ""lp_academic_writing""}",2026-02-04 05:29:20+00:00,2026-02-04,lp_academic_writing,,,True
86cd97eb-e0d,u_02282,did_click_lp,"{""lp_name"": ""lp_business_emails""}",2026-02-02 18:02:41+00:00,2026-02-02,lp_business_emails,,,True
f976fc00-fc6,u_02283,did_click_lp,"{""lp_name"": ""lp_business_emails""}",2026-02-12 02:17:26+00:00,2026-02-12,lp_business_emails,,,True
d852483d-706,u_02284,did_click_lp,"{""lp_name"": ""lp_business_emails""}",2026-02-15 08:37:51+00:00,2026-02-15,lp_business_emails,,,True
52ddc1ac-534,u_02284,did_install_grammarly,{},2026-02-15 08:50:51+00:00,2026-02-15,,,,True
2c32d9c4-6fd,u_02285,did_click_lp,"{""lp_name"": ""lp_academic_writing""}",2026-02-26 15:34:19+00:00,2026-02-26,lp_academic_writing,,,True
33f81796-f8c,u_02285,did_install_grammarly,{},2026-02-26 15:35:19+00:00,2026-02-26,,,,True
dececce1-4af,u_02285,try_grammarly,"{""product_feature"": ""academic_citation_helper""}",2026-02-26 15:54:19+00:00,2026-02-26,,academic_citation_helper,,True
4b1a7f7f-347,u_02285,try_grammarly,"{""product_feature"": ""academic_citation_helper""}",2026-02-27 00:33:30+00:00,2026-02-27,,academic_citation_helper,,True
f8465cdc-9ec,u_02285,try_grammarly,"{""product_feature"": ""academic_citation_helper""}",2026-02-28 19:12:51+00:00,2026-02-28,,academic_citation_helper,,True
0948ddd2-844,u_02285,try_grammarly,"{""product_feature"": ""academic_citation_helper""}",2026-03-03 05:58:51+00:00,2026-03-03,,academic_citation_helper,,True
0e1c8da8-92b,u_02286,did_click_lp,"{""lp_name"": ""lp_business_emails""}",2026-02-06 00:06:09+00:00,2026-02-06,lp_business_emails,,,True
b7a09ecf-f5c,u_02287,did_click_lp,"{""lp_name"": ""lp_business_emails""}",2026-02-24 04:30:39+00:00,2026-02-24,lp_business_emails,,,True
2c388332-737,u_02288,did_click_lp,"{""lp_name"": ""lp_academic_writing""}",2026-02-21 18:51:11+00:00,2026-02-21,lp_academic_writing,,,True
8c78c9b8-3c8,u_02289,did_click_lp,"{""lp_name"": ""lp_academic_writing""}",2026-02-13 12:13:25+00:00,2026-02-13,lp_academic_writing,,,True
117eda15-026,u_02289,did_install_grammarly,{},2026-02-13 12:20:25+00:00,2026-02-13,,,,True
918f2e12-c8e,u_02289,try_grammarly,"{""product_feature"": ""academic_citation_helper""}",2026-02-13 12:31:25+00:00,2026-02-13,,academic_citation_helper,,True
c74dae85-a96,u_02289,try_grammarly,"{""product_feature"": ""academic_citation_helper""}",2026-02-14 14:40:57+00:00,2026-02-14,,academic_citation_helper,,True
2e1bc402-0ca,u_02289,try_grammarly,"{""product_feature"": ""academic_citation_helper""}",2026-02-15 05:06:43+00:00,2026-02-15,,academic_citation_helper,,True
51077f18-daa,u_02290,did_click_lp,"{""lp_name"": ""lp_business_emails""}",2026-02-04 07:19:57+00:00,2026-02-04,lp_business_emails,,,True
64e244de-3ac,u_02291,did_click_lp,"{""lp_name"": ""lp_academic_writing""}",2026-02-07 07:49:29+00:00,2026-02-07,lp_academic_writing,,,True
e03cc7c5-c43,u_02292,did_click_lp,"{""lp_name"": ""lp_academic_writing""}",2026-02-27 21:28:43+00:00,2026-02-27,lp_academic_writing,,,True
0bc7032c-fee,u_02292,did_install_grammarly,{},2026-02-27 21:35:43+00:00,2026-02-27,,,,True
ec83c087-f0e,u_02293,did_click_lp,"{""lp_name"": ""lp_academic_writing""}",2026-02-08 17:41:50+00:00,2026-02-08,lp_academic_writing,,,True
fd6e79e5-89d,u_02293,did_install_grammarly,{},2026-02-08 17:51:50+00:00,2026-02-08,,,,True
26579632-b15,u_02293,try_grammarly,"{""product_feature"": ""academic_citation_helper""}",2026-02-08 18:01:50+00:00,2026-02-08,,academic_citation_helper,,True
19c3e382-685,u_02293,did_click_lp,"{""lp_name"": ""lp_academic_writing""}",2026-02-23 19:12:57+00:00,2026-02-23,lp_academic_writing,,,True
2de9344d-c59,u_02294,did_click_lp,"{""lp_name"": ""lp_business_emails""}",2026-02-08 13:28:57+00:00,2026-02-08,lp_business_emails,,,True
5888a452-f39,u_02295,did_click_lp,"{""lp_name"": ""lp_academic_writing""}",2026-02-02 10:44:36+00:00,2026-02-02,lp_academic_writing,,,True
20c069fb-ce7,u_02296,did_click_lp,"{""lp_name"": ""lp_academic_writing""}",2026-02-07 03:04:00+00:00,2026-02-07,lp_academic_writing,,,True
4407bf6e-807,u_02296,did_install_grammarly,{},2026-02-07 03:06:00+00:00,2026-02-07,,,,True
b8069df0-402,u_02296,try_grammarly,"{""product_feature"": ""academic_citation_helper""}",2026-02-07 03:26:00+00:00,2026-02-07,,academic_citation_helper,,True
527a8275-07a,u_02296,try_grammarly,"{""product_feature"": ""academic_citation_helper""}",2026-02-08 15:01:53+00:00,2026-02-08,,academic_citation_helper,,True
af756b6b-3f6,u_02296,try_grammarly,"{""product_feature"": ""academic_citation_helper""}",2026-02-09 12:03:59+00:00,2026-02-09,,academic_citation_helper,,True
bfeacc9d-9e7,u_02296,try_grammarly,"{""product_feature"": ""academic_citation_helper""}",2026-02-11 15:11:52+00:00,2026-02-11,,academic_citation_helper,,True
6d0eb49c-5f3,u_02297,did_click_lp,"{""lp_name"": ""lp_academic_writing""}",2026-02-24 21:09:01+00:00,2026-02-24,lp_academic_writing,,,True
9f5fc06f-924,u_02298,did_click_lp,"{""lp_name"": ""lp_business_emails""}",2026-02-08 05:20:41+00:00,2026-02-08,lp_business_emails,,,True
71d1721c-2be,u_02298,did_install_grammarly,{},2026-02-08 05:24:41+00:00,2026-02-08,,,,True
c810cfcd-587,u_02299,did_click_lp,"{""lp_name"": ""lp_business_emails""}",2026-02-01 18:21:59+00:00,2026-02-01,lp_business_emails,,,True
9b3ca984-35b,u_02300,did_click_lp,"{""lp_name"": ""lp_business_emails""}",2026-02-11 01:28:18+00:00,2026-02-11,lp_business_emails,,,True
84d208a1-3b4,u_02300,did_install_grammarly,{},2026-02-11 01:42:18+00:00,2026-02-11,,,,True
dfc2d2c6-3b4,u_02300,try_grammarly,"{""product_feature"": ""smart_email_reply""}",2026-02-11 02:33:18+00:00,2026-02-11,,smart_email_reply,,True
7ed1c691-ec6,u_02301,did_click_lp,"{""lp_name"": ""lp_academic_writing""}",2026-02-21 04:54:32+00:00,2026-02-21,lp_academic_writing,,,True
0943aba0-19f,u_02301,did_install_grammarly,{},2026-02-21 04:57:32+00:00,2026-02-21,,,,True
588a69f4-2b1,u_02301,try_grammarly,"{""product_feature"": ""academic_citation_helper""}",2026-02-21 05:25:32+00:00,2026-02-21,,academic_citation_helper,,True
26cb193a-f68,u_02301,try_grammarly,"{""product_feature"": ""academic_citation_helper""}",2026-02-22 14:55:39+00:00,2026-02-22,,academic_citation_helper,,True
3b891786-65a,u_02301,try_grammarly,"{""product_feature"": ""academic_citation_helper""}",2026-02-23 12:12:04+00:00,2026-02-23,,academic_citation_helper,,True
73190670-abf,u_02301,try_grammarly,"{""product_feature"": ""academic_citation_helper""}",2026-02-24 21:19:55+00:00,2026-02-24,,academic_citation_helper,,True
95e45886-169,u_02302,did_click_lp,"{""lp_name"": ""lp_business_emails""}",2026-02-20 16:51:12+00:00,2026-02-20,lp_business_emails,,,True
02368d41-4b8,u_02303,did_click_lp,"{""lp_name"": ""lp_academic_writing""}",2026-02-14 16:26:23+00:00,2026-02-14,lp_academic_writing,,,True
47e973c9-29b,u_02304,did_click_lp,"{""lp_name"": ""lp_business_emails""}",2026-02-04 20:12:22+00:00,2026-02-04,lp_business_emails,,,True
eabafb28-fc7,u_02305,did_click_lp,"{""lp_name"": ""lp_academic_writing""}",2026-02-16 03:41:42+00:00,2026-02-16,lp_academic_writing,,,True
e21ed0ca-369,u_02306,did_click_lp,"{""lp_name"": ""lp_business_emails""}",2026-02-04 14:48:31+00:00,2026-02-04,lp_business_emails,,,True
7d2807b5-1b3,u_02307,did_click_lp,"{""lp_name"": ""lp_business_emails""}",2026-02-12 11:18:27+00:00,2026-02-12,lp_business_emails,,,True
cf05cb7b-9c3,u_02308,did_click_lp,"{""lp_name"": ""lp_academic_writing""}",2026-02-13 12:25:06+00:00,2026-02-13,lp_academic_writing,,,True
76628d28-c17,u_02308,did_install_grammarly,{},2026-02-13 12:30:06+00:00,2026-02-13,,,,True
4cb94c70-2f5,u_02308,try_grammarly,"{""product_feature"": ""academic_citation_helper""}",2026-02-13 12:45:06+00:00,2026-02-13,,academic_citation_helper,,True
758b23f6-a29,u_02309,did_click_lp,"{""lp_name"": ""lp_academic_writing""}",2026-02-05 16:54:38+00:00,2026-02-05,lp_academic_writing,,,True
85f53583-24a,u_02310,did_click_lp,"{""lp_name"": ""lp_business_emails""}",2026-02-15 20:51:13+00:00,2026-02-15,lp_business_emails,,,True
0f262e49-8ed,u_02310,did_install_grammarly,{},2026-02-15 20:56:13+00:00,2026-02-15,,,,True
0ca9ba9c-c9e,u_02310,try_grammarly,"{""product_feature"": ""smart_email_reply""}",2026-02-15 21:00:13+00:00,2026-02-15,,smart_email_reply,,True
80c47b2e-7a5,u_02311,did_click_lp,"{""lp_name"": ""lp_business_emails""}",2026-02-03 03:43:35+00:00,2026-02-03,lp_business_emails,,,True
26121efd-829,u_02312,did_click_lp,"{""lp_name"": ""lp_business_emails""}",2026-02-28 10:01:02+00:00,2026-02-28,lp_business_emails,,,True
55720371-912,u_02313,did_click_lp,"{""lp_name"": ""lp_academic_writing""}",2026-02-25 16:29:53+00:00,2026-02-25,lp_academic_writing,,,True
c1076915-733,u_02313,did_install_grammarly,{},2026-02-25 16:30:53+00:00,2026-02-25,,,,True
599e7752-f21,u_02313,try_grammarly,"{""product_feature"": ""academic_citation_helper""}",2026-02-25 17:16:53+00:00,2026-02-25,,academic_citation_helper,,True
01d79eab-991,u_02313,try_grammarly,"{""product_feature"": ""academic_citation_helper""}",2026-02-26 19:06:52+00:00,2026-02-26,,academic_citation_helper,,True
6985ca1f-753,u_02313,try_grammarly,"{""product_feature"": ""academic_citation_helper""}",2026-02-27 15:44:21+00:00,2026-02-27,,academic_citation_helper,,True
1fd1b2a8-b4a,u_02314,did_click_lp,"{""lp_name"": ""lp_business_emails""}",2026-02-08 07:44:45+00:00,2026-02-08,lp_business_emails,,,True
e7228b88-9d5,u_02315,did_click_lp,"{""lp_name"": ""lp_academic_writing""}",2026-02-22 15:10:38+00:00,2026-02-22,lp_academic_writing,,,True
bb74387d-6c4,u_02316,did_click_lp,"{""lp_name"": ""lp_business_emails""}",2026-02-13 13:27:06+00:00,2026-02-13,lp_business_emails,,,True
866887d0-3fc,u_02316,did_install_grammarly,{},2026-02-13 13:33:06+00:00,2026-02-13,,,,True
e0db3522-a7c,u_02317,did_click_lp,"{""lp_name"": ""lp_academic_writing""}",2026-02-11 11:00:52+00:00,2026-02-11,lp_academic_writing,,,True
65db2dfe-5af,u_02317,did_install_grammarly,{},2026-02-11 11:09:52+00:00,2026-02-11,,,,True
8ada385e-60b,u_02318,did_click_lp,"{""lp_name"": ""lp_academic_writing""}",2026-02-07 18:40:40+00:00,2026-02-07,lp_academic_writing,,,True
de1868c2-dc3,u_02318,did_install_grammarly,{},2026-02-07 18:42:40+00:00,2026-02-07,,,,True
b66814e4-50c,u_02318,try_grammarly,"{""product_feature"": ""academic_citation_helper""}",2026-02-07 18:49:40+00:00,2026-02-07,,academic_citation_helper,,True
84aceb91-a0a,u_02318,try_grammarly,"{""product_feature"": ""academic_citation_helper""}",2026-02-08 06:59:09+00:00,2026-02-08,,academic_citation_helper,,True
c84f318c-d74,u_02318,try_grammarly,"{""product_feature"": ""academic_citation_helper""}",2026-02-09 19:12:05+00:00,2026-02-09,,academic_citation_helper,,True
cacbeac7-fb6,u_02319,did_click_lp,"{""lp_name"": ""lp_business_emails""}",2026-02-15 21:12:54+00:00,2026-02-15,lp_business_emails,,,True
8a8703fe-1e1,u_02320,did_click_lp,"{""lp_name"": ""lp_academic_writing""}",2026-02-06 08:01:34+00:00,2026-02-06,lp_academic_writing,,,True
c3714768-f83,u_02321,did_click_lp,"{""lp_name"": ""lp_academic_writing""}",2026-02-08 02:49:38+00:00,2026-02-08,lp_academic_writing,,,True
4c39fe35-f71,u_02322,did_click_lp,"{""lp_name"": ""lp_academic_writing""}",2026-02-12 16:48:02+00:00,2026-02-12,lp_academic_writing,,,True
a8e88498-947,u_02323,did_click_lp,"{""lp_name"": ""lp_academic_writing""}",2026-02-15 19:31:44+00:00,2026-02-15,lp_academic_writing,,,True
66622748-70c,u_02323,did_install_grammarly,{},2026-02-15 19:39:44+00:00,2026-02-15,,,,True
4aad3630-a59,u_02324,did_click_lp,"{""lp_name"": ""lp_business_emails""}",2026-02-27 17:03:04+00:00,2026-02-27,lp_business_emails,,,True
2282691e-4a6,u_02325,did_click_lp,"{""lp_name"": ""lp_business_emails""}",2026-02-13 22:58:45+00:00,2026-02-13,lp_business_emails,,,True
6bde32be-3fe,u_02326,did_click_lp,"{""lp_name"": ""lp_business_emails""}",2026-02-12 09:12:52+00:00,2026-02-12,lp_business_emails,,,True
220b2244-4d9,u_02326,did_install_grammarly,{},2026-02-12 09:23:52+00:00,2026-02-12,,,,True
802626c3-91e,u_02326,try_grammarly,"{""product_feature"": ""smart_email_reply""}",2026-02-12 09:42:52+00:00,2026-02-12,,smart_email_reply,,True
21945370-556,u_02327,did_click_lp,"{""lp_name"": ""lp_academic_writing""}",2026-02-23 21:23:45+00:00,2026-02-23,lp_academic_writing,,,True
e496eb52-d58,u_02328,did_click_lp,"{""lp_name"": ""lp_academic_writing""}",2026-02-09 22:39:34+00:00,2026-02-09,lp_academic_writing,,,True
da07d4ab-69e,u_02329,did_click_lp,"{""lp_name"": ""lp_business_emails""}",2026-02-08 08:51:47+00:00,2026-02-08,lp_business_emails,,,True
9178aa7e-059,u_02329,did_install_grammarly,{},2026-02-08 09:06:47+00:00,2026-02-08,,,,True
46ff3d73-6a3,u_02330,did_click_lp,"{""lp_name"": ""lp_academic_writing""}",2026-02-05 16:55:33+00:00,2026-02-05,lp_academic_writing,,,True
ea9ece1a-5b8,u_02331,did_click_lp,"{""lp_name"": ""lp_academic_writing""}",2026-02-26 07:31:24+00:00,2026-02-26,lp_academic_writing,,,True
10bc9549-0c1,u_02331,did_install_grammarly,{},2026-02-26 07:39:24+00:00,2026-02-26,,,,True
d69d8b2a-ca4,u_02332,did_click_lp,"{""lp_name"": ""lp_business_emails""}",2026-02-07 21:16:53+00:00,2026-02-07,lp_business_emails,,,True
c1abaa8a-c81,u_02332,did_install_grammarly,{},2026-02-07 21:24:53+00:00,2026-02-07,,,,True
848b532f-88e,u_02333,did_click_lp,"{""lp_name"": ""lp_academic_writing""}",2026-02-25 16:16:10+00:00,2026-02-25,lp_academic_writing,,,True
128b7c16-e92,u_02334,did_click_lp,"{""lp_name"": ""lp_business_emails""}",2026-02-18 23:18:06+00:00,2026-02-18,lp_business_emails,,,True
6f2e12c9-e06,u_02335,did_click_lp,"{""lp_name"": ""lp_business_emails""}",2026-02-20 16:35:49+00:00,2026-02-20,lp_business_emails,,,True
7c8d3e8a-c17,u_02335,did_install_grammarly,{},2026-02-20 16:38:49+00:00,2026-02-20,,,,True
84ec1e3e-405,u_02335,try_grammarly,"{""product_feature"": ""smart_email_reply""}",2026-02-20 17:16:49+00:00,2026-02-20,,smart_email_reply,,True
6d14a95d-338,u_02336,did_click_lp,"{""lp_name"": ""lp_academic_writing""}",2026-02-19 04:40:32+00:00,2026-02-19,lp_academic_writing,,,True
b15afbd2-0ca,u_02336,did_install_grammarly,{},2026-02-19 04:47:32+00:00,2026-02-19,,,,True
3da88f28-ad7,u_02336,try_grammarly,"{""product_feature"": ""academic_citation_helper""}",2026-02-19 05:31:32+00:00,2026-02-19,,academic_citation_helper,,True
056165d3-690,u_02336,try_grammarly,"{""product_feature"": ""academic_citation_helper""}",2026-02-20 07:08:51+00:00,2026-02-20,,academic_citation_helper,,True
77f5520c-f5f,u_02336,try_grammarly,"{""product_feature"": ""academic_citation_helper""}",2026-02-21 04:19:37+00:00,2026-02-21,,academic_citation_helper,,True
384c95fe-8fc,u_02337,did_click_lp,"{""lp_name"": ""lp_academic_writing""}",2026-02-23 17:49:10+00:00,2026-02-23,lp_academic_writing,,,True
cb8eee06-08a,u_02338,did_click_lp,"{""lp_name"": ""lp_academic_writing""}",2026-02-13 12:37:12+00:00,2026-02-13,lp_academic_writing,,,True
1cc86db6-587,u_02339,did_click_lp,"{""lp_name"": ""lp_business_emails""}",2026-02-12 14:59:50+00:00,2026-02-12,lp_business_emails,,,True
0571bc13-fc2,u_02340,did_click_lp,"{""lp_name"": ""lp_business_emails""}",2026-02-10 00:04:16+00:00,2026-02-10,lp_business_emails,,,True
a018b74c-fc3,u_02341,did_click_lp,"{""lp_name"": ""lp_business_emails""}",2026-02-16 17:00:21+00:00,2026-02-16,lp_business_emails,,,True
f856fab4-ec1,u_02341,did_install_grammarly,{},2026-02-16 17:06:21+00:00,2026-02-16,,,,True
9a65fc41-696,u_02342,did_click_lp,"{""lp_name"": ""lp_business_emails""}",2026-02-19 09:23:29+00:00,2026-02-19,lp_business_emails,,,True
b6d36e79-eb8,u_02342,did_install_grammarly,{},2026-02-19 09:34:29+00:00,2026-02-19,,,,True
8527c275-267,u_02342,try_grammarly,"{""product_feature"": ""smart_email_reply""}",2026-02-19 10:33:29+00:00,2026-02-19,,smart_email_reply,,True
2210d203-407,u_02343,did_click_lp,"{""lp_name"": ""lp_academic_writing""}",2026-02-12 02:48:06+00:00,2026-02-12,lp_academic_writing,,,True
139255cb-305,u_02344,did_click_lp,"{""lp_name"": ""lp_academic_writing""}",2026-02-22 00:29:33+00:00,2026-02-22,lp_academic_writing,,,True
ec6531c2-f8d,u_02344,did_install_grammarly,{},2026-02-22 00:33:33+00:00,2026-02-22,,,,True
dc48b38f-8dd,u_02344,try_grammarly,"{""product_feature"": ""academic_citation_helper""}",2026-02-22 00:38:33+00:00,2026-02-22,,academic_citation_helper,,True
82cf13ca-78e,u_02344,try_grammarly,"{""product_feature"": ""academic_citation_helper""}",2026-02-23 02:37:50+00:00,2026-02-23,,academic_citation_helper,,True
a95fe81a-c74,u_02345,did_click_lp,"{""lp_name"": ""lp_business_emails""}",2026-02-02 04:34:22+00:00,2026-02-02,lp_business_emails,,,True
2a73768e-a57,u_02346,did_click_lp,"{""lp_name"": ""lp_business_emails""}",2026-02-11 14:44:16+00:00,2026-02-11,lp_business_emails,,,True
685e553b-ba5,u_02347,did_click_lp,"{""lp_name"": ""lp_business_emails""}",2026-02-10 13:36:25+00:00,2026-02-10,lp_business_emails,,,True
2241e17f-e06,u_02348,did_click_lp,"{""lp_name"": ""lp_academic_writing""}",2026-02-09 09:54:14+00:00,2026-02-09,lp_academic_writing,,,True
9c8ccff7-104,u_02348,did_install_grammarly,{},2026-02-09 09:59:14+00:00,2026-02-09,,,,True
8a591512-f09,u_02349,did_click_lp,"{""lp_name"": ""lp_business_emails""}",2026-02-01 19:03:35+00:00,2026-02-01,lp_business_emails,,,True
eccd0b6b-9fa,u_02349,did_install_grammarly,{},2026-02-01 19:09:35+00:00,2026-02-01,,,,True
ed154eff-5d6,u_02349,try_grammarly,"{""product_feature"": ""smart_email_reply""}",2026-02-01 19:12:35+00:00,2026-02-01,,smart_email_reply,,True
ec3c83fa-19b,u_02350,did_click_lp,"{""lp_name"": ""lp_academic_writing""}",2026-02-19 00:23:52+00:00,2026-02-19,lp_academic_writing,,,True
794b4275-d12,u_02350,did_install_grammarly,{},2026-02-19 00:28:52+00:00,2026-02-19,,,,True
26fd548c-25c,u_02351,did_click_lp,"{""lp_name"": ""lp_academic_writing""}",2026-02-05 08:17:30+00:00,2026-02-05,lp_academic_writing,,,True
4e2f6a41-945,u_02351,did_install_grammarly,{},2026-02-05 08:19:30+00:00,2026-02-05,,,,True
eb25c3fa-9db,u_02351,try_grammarly,"{""product_feature"": ""academic_citation_helper""}",2026-02-05 08:59:30+00:00,2026-02-05,,academic_citation_helper,,True
e303758a-189,u_02351,try_grammarly,"{""product_feature"": ""academic_citation_helper""}",2026-02-06 14:47:51+00:00,2026-02-06,,academic_citation_helper,,True
c9ed60c1-d9f,u_02351,try_grammarly,"{""product_feature"": ""academic_citation_helper""}",2026-02-07 16:25:59+00:00,2026-02-07,,academic_citation_helper,,True
e27ac088-3bc,u_02351,try_grammarly,"{""product_feature"": ""academic_citation_helper""}",2026-02-08 06:43:54+00:00,2026-02-08,,academic_citation_helper,,True
b215ea11-a2e,u_02352,did_click_lp,"{""lp_name"": ""lp_business_emails""}",2026-02-02 19:06:37+00:00,2026-02-02,lp_business_emails,,,True
a8b480f3-a2c,u_02353,did_click_lp,"{""lp_name"": ""lp_academic_writing""}",2026-02-14 11:33:34+00:00,2026-02-14,lp_academic_writing,,,True
d681502f-9a5,u_02353,did_install_grammarly,{},2026-02-14 11:38:34+00:00,2026-02-14,,,,True
aa6dedaa-a21,u_02353,try_grammarly,"{""product_feature"": ""academic_citation_helper""}",2026-02-14 11:48:34+00:00,2026-02-14,,academic_citation_helper,,True
8f7330d7-cee,u_02353,try_grammarly,"{""product_feature"": ""academic_citation_helper""}",2026-02-15 23:52:21+00:00,2026-02-15,,academic_citation_helper,,True
d632bac1-6a2,u_02353,try_grammarly,"{""product_feature"": ""academic_citation_helper""}",2026-02-16 05:30:20+00:00,2026-02-16,,academic_citation_helper,,True
a27b2f5b-50e,u_02354,did_click_lp,"{""lp_name"": ""lp_business_emails""}",2026-02-15 09:10:37+00:00,2026-02-15,lp_business_emails,,,True
86cdd653-1e1,u_02354,did_install_grammarly,{},2026-02-15 09:11:37+00:00,2026-02-15,,,,True
8606744b-1bb,u_02354,try_grammarly,"{""product_feature"": ""smart_email_reply""}",2026-02-15 10:09:37+00:00,2026-02-15,,smart_email_reply,,True
3e058ec0-15d,u_02355,did_click_lp,"{""lp_name"": ""lp_academic_writing""}",2026-02-07 06:44:09+00:00,2026-02-07,lp_academic_writing,,,True
0f75bb20-88d,u_02355,did_click_lp,"{""lp_name"": ""lp_academic_writing""}",2026-02-23 05:16:18+00:00,2026-02-23,lp_academic_writing,,,True
cb3f6037-e10,u_02356,did_click_lp,"{""lp_name"": ""lp_business_emails""}",2026-02-02 14:39:28+00:00,2026-02-02,lp_business_emails,,,True
62eaf7d3-865,u_02357,did_click_lp,"{""lp_name"": ""lp_business_emails""}",2026-02-25 12:13:11+00:00,2026-02-25,lp_business_emails,,,True
f27a659b-f31,u_02357,did_install_grammarly,{},2026-02-25 12:20:11+00:00,2026-02-25,,,,True
1dc65999-292,u_02358,did_click_lp,"{""lp_name"": ""lp_business_emails""}",2026-02-12 20:15:57+00:00,2026-02-12,lp_business_emails,,,True
a7b72f1d-a6b,u_02359,did_click_lp,"{""lp_name"": ""lp_business_emails""}",2026-02-22 23:19:26+00:00,2026-02-22,lp_business_emails,,,True
d9a60dfd-722,u_02359,did_install_grammarly,{},2026-02-22 23:20:26+00:00,2026-02-22,,,,True
4e53beaa-a7d,u_02359,try_grammarly,"{""product_feature"": ""smart_email_reply""}",2026-02-22 23:49:26+00:00,2026-02-22,,smart_email_reply,,True
fb4044cd-58f,u_02360,did_click_lp,"{""lp_name"": ""lp_academic_writing""}",2026-02-10 08:35:54+00:00,2026-02-10,lp_academic_writing,,,True
37b6529a-627,u_02361,did_click_lp,"{""lp_name"": ""lp_business_emails""}",2026-02-05 06:55:05+00:00,2026-02-05,lp_business_emails,,,True
f3006afb-ebe,u_02361,did_install_grammarly,{},2026-02-05 07:05:05+00:00,2026-02-05,,,,True
3f6d7ee0-8c7,u_02362,did_click_lp,"{""lp_name"": ""lp_business_emails""}",2026-02-15 12:30:12+00:00,2026-02-15,lp_business_emails,,,True
4d44a2f1-fdd,u_02363,did_click_lp,"{""lp_name"": ""lp_academic_writing""}",2026-02-09 00:06:24+00:00,2026-02-09,lp_academic_writing,,,True
1079520e-9dc,u_02364,did_click_lp,"{""lp_name"": ""lp_business_emails""}",2026-02-27 07:20:53+00:00,2026-02-27,lp_business_emails,,,True
86dd7cb5-d12,u_02364,did_install_grammarly,{},2026-02-27 07:35:53+00:00,2026-02-27,,,,True
a9ed5986-8e1,u_02365,did_click_lp,"{""lp_name"": ""lp_business_emails""}",2026-02-02 13:16:25+00:00,2026-02-02,lp_business_emails,,,True
95333964-b67,u_02365,did_install_grammarly,{},2026-02-02 13:27:25+00:00,2026-02-02,,,,True
62f53cdb-16e,u_02366,did_click_lp,"{""lp_name"": ""lp_academic_writing""}",2026-02-02 10:41:01+00:00,2026-02-02,lp_academic_writing,,,True
3728a10f-099,u_02366,did_install_grammarly,{},2026-02-02 10:43:01+00:00,2026-02-02,,,,True
91ace681-1e7,u_02367,did_click_lp,"{""lp_name"": ""lp_academic_writing""}",2026-02-03 01:01:54+00:00,2026-02-03,lp_academic_writing,,,True
71991d15-ca6,u_02368,did_click_lp,"{""lp_name"": ""lp_academic_writing""}",2026-02-28 22:30:23+00:00,2026-02-28,lp_academic_writing,,,True
9efe858b-235,u_02369,did_click_lp,"{""lp_name"": ""lp_academic_writing""}",2026-02-08 17:22:40+00:00,2026-02-08,lp_academic_writing,,,True
ca85f315-201,u_02370,did_click_lp,"{""lp_name"": ""lp_academic_writing""}",2026-02-05 01:23:00+00:00,2026-02-05,lp_academic_writing,,,True
a88554d8-40b,u_02371,did_click_lp,"{""lp_name"": ""lp_business_emails""}",2026-02-17 05:40:31+00:00,2026-02-17,lp_business_emails,,,True
f3a937b9-6ea,u_02372,did_click_lp,"{""lp_name"": ""lp_business_emails""}",2026-02-16 20:14:41+00:00,2026-02-16,lp_business_emails,,,True
9afe93fa-802,u_02372,did_install_grammarly,{},2026-02-16 20:22:41+00:00,2026-02-16,,,,True
25d6b641-11d,u_02373,did_click_lp,"{""lp_name"": ""lp_business_emails""}",2026-02-20 12:05:48+00:00,2026-02-20,lp_business_emails,,,True
0eeb7a41-625,u_02374,did_click_lp,"{""lp_name"": ""lp_academic_writing""}",2026-02-10 17:31:02+00:00,2026-02-10,lp_academic_writing,,,True
3dc048ab-800,u_02375,did_click_lp,"{""lp_name"": ""lp_academic_writing""}",2026-02-16 00:20:26+00:00,2026-02-16,lp_academic_writing,,,True
3f3285ab-0f8,u_02375,did_install_grammarly,{},2026-02-16 00:28:26+00:00,2026-02-16,,,,True
f82df86f-3c7,u_02375,try_grammarly,"{""product_feature"": ""academic_citation_helper""}",2026-02-16 00:33:26+00:00,2026-02-16,,academic_citation_helper,,True
667dfcd6-c73,u_02375,try_grammarly,"{""product_feature"": ""academic_citation_helper""}",2026-02-17 06:12:44+00:00,2026-02-17,,academic_citation_helper,,True
a4a54710-75d,u_02375,try_grammarly,"{""product_feature"": ""academic_citation_helper""}",2026-02-18 14:21:06+00:00,2026-02-18,,academic_citation_helper,,True
4385175c-b8f,u_02375,try_grammarly,"{""product_feature"": ""academic_citation_helper""}",2026-02-20 19:10:04+00:00,2026-02-20,,academic_citation_helper,,True
81e9c7f4-993,u_02376,did_click_lp,"{""lp_name"": ""lp_business_emails""}",2026-02-13 03:29:34+00:00,2026-02-13,lp_business_emails,,,True
e8f9962f-7ef,u_02377,did_click_lp,"{""lp_name"": ""lp_business_emails""}",2026-02-21 03:36:06+00:00,2026-02-21,lp_business_emails,,,True
44a0050f-38e,u_02377,did_install_grammarly,{},2026-02-21 03:49:06+00:00,2026-02-21,,,,True
89da3f0b-67c,u_02377,try_grammarly,"{""product_feature"": ""smart_email_reply""}",2026-02-21 04:29:06+00:00,2026-02-21,,smart_email_reply,,True
7ac3215b-f29,u_02378,did_click_lp,"{""lp_name"": ""lp_academic_writing""}",2026-02-24 02:35:38+00:00,2026-02-24,lp_academic_writing,,,True
49755b47-9e8,u_02378,did_install_grammarly,{},2026-02-24 02:42:38+00:00,2026-02-24,,,,True
f527e825-b9d,u_02378,try_grammarly,"{""product_feature"": ""academic_citation_helper""}",2026-02-24 03:02:38+00:00,2026-02-24,,academic_citation_helper,,True
ed109bed-e1a,u_02379,did_click_lp,"{""lp_name"": ""lp_business_emails""}",2026-02-12 08:16:11+00:00,2026-02-12,lp_business_emails,,,True
ae553994-f7b,u_02380,did_click_lp,"{""lp_name"": ""lp_business_emails""}",2026-02-12 08:27:21+00:00,2026-02-12,lp_business_emails,,,True
7fcdb8e1-776,u_02381,did_click_lp,"{""lp_name"": ""lp_academic_writing""}",2026-02-16 16:49:58+00:00,2026-02-16,lp_academic_writing,,,True
2de8f708-a21,u_02382,did_click_lp,"{""lp_name"": ""lp_academic_writing""}",2026-02-02 22:19:29+00:00,2026-02-02,lp_academic_writing,,,True
c7db630e-abc,u_02383,did_click_lp,"{""lp_name"": ""lp_business_emails""}",2026-02-25 14:02:18+00:00,2026-02-25,lp_business_emails,,,True
07018b77-e55,u_02383,did_install_grammarly,{},2026-02-25 14:09:18+00:00,2026-02-25,,,,True
5841a3df-9b1,u_02384,did_click_lp,"{""lp_name"": ""lp_academic_writing""}",2026-02-21 14:47:12+00:00,2026-02-21,lp_academic_writing,,,True
7bf56882-10f,u_02384,did_install_grammarly,{},2026-02-21 14:51:12+00:00,2026-02-21,,,,True
f8068d60-b15,u_02384,try_grammarly,"{""product_feature"": ""academic_citation_helper""}",2026-02-21 15:33:12+00:00,2026-02-21,,academic_citation_helper,,True
bed5be07-d52,u_02384,try_grammarly,"{""product_feature"": ""academic_citation_helper""}",2026-02-22 12:04:50+00:00,2026-02-22,,academic_citation_helper,,True
10754959-ddc,u_02384,try_grammarly,"{""product_feature"": ""academic_citation_helper""}",2026-02-23 09:31:34+00:00,2026-02-23,,academic_citation_helper,,True
166ccb55-2c5,u_02385,did_click_lp,"{""lp_name"": ""lp_academic_writing""}",2026-02-25 10:51:47+00:00,2026-02-25,lp_academic_writing,,,True
189c47e7-c52,u_02385,did_install_grammarly,{},2026-02-25 10:58:47+00:00,2026-02-25,,,,True
e2212ce4-312,u_02385,try_grammarly,"{""product_feature"": ""academic_citation_helper""}",2026-02-25 11:03:47+00:00,2026-02-25,,academic_citation_helper,,True
3cf90348-217,u_02385,try_grammarly,"{""product_feature"": ""academic_citation_helper""}",2026-02-26 02:22:01+00:00,2026-02-26,,academic_citation_helper,,True
6c1abce1-83c,u_02385,try_grammarly,"{""product_feature"": ""academic_citation_helper""}",2026-02-27 04:18:28+00:00,2026-02-27,,academic_citation_helper,,True
58ca18bc-a6a,u_02385,try_grammarly,"{""product_feature"": ""academic_citation_helper""}",2026-03-02 11:02:01+00:00,2026-03-02,,academic_citation_helper,,True
6f3dd15e-c41,u_02386,did_click_lp,"{""lp_name"": ""lp_business_emails""}",2026-02-22 17:15:46+00:00,2026-02-22,lp_business_emails,,,True
1b1e1424-5c4,u_02386,did_install_grammarly,{},2026-02-22 17:16:46+00:00,2026-02-22,,,,True
ecf30c66-e85,u_02387,did_click_lp,"{""lp_name"": ""lp_academic_writing""}",2026-02-19 04:12:11+00:00,2026-02-19,lp_academic_writing,,,True
940c1b0c-4b5,u_02388,did_click_lp,"{""lp_name"": ""lp_business_emails""}",2026-02-05 17:36:13+00:00,2026-02-05,lp_business_emails,,,True
c3da4020-f9d,u_02389,did_click_lp,"{""lp_name"": ""lp_business_emails""}",2026-02-04 05:01:31+00:00,2026-02-04,lp_business_emails,,,True
e5e299ee-62c,u_02389,did_install_grammarly,{},2026-02-04 05:08:31+00:00,2026-02-04,,,,True
7a390bc1-880,u_02390,did_click_lp,"{""lp_name"": ""lp_business_emails""}",2026-02-03 15:16:34+00:00,2026-02-03,lp_business_emails,,,True
fc86b6cf-db4,u_02390,did_install_grammarly,{},2026-02-03 15:20:34+00:00,2026-02-03,,,,True
1cd59cc8-911,u_02391,did_click_lp,"{""lp_name"": ""lp_business_emails""}",2026-02-27 08:44:05+00:00,2026-02-27,lp_business_emails,,,True
19c5225a-fd4,u_02392,did_click_lp,"{""lp_name"": ""lp_academic_writing""}",2026-02-04 01:56:27+00:00,2026-02-04,lp_academic_writing,,,True
29be978c-fcc,u_02393,did_click_lp,"{""lp_name"": ""lp_business_emails""}",2026-02-10 21:32:01+00:00,2026-02-10,lp_business_emails,,,True
9e672098-e33,u_02394,did_click_lp,"{""lp_name"": ""lp_academic_writing""}",2026-02-04 12:28:33+00:00,2026-02-04,lp_academic_writing,,,True
e205de0b-d74,u_02395,did_click_lp,"{""lp_name"": ""lp_business_emails""}",2026-02-12 01:00:10+00:00,2026-02-12,lp_business_emails,,,True
5caef527-b03,u_02396,did_click_lp,"{""lp_name"": ""lp_academic_writing""}",2026-02-20 07:38:14+00:00,2026-02-20,lp_academic_writing,,,True
35c7ec8d-b72,u_02396,did_install_grammarly,{},2026-02-20 07:39:14+00:00,2026-02-20,,,,True
94bb9add-822,u_02396,try_grammarly,"{""product_feature"": ""academic_citation_helper""}",2026-02-20 08:28:14+00:00,2026-02-20,,academic_citation_helper,,True
7f43450d-d50,u_02397,did_click_lp,"{""lp_name"": ""lp_academic_writing""}",2026-02-02 14:57:39+00:00,2026-02-02,lp_academic_writing,,,True
44492110-3a8,u_02398,did_click_lp,"{""lp_name"": ""lp_academic_writing""}",2026-02-27 21:10:46+00:00,2026-02-27,lp_academic_writing,,,True
366fbdb7-56d,u_02398,did_install_grammarly,{},2026-02-27 21:17:46+00:00,2026-02-27,,,,True
83a68bdd-3e0,u_02398,try_grammarly,"{""product_feature"": ""academic_citation_helper""}",2026-02-27 21:42:46+00:00,2026-02-27,,academic_citation_helper,,True
a6a9fde2-f2e,u_02398,try_grammarly,"{""product_feature"": ""academic_citation_helper""}",2026-02-28 20:12:39+00:00,2026-02-28,,academic_citation_helper,,True
e1b39c9d-777,u_02398,try_grammarly,"{""product_feature"": ""academic_citation_helper""}",2026-03-01 17:25:27+00:00,2026-03-01,,academic_citation_helper,,True
a92c6f8f-b63,u_02398,try_grammarly,"{""product_feature"": ""academic_citation_helper""}",2026-03-02 03:22:20+00:00,2026-03-02,,academic_citation_helper,,True
082f4c5a-b70,u_02399,did_click_lp,"{""lp_name"": ""lp_academic_writing""}",2026-02-23 02:35:45+00:00,2026-02-23,lp_academic_writing,,,True
426e7bb8-8ef,u_02400,did_click_lp,"{""lp_name"": ""lp_academic_writing""}",2026-02-04 09:15:47+00:00,2026-02-04,lp_academic_writing,,,True
88ab84de-a05,u_02401,did_click_lp,"{""lp_name"": ""lp_academic_writing""}",2026-02-09 18:26:18+00:00,2026-02-09,lp_academic_writing,,,True
97368da9-3bf,u_02402,did_click_lp,"{""lp_name"": ""lp_academic_writing""}",2026-02-25 16:32:54+00:00,2026-02-25,lp_academic_writing,,,True
9605dc07-482,u_02402,did_install_grammarly,{},2026-02-25 16:37:54+00:00,2026-02-25,,,,True
a40b1726-d3e,u_02403,did_click_lp,"{""lp_name"": ""lp_academic_writing""}",2026-02-11 04:51:41+00:00,2026-02-11,lp_academic_writing,,,True
171a4da8-52f,u_02404,did_click_lp,"{""lp_name"": ""lp_business_emails""}",2026-02-12 21:31:01+00:00,2026-02-12,lp_business_emails,,,True
a041f06f-323,u_02404,did_install_grammarly,{},2026-02-12 21:39:01+00:00,2026-02-12,,,,True
9311c650-6a1,u_02405,did_click_lp,"{""lp_name"": ""lp_business_emails""}",2026-02-21 04:38:21+00:00,2026-02-21,lp_business_emails,,,True
855d4d0a-8ec,u_02406,did_click_lp,"{""lp_name"": ""lp_academic_writing""}",2026-02-13 06:31:20+00:00,2026-02-13,lp_academic_writing,,,True
83dece10-b5d,u_02407,did_click_lp,"{""lp_name"": ""lp_academic_writing""}",2026-02-22 18:42:08+00:00,2026-02-22,lp_academic_writing,,,True
1dfc6841-647,u_02408,did_click_lp,"{""lp_name"": ""lp_academic_writing""}",2026-02-02 14:03:19+00:00,2026-02-02,lp_academic_writing,,,True
5c8f18b8-55d,u_02409,did_click_lp,"{""lp_name"": ""lp_academic_writing""}",2026-02-19 00:25:49+00:00,2026-02-19,lp_academic_writing,,,True
ee3611b8-5c8,u_02409,did_install_grammarly,{},2026-02-19 00:31:49+00:00,2026-02-19,,,,True
64f8fd10-26b,u_02409,try_grammarly,"{""product_feature"": ""academic_citation_helper""}",2026-02-19 00:42:49+00:00,2026-02-19,,academic_citation_helper,,True
527037c2-e55,u_02409,try_grammarly,"{""product_feature"": ""academic_citation_helper""}",2026-02-20 10:09:51+00:00,2026-02-20,,academic_citation_helper,,True
619f6b6d-3fb,u_02410,did_click_lp,"{""lp_name"": ""lp_business_emails""}",2026-02-08 10:46:34+00:00,2026-02-08,lp_business_emails,,,True
8231047b-110,u_02411,did_click_lp,"{""lp_name"": ""lp_business_emails""}",2026-02-26 02:38:50+00:00,2026-02-26,lp_business_emails,,,True
eaae2be6-945,u_02412,did_click_lp,"{""lp_name"": ""lp_academic_writing""}",2026-02-10 13:49:20+00:00,2026-02-10,lp_academic_writing,,,True
722dd1a7-4ee,u_02413,did_click_lp,"{""lp_name"": ""lp_academic_writing""}",2026-02-01 14:53:39+00:00,2026-02-01,lp_academic_writing,,,True
c839a0c9-405,u_02413,did_install_grammarly,{},2026-02-01 14:56:39+00:00,2026-02-01,,,,True
74dd5408-1f8,u_02413,try_grammarly,"{""product_feature"": ""academic_citation_helper""}",2026-02-01 15:31:39+00:00,2026-02-01,,academic_citation_helper,,True
cfdb0549-dcc,u_02413,try_grammarly,"{""product_feature"": ""academic_citation_helper""}",2026-02-02 08:53:43+00:00,2026-02-02,,academic_citation_helper,,True
5db0877b-f13,u_02413,try_grammarly,"{""product_feature"": ""academic_citation_helper""}",2026-02-03 11:53:40+00:00,2026-02-03,,academic_citation_helper,,True
db39429b-d32,u_02413,try_grammarly,"{""product_feature"": ""academic_citation_helper""}",2026-02-06 09:02:10+00:00,2026-02-06,,academic_citation_helper,,True
9fc45bd7-1a8,u_02414,did_click_lp,"{""lp_name"": ""lp_business_emails""}",2026-02-25 23:24:58+00:00,2026-02-25,lp_business_emails,,,True
91254e7e-f55,u_02415,did_click_lp,"{""lp_name"": ""lp_academic_writing""}",2026-02-22 17:44:07+00:00,2026-02-22,lp_academic_writing,,,True
3346ac48-321,u_02416,did_click_lp,"{""lp_name"": ""lp_business_emails""}",2026-02-23 03:59:18+00:00,2026-02-23,lp_business_emails,,,True
3a741fb5-324,u_02416,did_install_grammarly,{},2026-02-23 04:03:18+00:00,2026-02-23,,,,True
4067c868-338,u_02417,did_click_lp,"{""lp_name"": ""lp_academic_writing""}",2026-02-10 14:11:43+00:00,2026-02-10,lp_academic_writing,,,True
ca2b619e-581,u_02417,did_install_grammarly,{},2026-02-10 14:14:43+00:00,2026-02-10,,,,True
fe4c6c6a-8a5,u_02418,did_click_lp,"{""lp_name"": ""lp_academic_writing""}",2026-02-01 20:21:24+00:00,2026-02-01,lp_academic_writing,,,True
eca941a4-926,u_02418,did_install_grammarly,{},2026-02-01 20:27:24+00:00,2026-02-01,,,,True
40f53ce9-b76,u_02419,did_click_lp,"{""lp_name"": ""lp_business_emails""}",2026-02-22 00:01:34+00:00,2026-02-22,lp_business_emails,,,True
81b6627a-293,u_02420,did_click_lp,"{""lp_name"": ""lp_business_emails""}",2026-02-08 18:22:47+00:00,2026-02-08,lp_business_emails,,,True
a93b9da8-e18,u_02421,did_click_lp,"{""lp_name"": ""lp_business_emails""}",2026-02-20 13:52:25+00:00,2026-02-20,lp_business_emails,,,True
e2de2e23-8bb,u_02422,did_click_lp,"{""lp_name"": ""lp_academic_writing""}",2026-02-02 11:08:29+00:00,2026-02-02,lp_academic_writing,,,True
282fd115-41e,u_02423,did_click_lp,"{""lp_name"": ""lp_academic_writing""}",2026-02-19 02:58:44+00:00,2026-02-19,lp_academic_writing,,,True
108e6389-469,u_02423,did_install_grammarly,{},2026-02-19 03:03:44+00:00,2026-02-19,,,,True
2914c18f-e2a,u_02423,try_grammarly,"{""product_feature"": ""academic_citation_helper""}",2026-02-19 03:18:44+00:00,2026-02-19,,academic_citation_helper,,True
bb6b6dde-25e,u_02423,try_grammarly,"{""product_feature"": ""academic_citation_helper""}",2026-02-20 10:02:29+00:00,2026-02-20,,academic_citation_helper,,True
3e6d3d6a-a33,u_02423,did_click_lp,"{""lp_name"": ""lp_business_emails""}",2026-02-27 19:21:13+00:00,2026-02-27,lp_business_emails,,,True
c100ae18-540,u_02424,did_click_lp,"{""lp_name"": ""lp_academic_writing""}",2026-02-24 20:00:23+00:00,2026-02-24,lp_academic_writing,,,True
570d24f2-b3b,u_02425,did_click_lp,"{""lp_name"": ""lp_business_emails""}",2026-02-25 00:49:42+00:00,2026-02-25,lp_business_emails,,,True
569f43d5-b9c,u_02426,did_click_lp,"{""lp_name"": ""lp_business_emails""}",2026-02-10 20:14:28+00:00,2026-02-10,lp_business_emails,,,True
61401824-c8b,u_02426,did_install_grammarly,{},2026-02-10 20:28:28+00:00,2026-02-10,,,,True
f40d599a-cff,u_02426,try_grammarly,"{""product_feature"": ""smart_email_reply""}",2026-02-10 21:01:28+00:00,2026-02-10,,smart_email_reply,,True
3c5dcdea-8b1,u_02427,did_click_lp,"{""lp_name"": ""lp_academic_writing""}",2026-02-14 12:49:02+00:00,2026-02-14,lp_academic_writing,,,True
0a7f6fb2-1a7,u_02428,did_click_lp,"{""lp_name"": ""lp_academic_writing""}",2026-02-22 16:29:43+00:00,2026-02-22,lp_academic_writing,,,True
bc0d9cc4-171,u_02429,did_click_lp,"{""lp_name"": ""lp_business_emails""}",2026-02-04 07:02:53+00:00,2026-02-04,lp_business_emails,,,True
5dcf0933-c8a,u_02430,did_click_lp,"{""lp_name"": ""lp_business_emails""}",2026-02-17 11:43:44+00:00,2026-02-17,lp_business_emails,,,True
7eacd954-f6e,u_02430,did_install_grammarly,{},2026-02-17 11:47:44+00:00,2026-02-17,,,,True
b62ae9a2-ad9,u_02430,try_grammarly,"{""product_feature"": ""smart_email_reply""}",2026-02-17 12:01:44+00:00,2026-02-17,,smart_email_reply,,True
35e75965-8b3,u_02431,did_click_lp,"{""lp_name"": ""lp_business_emails""}",2026-02-11 17:22:04+00:00,2026-02-11,lp_business_emails,,,True
b83698f9-b34,u_02432,did_click_lp,"{""lp_name"": ""lp_academic_writing""}",2026-02-23 08:25:06+00:00,2026-02-23,lp_academic_writing,,,True
981a3774-6e6,u_02433,did_click_lp,"{""lp_name"": ""lp_academic_writing""}",2026-02-04 17:47:52+00:00,2026-02-04,lp_academic_writing,,,True
00f3943c-168,u_02433,did_install_grammarly,{},2026-02-04 17:49:52+00:00,2026-02-04,,,,True
323b81ee-6f4,u_02433,try_grammarly,"{""product_feature"": ""academic_citation_helper""}",2026-02-04 18:24:52+00:00,2026-02-04,,academic_citation_helper,,True
1d406a42-4ef,u_02434,did_click_lp,"{""lp_name"": ""lp_academic_writing""}",2026-02-05 12:32:27+00:00,2026-02-05,lp_academic_writing,,,True
b0d1a880-9f1,u_02435,did_click_lp,"{""lp_name"": ""lp_academic_writing""}",2026-02-15 21:31:07+00:00,2026-02-15,lp_academic_writing,,,True
06ccd702-575,u_02435,did_install_grammarly,{},2026-02-15 21:35:07+00:00,2026-02-15,,,,True
fd799b10-ed0,u_02435,try_grammarly,"{""product_feature"": ""academic_citation_helper""}",2026-02-15 22:30:07+00:00,2026-02-15,,academic_citation_helper,,True
b5b83e01-872,u_02435,try_grammarly,"{""product_feature"": ""academic_citation_helper""}",2026-02-16 23:31:24+00:00,2026-02-16,,academic_citation_helper,,True
2553333b-9a4,u_02435,try_grammarly,"{""product_feature"": ""academic_citation_helper""}",2026-02-17 06:38:13+00:00,2026-02-17,,academic_citation_helper,,True
e894ee62-662,u_02436,did_click_lp,"{""lp_name"": ""lp_business_emails""}",2026-02-16 12:50:38+00:00,2026-02-16,lp_business_emails,,,True
05656075-b5d,u_02437,did_click_lp,"{""lp_name"": ""lp_business_emails""}",2026-02-11 08:58:11+00:00,2026-02-11,lp_business_emails,,,True
fe6241f7-f23,u_02437,did_install_grammarly,{},2026-02-11 09:02:11+00:00,2026-02-11,,,,True
04307a72-8d3,u_02438,did_click_lp,"{""lp_name"": ""lp_business_emails""}",2026-02-09 05:56:27+00:00,2026-02-09,lp_business_emails,,,True
f9c00f7d-132,u_02439,did_click_lp,"{""lp_name"": ""lp_business_emails""}",2026-02-17 08:18:47+00:00,2026-02-17,lp_business_emails,,,True
062687d2-95b,u_02440,did_click_lp,"{""lp_name"": ""lp_academic_writing""}",2026-02-14 20:28:47+00:00,2026-02-14,lp_academic_writing,,,True
6e7dced4-1c6,u_02441,did_click_lp,"{""lp_name"": ""lp_business_emails""}",2026-02-25 02:02:16+00:00,2026-02-25,lp_business_emails,,,True
27b5e8db-2d2,u_02441,did_install_grammarly,{},2026-02-25 02:05:16+00:00,2026-02-25,,,,True
48176ee1-47e,u_02441,try_grammarly,"{""product_feature"": ""smart_email_reply""}",2026-02-25 02:43:16+00:00,2026-02-25,,smart_email_reply,,True
667fce3b-cac,u_02442,did_click_lp,"{""lp_name"": ""lp_business_emails""}",2026-02-23 18:06:54+00:00,2026-02-23,lp_business_emails,,,True
921de534-bd3,u_02443,did_click_lp,"{""lp_name"": ""lp_business_emails""}",2026-02-14 16:03:25+00:00,2026-02-14,lp_business_emails,,,True
d21be112-d68,u_02444,did_click_lp,"{""lp_name"": ""lp_business_emails""}",2026-02-02 12:15:53+00:00,2026-02-02,lp_business_emails,,,True
a7fe4bbb-25e,u_02444,did_click_lp,"{""lp_name"": ""lp_business_emails""}",2026-02-22 20:50:15+00:00,2026-02-22,lp_business_emails,,,True
9e9bb87e-f72,u_02444,did_install_grammarly,{},2026-02-22 21:02:15+00:00,2026-02-22,,,,True
c6d2a20d-e27,u_02444,try_grammarly,"{""product_feature"": ""smart_email_reply""}",2026-02-22 21:06:15+00:00,2026-02-22,,smart_email_reply,,True
80a03401-243,u_02445,did_click_lp,"{""lp_name"": ""lp_academic_writing""}",2026-02-15 12:45:55+00:00,2026-02-15,lp_academic_writing,,,True
3520644d-8ad,u_02446,did_click_lp,"{""lp_name"": ""lp_business_emails""}",2026-02-14 05:10:25+00:00,2026-02-14,lp_business_emails,,,True
7b421725-0d2,u_02447,did_click_lp,"{""lp_name"": ""lp_business_emails""}",2026-02-12 20:09:37+00:00,2026-02-12,lp_business_emails,,,True
461a2bcd-669,u_02448,did_click_lp,"{""lp_name"": ""lp_academic_writing""}",2026-02-28 09:23:51+00:00,2026-02-28,lp_academic_writing,,,True
812cd326-254,u_02449,did_click_lp,"{""lp_name"": ""lp_academic_writing""}",2026-02-05 21:35:07+00:00,2026-02-05,lp_academic_writing,,,True
07ce5098-6c9,u_02449,did_install_grammarly,{},2026-02-05 21:42:07+00:00,2026-02-05,,,,True
fd2c1d12-980,u_02450,did_click_lp,"{""lp_name"": ""lp_academic_writing""}",2026-02-20 20:07:45+00:00,2026-02-20,lp_academic_writing,,,True
822378da-e02,u_02451,did_click_lp,"{""lp_name"": ""lp_academic_writing""}",2026-02-21 19:58:39+00:00,2026-02-21,lp_academic_writing,,,True
42c99d1c-b19,u_02451,did_install_grammarly,{},2026-02-21 19:59:39+00:00,2026-02-21,,,,True
a3c7c433-efc,u_02452,did_click_lp,"{""lp_name"": ""lp_academic_writing""}",2026-02-10 06:35:12+00:00,2026-02-10,lp_academic_writing,,,True
e6bf2b87-c1d,u_02453,did_click_lp,"{""lp_name"": ""lp_academic_writing""}",2026-02-26 09:12:05+00:00,2026-02-26,lp_academic_writing,,,True
f149e5ef-ffd,u_02454,did_click_lp,"{""lp_name"": ""lp_business_emails""}",2026-02-03 11:01:23+00:00,2026-02-03,lp_business_emails,,,True
5382223d-69f,u_02455,did_click_lp,"{""lp_name"": ""lp_business_emails""}",2026-02-27 06:17:56+00:00,2026-02-27,lp_business_emails,,,True
f92967fa-07e,u_02455,did_install_grammarly,{},2026-02-27 06:22:56+00:00,2026-02-27,,,,True
f0731893-7e7,u_02455,try_grammarly,"{""product_feature"": ""smart_email_reply""}",2026-02-27 06:53:56+00:00,2026-02-27,,smart_email_reply,,True
da966726-2de,u_02456,did_click_lp,"{""lp_name"": ""lp_academic_writing""}",2026-02-25 02:25:32+00:00,2026-02-25,lp_academic_writing,,,True
23908fc8-fb5,u_02457,did_click_lp,"{""lp_name"": ""lp_academic_writing""}",2026-02-08 12:05:46+00:00,2026-02-08,lp_academic_writing,,,True
430de4d5-18c,u_02458,did_click_lp,"{""lp_name"": ""lp_academic_writing""}",2026-02-01 19:48:16+00:00,2026-02-01,lp_academic_writing,,,True
b206c43a-870,u_02458,did_install_grammarly,{},2026-02-01 19:56:16+00:00,2026-02-01,,,,True
dbdd8597-d15,u_02458,did_click_lp,"{""lp_name"": ""lp_academic_writing""}",2026-02-19 02:22:53+00:00,2026-02-19,lp_academic_writing,,,True
0b1027a9-9c3,u_02459,did_click_lp,"{""lp_name"": ""lp_business_emails""}",2026-02-10 08:55:34+00:00,2026-02-10,lp_business_emails,,,True
cd6e75ee-afb,u_02459,did_install_grammarly,{},2026-02-10 09:00:34+00:00,2026-02-10,,,,True
a8e50109-dfd,u_02460,did_click_lp,"{""lp_name"": ""lp_academic_writing""}",2026-02-09 19:12:12+00:00,2026-02-09,lp_academic_writing,,,True
5e9e144a-6ed,u_02460,did_install_grammarly,{},2026-02-09 19:19:12+00:00,2026-02-09,,,,True
66c749c9-7ee,u_02460,try_grammarly,"{""product_feature"": ""academic_citation_helper""}",2026-02-09 20:14:12+00:00,2026-02-09,,academic_citation_helper,,True
33c64a66-14f,u_02460,try_grammarly,"{""product_feature"": ""academic_citation_helper""}",2026-02-10 10:06:48+00:00,2026-02-10,,academic_citation_helper,,True
b14bab80-0c7,u_02460,try_grammarly,"{""product_feature"": ""academic_citation_helper""}",2026-02-11 20:53:43+00:00,2026-02-11,,academic_citation_helper,,True
01a6ec87-09d,u_02461,did_click_lp,"{""lp_name"": ""lp_business_emails""}",2026-02-04 02:39:04+00:00,2026-02-04,lp_business_emails,,,True
1eb8e18d-dbe,u_02462,did_click_lp,"{""lp_name"": ""lp_academic_writing""}",2026-02-02 00:54:08+00:00,2026-02-02,lp_academic_writing,,,True
45d9b0ad-792,u_02463,did_click_lp,"{""lp_name"": ""lp_business_emails""}",2026-02-19 08:32:36+00:00,2026-02-19,lp_business_emails,,,True
dc7c8fa5-ecf,u_02464,did_click_lp,"{""lp_name"": ""lp_academic_writing""}",2026-02-14 06:36:22+00:00,2026-02-14,lp_academic_writing,,,True
c392ea29-f9d,u_02464,did_install_grammarly,{},2026-02-14 06:38:22+00:00,2026-02-14,,,,True
9bbed081-50b,u_02464,try_grammarly,"{""product_feature"": ""academic_citation_helper""}",2026-02-14 06:45:22+00:00,2026-02-14,,academic_citation_helper,,True
ca4c6611-0d6,u_02465,did_click_lp,"{""lp_name"": ""lp_business_emails""}",2026-02-17 19:49:09+00:00,2026-02-17,lp_business_emails,,,True
df2408f2-b12,u_02466,did_click_lp,"{""lp_name"": ""lp_business_emails""}",2026-02-06 12:38:09+00:00,2026-02-06,lp_business_emails,,,True
190c68eb-95a,u_02466,did_install_grammarly,{},2026-02-06 12:44:09+00:00,2026-02-06,,,,True
66136fb6-c88,u_02467,did_click_lp,"{""lp_name"": ""lp_academic_writing""}",2026-02-20 01:44:33+00:00,2026-02-20,lp_academic_writing,,,True
c0d2d4eb-b03,u_02468,did_click_lp,"{""lp_name"": ""lp_academic_writing""}",2026-02-06 17:19:07+00:00,2026-02-06,lp_academic_writing,,,True
0527b1fd-9d6,u_02469,did_click_lp,"{""lp_name"": ""lp_academic_writing""}",2026-02-02 03:24:03+00:00,2026-02-02,lp_academic_writing,,,True
9ad85609-828,u_02469,did_install_grammarly,{},2026-02-02 03:31:03+00:00,2026-02-02,,,,True
40ef3e88-7a4,u_02469,try_grammarly,"{""product_feature"": ""academic_citation_helper""}",2026-02-02 04:14:03+00:00,2026-02-02,,academic_citation_helper,,True
5e9ed5c1-da1,u_02470,did_click_lp,"{""lp_name"": ""lp_academic_writing""}",2026-02-20 16:29:42+00:00,2026-02-20,lp_academic_writing,,,True
87f74fc5-55d,u_02471,did_click_lp,"{""lp_name"": ""lp_business_emails""}",2026-02-20 17:29:39+00:00,2026-02-20,lp_business_emails,,,True
a8e145b8-c62,u_02471,did_install_grammarly,{},2026-02-20 17:30:39+00:00,2026-02-20,,,,True
48887a8f-6e9,u_02472,did_click_lp,"{""lp_name"": ""lp_business_emails""}",2026-02-03 22:35:59+00:00,2026-02-03,lp_business_emails,,,True
185c2c78-709,u_02473,did_click_lp,"{""lp_name"": ""lp_business_emails""}",2026-02-12 11:03:19+00:00,2026-02-12,lp_business_emails,,,True
76ffb462-31f,u_02474,did_click_lp,"{""lp_name"": ""lp_business_emails""}",2026-02-01 10:54:10+00:00,2026-02-01,lp_business_emails,,,True
65288e91-a6f,u_02475,did_click_lp,"{""lp_name"": ""lp_academic_writing""}",2026-02-25 03:40:28+00:00,2026-02-25,lp_academic_writing,,,True
1a231744-ef5,u_02476,did_click_lp,"{""lp_name"": ""lp_academic_writing""}",2026-02-24 00:48:20+00:00,2026-02-24,lp_academic_writing,,,True
96265a51-4f2,u_02477,did_click_lp,"{""lp_name"": ""lp_business_emails""}",2026-02-10 02:15:10+00:00,2026-02-10,lp_business_emails,,,True
1d952b1b-f6d,u_02478,did_click_lp,"{""lp_name"": ""lp_business_emails""}",2026-02-28 02:01:49+00:00,2026-02-28,lp_business_emails,,,True
c849870c-242,u_02478,did_install_grammarly,{},2026-02-28 02:11:49+00:00,2026-02-28,,,,True
4e8cffe6-efe,u_02478,try_grammarly,"{""product_feature"": ""smart_email_reply""}",2026-02-28 03:00:49+00:00,2026-02-28,,smart_email_reply,,True
051cee7f-04b,u_02479,did_click_lp,"{""lp_name"": ""lp_academic_writing""}",2026-02-27 09:01:41+00:00,2026-02-27,lp_academic_writing,,,True
d9ace02c-6ca,u_02480,did_click_lp,"{""lp_name"": ""lp_academic_writing""}",2026-02-11 02:53:29+00:00,2026-02-11,lp_academic_writing,,,True
422aeb89-11f,u_02481,did_click_lp,"{""lp_name"": ""lp_business_emails""}",2026-02-19 20:58:00+00:00,2026-02-19,lp_business_emails,,,True
0f25673c-5bf,u_02482,did_click_lp,"{""lp_name"": ""lp_academic_writing""}",2026-02-21 10:26:40+00:00,2026-02-21,lp_academic_writing,,,True
392d6c1a-b24,u_02483,did_click_lp,"{""lp_name"": ""lp_academic_writing""}",2026-02-13 22:53:47+00:00,2026-02-13,lp_academic_writing,,,True
9a369ffb-46b,u_02483,did_install_grammarly,{},2026-02-13 23:01:47+00:00,2026-02-13,,,,True
3c0b8557-46b,u_02483,try_grammarly,"{""product_feature"": ""academic_citation_helper""}",2026-02-13 23:10:47+00:00,2026-02-13,,academic_citation_helper,,True
89fcdf57-984,u_02484,did_click_lp,"{""lp_name"": ""lp_business_emails""}",2026-02-16 19:34:31+00:00,2026-02-16,lp_business_emails,,,True
52416a12-2e5,u_02485,did_click_lp,"{""lp_name"": ""lp_business_emails""}",2026-02-21 19:42:55+00:00,2026-02-21,lp_business_emails,,,True
867b628e-1e7,u_02486,did_click_lp,"{""lp_name"": ""lp_business_emails""}",2026-02-24 06:24:03+00:00,2026-02-24,lp_business_emails,,,True
a03a35a4-b11,u_02487,did_click_lp,"{""lp_name"": ""lp_academic_writing""}",2026-02-13 02:05:10+00:00,2026-02-13,lp_academic_writing,,,True
88212231-0f8,u_02487,did_install_grammarly,{},2026-02-13 02:11:10+00:00,2026-02-13,,,,True
9183b9a7-fe1,u_02487,try_grammarly,"{""product_feature"": ""academic_citation_helper""}",2026-02-13 02:34:10+00:00,2026-02-13,,academic_citation_helper,,True
95fc1ecb-049,u_02487,try_grammarly,"{""product_feature"": ""academic_citation_helper""}",2026-02-14 19:41:25+00:00,2026-02-14,,academic_citation_helper,,True
2d653588-d61,u_02487,try_grammarly,"{""product_feature"": ""academic_citation_helper""}",2026-02-15 14:49:55+00:00,2026-02-15,,academic_citation_helper,,True
9092bd24-a89,u_02488,did_click_lp,"{""lp_name"": ""lp_academic_writing""}",2026-02-23 00:02:15+00:00,2026-02-23,lp_academic_writing,,,True
5d85c74f-5bf,u_02489,did_click_lp,"{""lp_name"": ""lp_business_emails""}",2026-02-14 11:42:25+00:00,2026-02-14,lp_business_emails,,,True
2c127522-519,u_02489,did_install_grammarly,{},2026-02-14 11:52:25+00:00,2026-02-14,,,,True
a532f67f-630,u_02489,try_grammarly,"{""product_feature"": ""smart_email_reply""}",2026-02-14 12:19:25+00:00,2026-02-14,,smart_email_reply,,True
ba6bba5a-f70,u_02489,did_click_lp,"{""lp_name"": ""lp_business_emails""}",2026-02-28 08:49:25+00:00,2026-02-28,lp_business_emails,,,True
e7eaf6c7-b71,u_02490,did_click_lp,"{""lp_name"": ""lp_academic_writing""}",2026-02-25 14:01:57+00:00,2026-02-25,lp_academic_writing,,,True
ae154565-dc1,u_02491,did_click_lp,"{""lp_name"": ""lp_business_emails""}",2026-02-16 07:24:58+00:00,2026-02-16,lp_business_emails,,,True
ebef829c-c81,u_02492,did_click_lp,"{""lp_name"": ""lp_academic_writing""}",2026-02-04 00:53:43+00:00,2026-02-04,lp_academic_writing,,,True
30f24c35-46b,u_02492,did_install_grammarly,{},2026-02-04 00:55:43+00:00,2026-02-04,,,,True
c595ba31-717,u_02492,try_grammarly,"{""product_feature"": ""academic_citation_helper""}",2026-02-04 01:13:43+00:00,2026-02-04,,academic_citation_helper,,True
378c365e-62f,u_02492,try_grammarly,"{""product_feature"": ""academic_citation_helper""}",2026-02-05 07:23:51+00:00,2026-02-05,,academic_citation_helper,,True
090609e0-521,u_02492,try_grammarly,"{""product_feature"": ""academic_citation_helper""}",2026-02-06 05:33:51+00:00,2026-02-06,,academic_citation_helper,,True
32740ed1-b3d,u_02493,did_click_lp,"{""lp_name"": ""lp_business_emails""}",2026-02-04 05:24:35+00:00,2026-02-04,lp_business_emails,,,True
2bccbdec-fbb,u_02494,did_click_lp,"{""lp_name"": ""lp_academic_writing""}",2026-02-01 05:12:21+00:00,2026-02-01,lp_academic_writing,,,True
265bdb16-3d9,u_02495,did_click_lp,"{""lp_name"": ""lp_business_emails""}",2026-02-04 14:31:29+00:00,2026-02-04,lp_business_emails,,,True
50a0b447-ce5,u_02495,did_install_grammarly,{},2026-02-04 14:33:29+00:00,2026-02-04,,,,True
6ff50f2d-5da,u_02496,did_click_lp,"{""lp_name"": ""lp_business_emails""}",2026-02-05 00:58:28+00:00,2026-02-05,lp_business_emails,,,True
a38a4c38-15e,u_02496,did_install_grammarly,{},2026-02-05 01:11:28+00:00,2026-02-05,,,,True
8547fc56-ec7,u_02496,try_grammarly,"{""product_feature"": ""smart_email_reply""}",2026-02-05 01:24:28+00:00,2026-02-05,,smart_email_reply,,True
101d0804-831,u_02497,did_click_lp,"{""lp_name"": ""lp_business_emails""}",2026-02-18 20:12:18+00:00,2026-02-18,lp_business_emails,,,True
679a1931-20b,u_02497,did_install_grammarly,{},2026-02-18 20:20:18+00:00,2026-02-18,,,,True
b4c6c8ca-114,u_02498,did_click_lp,"{""lp_name"": ""lp_academic_writing""}",2026-02-04 00:45:33+00:00,2026-02-04,lp_academic_writing,,,True
5123cdf3-4e4,u_02499,did_click_lp,"{""lp_name"": ""lp_business_emails""}",2026-02-14 01:48:27+00:00,2026-02-14,lp_business_emails,,,True
78c7c950-938,u_02499,did_install_grammarly,{},2026-02-14 01:54:27+00:00,2026-02-14,,,,True
e5b37f80-9db,u_02500,did_click_lp,"{""lp_name"": ""lp_business_emails""}",2026-02-14 13:12:40+00:00,2026-02-14,lp_business_emails,,,True
3d6b12fc-d9a,u_02500,did_install_grammarly,{},2026-02-14 13:16:40+00:00,2026-02-14,,,,True
ed8bc9c0-673,u_02500,try_grammarly,"{""product_feature"": ""smart_email_reply""}",2026-02-14 13:58:40+00:00,2026-02-14,,smart_email_reply,,True
f4f8f9e7-d2f,u_02501,did_click_lp,"{""lp_name"": ""lp_business_emails""}",2026-02-28 03:46:56+00:00,2026-02-28,lp_business_emails,,,True
73d051a7-8c0,u_02502,did_click_lp,"{""lp_name"": ""lp_business_emails""}",2026-02-19 10:56:28+00:00,2026-02-19,lp_business_emails,,,True
1ebd1fe0-8d8,u_02502,did_install_grammarly,{},2026-02-19 11:06:28+00:00,2026-02-19,,,,True
10404452-21f,u_02503,did_click_lp,"{""lp_name"": ""lp_academic_writing""}",2026-02-02 03:24:23+00:00,2026-02-02,lp_academic_writing,,,True
4c2c750a-b9d,u_02504,did_click_lp,"{""lp_name"": ""lp_business_emails""}",2026-02-05 12:37:48+00:00,2026-02-05,lp_business_emails,,,True
55222b78-a66,u_02504,did_install_grammarly,{},2026-02-05 12:48:48+00:00,2026-02-05,,,,True
0486c6a1-fef,u_02504,try_grammarly,"{""product_feature"": ""smart_email_reply""}",2026-02-05 13:33:48+00:00,2026-02-05,,smart_email_reply,,True
5da1cd7c-91b,u_02505,did_click_lp,"{""lp_name"": ""lp_business_emails""}",2026-02-25 15:35:49+00:00,2026-02-25,lp_business_emails,,,True
387292e8-59f,u_02506,did_click_lp,"{""lp_name"": ""lp_business_emails""}",2026-02-01 18:12:44+00:00,2026-02-01,lp_business_emails,,,True
41cae13c-bff,u_02507,did_click_lp,"{""lp_name"": ""lp_academic_writing""}",2026-02-17 04:40:52+00:00,2026-02-17,lp_academic_writing,,,True
f4159874-e82,u_02507,did_install_grammarly,{},2026-02-17 04:50:52+00:00,2026-02-17,,,,True
e08020fa-933,u_02508,did_click_lp,"{""lp_name"": ""lp_academic_writing""}",2026-02-02 15:14:58+00:00,2026-02-02,lp_academic_writing,,,True
b9ff6e4d-ef3,u_02508,did_install_grammarly,{},2026-02-02 15:18:58+00:00,2026-02-02,,,,True
47b00c7d-8f2,u_02509,did_click_lp,"{""lp_name"": ""lp_academic_writing""}",2026-02-14 14:18:10+00:00,2026-02-14,lp_academic_writing,,,True
f5a1f769-dec,u_02510,did_click_lp,"{""lp_name"": ""lp_business_emails""}",2026-02-17 17:11:27+00:00,2026-02-17,lp_business_emails,,,True
25e19d53-fba,u_02511,did_click_lp,"{""lp_name"": ""lp_academic_writing""}",2026-02-08 00:07:48+00:00,2026-02-08,lp_academic_writing,,,True
e507ac55-5e7,u_02511,did_install_grammarly,{},2026-02-08 00:09:48+00:00,2026-02-08,,,,True
3c041b6f-bf2,u_02512,did_click_lp,"{""lp_name"": ""lp_business_emails""}",2026-02-20 03:30:27+00:00,2026-02-20,lp_business_emails,,,True
a20decc0-708,u_02513,did_click_lp,"{""lp_name"": ""lp_academic_writing""}",2026-02-27 08:47:23+00:00,2026-02-27,lp_academic_writing,,,True
af74efb9-2c0,u_02514,did_click_lp,"{""lp_name"": ""lp_academic_writing""}",2026-02-07 02:52:39+00:00,2026-02-07,lp_academic_writing,,,True
568cf74d-359,u_02515,did_click_lp,"{""lp_name"": ""lp_business_emails""}",2026-02-06 10:10:38+00:00,2026-02-06,lp_business_emails,,,True
ed792a57-ec9,u_02515,did_install_grammarly,{},2026-02-06 10:17:38+00:00,2026-02-06,,,,True
52c79bc1-87a,u_02516,did_click_lp,"{""lp_name"": ""lp_business_emails""}",2026-02-09 11:46:32+00:00,2026-02-09,lp_business_emails,,,True
b669b321-aab,u_02517,did_click_lp,"{""lp_name"": ""lp_academic_writing""}",2026-02-07 17:22:35+00:00,2026-02-07,lp_academic_writing,,,True
444869bf-a6b,u_02517,did_install_grammarly,{},2026-02-07 17:25:35+00:00,2026-02-07,,,,True
081edb47-af5,u_02518,did_click_lp,"{""lp_name"": ""lp_academic_writing""}",2026-02-08 10:46:04+00:00,2026-02-08,lp_academic_writing,,,True
cff5a992-f58,u_02519,did_click_lp,"{""lp_name"": ""lp_business_emails""}",2026-02-27 18:14:28+00:00,2026-02-27,lp_business_emails,,,True
270f59fd-12d,u_02519,did_install_grammarly,{},2026-02-27 18:29:28+00:00,2026-02-27,,,,True
87c526c0-f7e,u_02520,did_click_lp,"{""lp_name"": ""lp_business_emails""}",2026-02-23 10:04:45+00:00,2026-02-23,lp_business_emails,,,True
c34c4562-6b4,u_02520,did_install_grammarly,{},2026-02-23 10:08:45+00:00,2026-02-23,,,,True
e0bb7184-41f,u_02521,did_click_lp,"{""lp_name"": ""lp_academic_writing""}",2026-02-26 19:58:38+00:00,2026-02-26,lp_academic_writing,,,True
799431d4-896,u_02522,did_click_lp,"{""lp_name"": ""lp_business_emails""}",2026-02-05 14:47:50+00:00,2026-02-05,lp_business_emails,,,True
d119ae2e-6a0,u_02523,did_click_lp,"{""lp_name"": ""lp_business_emails""}",2026-02-02 21:06:50+00:00,2026-02-02,lp_business_emails,,,True
ba39b48f-f22,u_02523,did_install_grammarly,{},2026-02-02 21:07:50+00:00,2026-02-02,,,,True
3264abc9-d46,u_02523,try_grammarly,"{""product_feature"": ""smart_email_reply""}",2026-02-02 22:05:50+00:00,2026-02-02,,smart_email_reply,,True
4004856b-76d,u_02524,did_click_lp,"{""lp_name"": ""lp_business_emails""}",2026-02-22 21:12:49+00:00,2026-02-22,lp_business_emails,,,True
8e4d661f-848,u_02525,did_click_lp,"{""lp_name"": ""lp_academic_writing""}",2026-02-23 04:20:48+00:00,2026-02-23,lp_academic_writing,,,True
2b344a5c-989,u_02526,did_click_lp,"{""lp_name"": ""lp_academic_writing""}",2026-02-06 14:32:27+00:00,2026-02-06,lp_academic_writing,,,True
8ec7c398-bcb,u_02527,did_click_lp,"{""lp_name"": ""lp_academic_writing""}",2026-02-14 04:01:18+00:00,2026-02-14,lp_academic_writing,,,True
b29356de-635,u_02528,did_click_lp,"{""lp_name"": ""lp_academic_writing""}",2026-02-09 03:43:33+00:00,2026-02-09,lp_academic_writing,,,True
18374180-584,u_02529,did_click_lp,"{""lp_name"": ""lp_business_emails""}",2026-02-01 09:17:35+00:00,2026-02-01,lp_business_emails,,,True
36e2f462-470,u_02529,did_install_grammarly,{},2026-02-01 09:23:35+00:00,2026-02-01,,,,True
fb4c3d36-e50,u_02529,try_grammarly,"{""product_feature"": ""smart_email_reply""}",2026-02-01 10:19:35+00:00,2026-02-01,,smart_email_reply,,True
775e630a-348,u_02530,did_click_lp,"{""lp_name"": ""lp_academic_writing""}",2026-02-15 00:12:54+00:00,2026-02-15,lp_academic_writing,,,True
475a68d4-fd3,u_02531,did_click_lp,"{""lp_name"": ""lp_business_emails""}",2026-02-10 03:57:25+00:00,2026-02-10,lp_business_emails,,,True
724f4991-c95,u_02532,did_click_lp,"{""lp_name"": ""lp_academic_writing""}",2026-02-23 23:05:13+00:00,2026-02-23,lp_academic_writing,,,True
25bbaf64-b72,u_02532,did_install_grammarly,{},2026-02-23 23:07:13+00:00,2026-02-23,,,,True
61cdd86b-f17,u_02532,try_grammarly,"{""product_feature"": ""academic_citation_helper""}",2026-02-23 23:42:13+00:00,2026-02-23,,academic_citation_helper,,True
de786add-c01,u_02532,try_grammarly,"{""product_feature"": ""academic_citation_helper""}",2026-02-24 00:49:25+00:00,2026-02-24,,academic_citation_helper,,True
01c3cbae-1f9,u_02532,try_grammarly,"{""product_feature"": ""academic_citation_helper""}",2026-02-25 02:06:16+00:00,2026-02-25,,academic_citation_helper,,True
0e3288e3-74a,u_02533,did_click_lp,"{""lp_name"": ""lp_academic_writing""}",2026-02-04 22:46:32+00:00,2026-02-04,lp_academic_writing,,,True
5d2b224e-cdc,u_02534,did_click_lp,"{""lp_name"": ""lp_business_emails""}",2026-02-27 14:29:29+00:00,2026-02-27,lp_business_emails,,,True
bbf01b77-1a4,u_02534,did_install_grammarly,{},2026-02-27 14:44:29+00:00,2026-02-27,,,,True
27450746-4f6,u_02535,did_click_lp,"{""lp_name"": ""lp_academic_writing""}",2026-02-25 07:19:55+00:00,2026-02-25,lp_academic_writing,,,True
ddecc108-f93,u_02536,did_click_lp,"{""lp_name"": ""lp_academic_writing""}",2026-02-11 02:35:34+00:00,2026-02-11,lp_academic_writing,,,True
629062b2-231,u_02537,did_click_lp,"{""lp_name"": ""lp_business_emails""}",2026-02-11 07:42:45+00:00,2026-02-11,lp_business_emails,,,True
2ac43ea0-e5a,u_02537,did_install_grammarly,{},2026-02-11 07:55:45+00:00,2026-02-11,,,,True
b379da9b-59e,u_02537,try_grammarly,"{""product_feature"": ""smart_email_reply""}",2026-02-11 08:14:45+00:00,2026-02-11,,smart_email_reply,,True
fc2ef5ff-0b0,u_02538,did_click_lp,"{""lp_name"": ""lp_business_emails""}",2026-02-04 09:23:03+00:00,2026-02-04,lp_business_emails,,,True
6a8e80df-c2a,u_02538,did_install_grammarly,{},2026-02-04 09:38:03+00:00,2026-02-04,,,,True
3ba5ae22-0db,u_02538,try_grammarly,"{""product_feature"": ""smart_email_reply""}",2026-02-04 10:22:03+00:00,2026-02-04,,smart_email_reply,,True
870c20cf-2f5,u_02539,did_click_lp,"{""lp_name"": ""lp_business_emails""}",2026-02-09 21:33:51+00:00,2026-02-09,lp_business_emails,,,True
7242f567-b8b,u_02539,did_install_grammarly,{},2026-02-09 21:40:51+00:00,2026-02-09,,,,True
422194ca-979,u_02539,try_grammarly,"{""product_feature"": ""smart_email_reply""}",2026-02-09 22:19:51+00:00,2026-02-09,,smart_email_reply,,True
725e4295-cde,u_02540,did_click_lp,"{""lp_name"": ""lp_academic_writing""}",2026-02-09 20:01:02+00:00,2026-02-09,lp_academic_writing,,,True
f1e1bf59-809,u_02540,did_install_grammarly,{},2026-02-09 20:06:02+00:00,2026-02-09,,,,True
d04dbc80-04c,u_02540,try_grammarly,"{""product_feature"": ""academic_citation_helper""}",2026-02-09 20:59:02+00:00,2026-02-09,,academic_citation_helper,,True
ec0d7948-061,u_02540,try_grammarly,"{""product_feature"": ""academic_citation_helper""}",2026-02-10 06:35:52+00:00,2026-02-10,,academic_citation_helper,,True
876c027e-f1e,u_02541,did_click_lp,"{""lp_name"": ""lp_business_emails""}",2026-02-14 23:25:26+00:00,2026-02-14,lp_business_emails,,,True
e11d8b4a-48f,u_02542,did_click_lp,"{""lp_name"": ""lp_academic_writing""}",2026-02-27 12:08:07+00:00,2026-02-27,lp_academic_writing,,,True
9fa8ac19-85a,u_02543,did_click_lp,"{""lp_name"": ""lp_business_emails""}",2026-02-13 12:37:39+00:00,2026-02-13,lp_business_emails,,,True
86705e04-6e8,u_02544,did_click_lp,"{""lp_name"": ""lp_business_emails""}",2026-02-18 23:34:55+00:00,2026-02-18,lp_business_emails,,,True
4b7d2021-3b8,u_02544,did_install_grammarly,{},2026-02-18 23:47:55+00:00,2026-02-18,,,,True
c0210601-7e1,u_02544,try_grammarly,"{""product_feature"": ""smart_email_reply""}",2026-02-19 00:26:55+00:00,2026-02-19,,smart_email_reply,,True
67bd5248-b2c,u_02545,did_click_lp,"{""lp_name"": ""lp_business_emails""}",2026-02-08 08:30:53+00:00,2026-02-08,lp_business_emails,,,True
bbdded93-e5a,u_02545,did_install_grammarly,{},2026-02-08 08:44:53+00:00,2026-02-08,,,,True
2852d8f8-e40,u_02546,did_click_lp,"{""lp_name"": ""lp_business_emails""}",2026-02-08 08:21:18+00:00,2026-02-08,lp_business_emails,,,True
53613187-e57,u_02547,did_click_lp,"{""lp_name"": ""lp_academic_writing""}",2026-02-22 17:57:58+00:00,2026-02-22,lp_academic_writing,,,True
60750ad8-ddf,u_02548,did_click_lp,"{""lp_name"": ""lp_academic_writing""}",2026-02-21 20:05:23+00:00,2026-02-21,lp_academic_writing,,,True
51e5e68f-8eb,u_02549,did_click_lp,"{""lp_name"": ""lp_business_emails""}",2026-02-27 20:43:53+00:00,2026-02-27,lp_business_emails,,,True
6342c857-f58,u_02549,did_install_grammarly,{},2026-02-27 20:57:53+00:00,2026-02-27,,,,True
17851d4c-d09,u_02550,did_click_lp,"{""lp_name"": ""lp_academic_writing""}",2026-02-01 09:17:32+00:00,2026-02-01,lp_academic_writing,,,True
abaf7cff-9f5,u_02550,did_install_grammarly,{},2026-02-01 09:24:32+00:00,2026-02-01,,,,True
46955458-75e,u_02550,try_grammarly,"{""product_feature"": ""academic_citation_helper""}",2026-02-01 10:18:32+00:00,2026-02-01,,academic_citation_helper,,True
38fbcbf0-29f,u_02550,try_grammarly,"{""product_feature"": ""academic_citation_helper""}",2026-02-02 21:20:26+00:00,2026-02-02,,academic_citation_helper,,True
8380bec2-cd0,u_02550,try_grammarly,"{""product_feature"": ""academic_citation_helper""}",2026-02-03 14:27:25+00:00,2026-02-03,,academic_citation_helper,,True
72f7d6b1-65d,u_02550,try_grammarly,"{""product_feature"": ""academic_citation_helper""}",2026-02-04 08:31:46+00:00,2026-02-04,,academic_citation_helper,,True
620c390d-8d9,u_02551,did_click_lp,"{""lp_name"": ""lp_business_emails""}",2026-02-18 21:10:56+00:00,2026-02-18,lp_business_emails,,,True
91baa687-fe3,u_02551,did_install_grammarly,{},2026-02-18 21:19:56+00:00,2026-02-18,,,,True
653ceab9-93c,u_02552,did_click_lp,"{""lp_name"": ""lp_academic_writing""}",2026-02-23 21:50:09+00:00,2026-02-23,lp_academic_writing,,,True
72a3b5bd-686,u_02552,did_install_grammarly,{},2026-02-23 21:52:09+00:00,2026-02-23,,,,True
3ee16234-ef4,u_02552,try_grammarly,"{""product_feature"": ""academic_citation_helper""}",2026-02-23 22:17:09+00:00,2026-02-23,,academic_citation_helper,,True
1ae8c1b3-ec0,u_02552,try_grammarly,"{""product_feature"": ""academic_citation_helper""}",2026-02-24 14:16:23+00:00,2026-02-24,,academic_citation_helper,,True
de03cd82-a90,u_02552,try_grammarly,"{""product_feature"": ""academic_citation_helper""}",2026-02-25 17:45:02+00:00,2026-02-25,,academic_citation_helper,,True
5d4f52a4-166,u_02553,did_click_lp,"{""lp_name"": ""lp_business_emails""}",2026-02-13 18:09:46+00:00,2026-02-13,lp_business_emails,,,True
c33f4d1d-966,u_02553,did_install_grammarly,{},2026-02-13 18:20:46+00:00,2026-02-13,,,,True
f54ca072-f2e,u_02554,did_click_lp,"{""lp_name"": ""lp_academic_writing""}",2026-02-19 20:50:49+00:00,2026-02-19,lp_academic_writing,,,True
a518d3cf-bae,u_02555,did_click_lp,"{""lp_name"": ""lp_business_emails""}",2026-02-10 01:57:07+00:00,2026-02-10,lp_business_emails,,,True
ed0bc0cc-74c,u_02555,did_install_grammarly,{},2026-02-10 02:02:07+00:00,2026-02-10,,,,True
4852a724-3d3,u_02555,try_grammarly,"{""product_feature"": ""smart_email_reply""}",2026-02-10 03:01:07+00:00,2026-02-10,,smart_email_reply,,True
c7519a46-e43,u_02556,did_click_lp,"{""lp_name"": ""lp_academic_writing""}",2026-02-15 03:01:31+00:00,2026-02-15,lp_academic_writing,,,True
ca67e16c-e27,u_02557,did_click_lp,"{""lp_name"": ""lp_business_emails""}",2026-02-03 18:59:29+00:00,2026-02-03,lp_business_emails,,,True
77797e64-4c8,u_02558,did_click_lp,"{""lp_name"": ""lp_academic_writing""}",2026-02-01 08:35:37+00:00,2026-02-01,lp_academic_writing,,,True
f2f77585-8ff,u_02559,did_click_lp,"{""lp_name"": ""lp_academic_writing""}",2026-02-15 15:10:05+00:00,2026-02-15,lp_academic_writing,,,True
14f45c9d-b22,u_02560,did_click_lp,"{""lp_name"": ""lp_academic_writing""}",2026-02-03 16:09:28+00:00,2026-02-03,lp_academic_writing,,,True
bee5ac4e-8d1,u_02560,did_install_grammarly,{},2026-02-03 16:14:28+00:00,2026-02-03,,,,True
3788b72f-af1,u_02560,try_grammarly,"{""product_feature"": ""academic_citation_helper""}",2026-02-03 16:48:28+00:00,2026-02-03,,academic_citation_helper,,True
02ca3d31-764,u_02560,try_grammarly,"{""product_feature"": ""academic_citation_helper""}",2026-02-04 20:32:24+00:00,2026-02-04,,academic_citation_helper,,True
09c4b271-9a5,u_02561,did_click_lp,"{""lp_name"": ""lp_business_emails""}",2026-02-05 02:56:48+00:00,2026-02-05,lp_business_emails,,,True
27fd8193-f7b,u_02562,did_click_lp,"{""lp_name"": ""lp_business_emails""}",2026-02-13 04:27:17+00:00,2026-02-13,lp_business_emails,,,True
1b77845e-850,u_02562,did_install_grammarly,{},2026-02-13 04:30:17+00:00,2026-02-13,,,,True
e7704e8f-434,u_02563,did_click_lp,"{""lp_name"": ""lp_academic_writing""}",2026-02-09 04:17:55+00:00,2026-02-09,lp_academic_writing,,,True
9514e180-698,u_02564,did_click_lp,"{""lp_name"": ""lp_academic_writing""}",2026-02-08 18:32:36+00:00,2026-02-08,lp_academic_writing,,,True
fdd91110-37e,u_02565,did_click_lp,"{""lp_name"": ""lp_academic_writing""}",2026-02-11 22:34:32+00:00,2026-02-11,lp_academic_writing,,,True
dc36a1e1-5d2,u_02565,did_install_grammarly,{},2026-02-11 22:40:32+00:00,2026-02-11,,,,True
391335a1-923,u_02566,did_click_lp,"{""lp_name"": ""lp_academic_writing""}",2026-02-01 05:16:56+00:00,2026-02-01,lp_academic_writing,,,True
c20d7ea3-2bc,u_02566,did_install_grammarly,{},2026-02-01 05:17:56+00:00,2026-02-01,,,,True
cff382b1-3b2,u_02567,did_click_lp,"{""lp_name"": ""lp_academic_writing""}",2026-02-17 17:36:59+00:00,2026-02-17,lp_academic_writing,,,True
4d51e88b-bdb,u_02568,did_click_lp,"{""lp_name"": ""lp_business_emails""}",2026-02-17 20:49:36+00:00,2026-02-17,lp_business_emails,,,True
3cda362c-96e,u_02568,did_install_grammarly,{},2026-02-17 20:58:36+00:00,2026-02-17,,,,True
c03063f9-cc7,u_02568,try_grammarly,"{""product_feature"": ""smart_email_reply""}",2026-02-17 21:15:36+00:00,2026-02-17,,smart_email_reply,,True
78208d62-1de,u_02569,did_click_lp,"{""lp_name"": ""lp_academic_writing""}",2026-02-01 01:42:22+00:00,2026-02-01,lp_academic_writing,,,True
5818c04e-c01,u_02570,did_click_lp,"{""lp_name"": ""lp_business_emails""}",2026-02-07 01:45:05+00:00,2026-02-07,lp_business_emails,,,True
23267769-972,u_02571,did_click_lp,"{""lp_name"": ""lp_business_emails""}",2026-02-18 09:11:20+00:00,2026-02-18,lp_business_emails,,,True
e7bfc662-c62,u_02572,did_click_lp,"{""lp_name"": ""lp_business_emails""}",2026-02-14 04:18:19+00:00,2026-02-14,lp_business_emails,,,True
5bccdd01-51f,u_02573,did_click_lp,"{""lp_name"": ""lp_business_emails""}",2026-02-28 19:14:53+00:00,2026-02-28,lp_business_emails,,,True
c171ad7e-176,u_02574,did_click_lp,"{""lp_name"": ""lp_business_emails""}",2026-02-11 03:05:32+00:00,2026-02-11,lp_business_emails,,,True
32981601-2d0,u_02575,did_click_lp,"{""lp_name"": ""lp_business_emails""}",2026-02-20 17:14:08+00:00,2026-02-20,lp_business_emails,,,True
40021e27-fca,u_02576,did_click_lp,"{""lp_name"": ""lp_academic_writing""}",2026-02-16 03:58:16+00:00,2026-02-16,lp_academic_writing,,,True
ca4565f7-503,u_02576,did_install_grammarly,{},2026-02-16 04:03:16+00:00,2026-02-16,,,,True
8eae9ce0-46f,u_02577,did_click_lp,"{""lp_name"": ""lp_academic_writing""}",2026-02-18 13:58:35+00:00,2026-02-18,lp_academic_writing,,,True
b2bf579f-2db,u_02578,did_click_lp,"{""lp_name"": ""lp_academic_writing""}",2026-02-17 14:58:55+00:00,2026-02-17,lp_academic_writing,,,True
0edf3ec1-9bc,u_02578,did_install_grammarly,{},2026-02-17 15:08:55+00:00,2026-02-17,,,,True
89f84be5-452,u_02579,did_click_lp,"{""lp_name"": ""lp_academic_writing""}",2026-02-10 05:58:23+00:00,2026-02-10,lp_academic_writing,,,True
03de77e4-4c8,u_02579,did_install_grammarly,{},2026-02-10 06:02:23+00:00,2026-02-10,,,,True
c403f859-faa,u_02580,did_click_lp,"{""lp_name"": ""lp_business_emails""}",2026-02-05 21:57:35+00:00,2026-02-05,lp_business_emails,,,True
03931fc3-a44,u_02581,did_click_lp,"{""lp_name"": ""lp_academic_writing""}",2026-02-11 14:30:55+00:00,2026-02-11,lp_academic_writing,,,True
8c568551-f24,u_02582,did_click_lp,"{""lp_name"": ""lp_academic_writing""}",2026-02-09 17:24:19+00:00,2026-02-09,lp_academic_writing,,,True
a28c85e7-714,u_02583,did_click_lp,"{""lp_name"": ""lp_academic_writing""}",2026-02-07 09:42:31+00:00,2026-02-07,lp_academic_writing,,,True
2ff3beff-21e,u_02584,did_click_lp,"{""lp_name"": ""lp_business_emails""}",2026-02-18 13:41:22+00:00,2026-02-18,lp_business_emails,,,True
6e69ccd1-878,u_02584,did_install_grammarly,{},2026-02-18 13:55:22+00:00,2026-02-18,,,,True
33eab361-aa8,u_02584,try_grammarly,"{""product_feature"": ""smart_email_reply""}",2026-02-18 14:27:22+00:00,2026-02-18,,smart_email_reply,,True
c4602ceb-b86,u_02585,did_click_lp,"{""lp_name"": ""lp_business_emails""}",2026-02-20 23:52:05+00:00,2026-02-20,lp_business_emails,,,True
713eec8a-912,u_02586,did_click_lp,"{""lp_name"": ""lp_business_emails""}",2026-02-16 22:50:16+00:00,2026-02-16,lp_business_emails,,,True
1ef168c3-461,u_02587,did_click_lp,"{""lp_name"": ""lp_academic_writing""}",2026-02-23 14:06:29+00:00,2026-02-23,lp_academic_writing,,,True
808d28d4-2fd,u_02587,did_install_grammarly,{},2026-02-23 14:14:29+00:00,2026-02-23,,,,True
590ce7c7-dfd,u_02587,try_grammarly,"{""product_feature"": ""academic_citation_helper""}",2026-02-23 14:33:29+00:00,2026-02-23,,academic_citation_helper,,True
543babcf-3e7,u_02587,try_grammarly,"{""product_feature"": ""academic_citation_helper""}",2026-02-24 19:16:58+00:00,2026-02-24,,academic_citation_helper,,True
42bce25e-1cc,u_02587,try_grammarly,"{""product_feature"": ""academic_citation_helper""}",2026-02-25 05:44:58+00:00,2026-02-25,,academic_citation_helper,,True
cb9b75eb-229,u_02588,did_click_lp,"{""lp_name"": ""lp_business_emails""}",2026-02-26 11:27:41+00:00,2026-02-26,lp_business_emails,,,True
6c091d1d-b86,u_02588,did_install_grammarly,{},2026-02-26 11:36:41+00:00,2026-02-26,,,,True
450eb2a8-2b3,u_02588,try_grammarly,"{""product_feature"": ""smart_email_reply""}",2026-02-26 11:53:41+00:00,2026-02-26,,smart_email_reply,,True
dc1378bd-e4d,u_02589,did_click_lp,"{""lp_name"": ""lp_business_emails""}",2026-02-24 10:07:39+00:00,2026-02-24,lp_business_emails,,,True
3fc30b14-5d9,u_02590,did_click_lp,"{""lp_name"": ""lp_academic_writing""}",2026-02-25 13:15:39+00:00,2026-02-25,lp_academic_writing,,,True
761b9a41-062,u_02590,did_install_grammarly,{},2026-02-25 13:24:39+00:00,2026-02-25,,,,True
7f0705ea-b66,u_02590,try_grammarly,"{""product_feature"": ""academic_citation_helper""}",2026-02-25 13:46:39+00:00,2026-02-25,,academic_citation_helper,,True
fc8cbace-162,u_02591,did_click_lp,"{""lp_name"": ""lp_academic_writing""}",2026-02-23 21:27:56+00:00,2026-02-23,lp_academic_writing,,,True
044a2889-e9e,u_02591,did_install_grammarly,{},2026-02-23 21:30:56+00:00,2026-02-23,,,,True
c2fe33a2-10f,u_02591,try_grammarly,"{""product_feature"": ""academic_citation_helper""}",2026-02-23 22:07:56+00:00,2026-02-23,,academic_citation_helper,,True
917de263-5ba,u_02591,try_grammarly,"{""product_feature"": ""academic_citation_helper""}",2026-02-24 05:34:38+00:00,2026-02-24,,academic_citation_helper,,True
4ca8d007-354,u_02591,try_grammarly,"{""product_feature"": ""academic_citation_helper""}",2026-02-25 11:57:20+00:00,2026-02-25,,academic_citation_helper,,True
d6bb4741-bc6,u_02592,did_click_lp,"{""lp_name"": ""lp_business_emails""}",2026-02-17 05:29:17+00:00,2026-02-17,lp_business_emails,,,True
56e19122-537,u_02593,did_click_lp,"{""lp_name"": ""lp_business_emails""}",2026-02-28 23:20:03+00:00,2026-02-28,lp_business_emails,,,True
530ea9aa-bae,u_02594,did_click_lp,"{""lp_name"": ""lp_academic_writing""}",2026-02-03 06:46:56+00:00,2026-02-03,lp_academic_writing,,,True
680ad601-3b3,u_02595,did_click_lp,"{""lp_name"": ""lp_business_emails""}",2026-02-02 16:11:34+00:00,2026-02-02,lp_business_emails,,,True
5b5af9c3-521,u_02596,did_click_lp,"{""lp_name"": ""lp_academic_writing""}",2026-02-24 01:51:06+00:00,2026-02-24,lp_academic_writing,,,True
bc53643f-3cb,u_02597,did_click_lp,"{""lp_name"": ""lp_academic_writing""}",2026-02-18 13:25:00+00:00,2026-02-18,lp_academic_writing,,,True
46e030ab-b74,u_02597,did_install_grammarly,{},2026-02-18 13:32:00+00:00,2026-02-18,,,,True
7f251753-167,u_02598,did_click_lp,"{""lp_name"": ""lp_business_emails""}",2026-02-02 01:12:01+00:00,2026-02-02,lp_business_emails,,,True
4b209c1e-5e1,u_02598,did_install_grammarly,{},2026-02-02 01:17:01+00:00,2026-02-02,,,,True
1579de65-f2c,u_02598,try_grammarly,"{""product_feature"": ""smart_email_reply""}",2026-02-02 01:44:01+00:00,2026-02-02,,smart_email_reply,,True
cad74c78-893,u_02599,did_click_lp,"{""lp_name"": ""lp_business_emails""}",2026-02-04 04:50:23+00:00,2026-02-04,lp_business_emails,,,True
38a95a7b-bc3,u_02600,did_click_lp,"{""lp_name"": ""lp_business_emails""}",2026-02-03 13:16:22+00:00,2026-02-03,lp_business_emails,,,True
88b7447e-387,u_02600,did_install_grammarly,{},2026-02-03 13:22:22+00:00,2026-02-03,,,,True
c308ccb2-2fa,u_02601,did_click_lp,"{""lp_name"": ""lp_business_emails""}",2026-02-06 00:56:44+00:00,2026-02-06,lp_business_emails,,,True
664dc26d-961,u_02601,did_install_grammarly,{},2026-02-06 01:02:44+00:00,2026-02-06,,,,True
a4e54900-b04,u_02601,try_grammarly,"{""product_feature"": ""smart_email_reply""}",2026-02-06 01:16:44+00:00,2026-02-06,,smart_email_reply,,True
bf73add9-1eb,u_02601,try_grammarly,"{""product_feature"": ""smart_email_reply""}",2026-02-08 14:56:01+00:00,2026-02-08,,smart_email_reply,,True
152a9b45-0d4,u_02602,did_click_lp,"{""lp_name"": ""lp_academic_writing""}",2026-02-28 08:29:33+00:00,2026-02-28,lp_academic_writing,,,True
7e60a1f5-005,u_02602,did_install_grammarly,{},2026-02-28 08:39:33+00:00,2026-02-28,,,,True
8b9d5e9f-075,u_02602,try_grammarly,"{""product_feature"": ""academic_citation_helper""}",2026-02-28 09:14:33+00:00,2026-02-28,,academic_citation_helper,,True
d25ebe6f-6b0,u_02602,try_grammarly,"{""product_feature"": ""academic_citation_helper""}",2026-03-01 21:42:04+00:00,2026-03-01,,academic_citation_helper,,True
3e5e591b-a19,u_02603,did_click_lp,"{""lp_name"": ""lp_business_emails""}",2026-02-13 15:10:49+00:00,2026-02-13,lp_business_emails,,,True
533c6c5b-a95,u_02603,did_install_grammarly,{},2026-02-13 15:22:49+00:00,2026-02-13,,,,True
f634c913-14a,u_02604,did_click_lp,"{""lp_name"": ""lp_business_emails""}",2026-02-20 04:32:58+00:00,2026-02-20,lp_business_emails,,,True
066c777e-48f,u_02605,did_click_lp,"{""lp_name"": ""lp_academic_writing""}",2026-02-14 03:43:03+00:00,2026-02-14,lp_academic_writing,,,True
94a3222a-626,u_02606,did_click_lp,"{""lp_name"": ""lp_business_emails""}",2026-02-02 14:12:00+00:00,2026-02-02,lp_business_emails,,,True
f99244d6-bfa,u_02607,did_click_lp,"{""lp_name"": ""lp_academic_writing""}",2026-02-19 00:39:32+00:00,2026-02-19,lp_academic_writing,,,True
664cfb2d-28d,u_02608,did_click_lp,"{""lp_name"": ""lp_academic_writing""}",2026-02-20 17:10:20+00:00,2026-02-20,lp_academic_writing,,,True
abafdcb2-3b5,u_02609,did_click_lp,"{""lp_name"": ""lp_business_emails""}",2026-02-04 19:51:51+00:00,2026-02-04,lp_business_emails,,,True
eba57340-2c6,u_02610,did_click_lp,"{""lp_name"": ""lp_business_emails""}",2026-02-16 19:45:46+00:00,2026-02-16,lp_business_emails,,,True
c4907841-a25,u_02610,did_install_grammarly,{},2026-02-16 20:00:46+00:00,2026-02-16,,,,True
265faa4d-f11,u_02610,try_grammarly,"{""product_feature"": ""smart_email_reply""}",2026-02-16 20:55:46+00:00,2026-02-16,,smart_email_reply,,True
0e520d69-94a,u_02611,did_click_lp,"{""lp_name"": ""lp_academic_writing""}",2026-02-07 19:34:36+00:00,2026-02-07,lp_academic_writing,,,True
c806038c-d87,u_02612,did_click_lp,"{""lp_name"": ""lp_business_emails""}",2026-02-15 18:44:35+00:00,2026-02-15,lp_business_emails,,,True
8888a306-4f3,u_02612,did_install_grammarly,{},2026-02-15 18:45:35+00:00,2026-02-15,,,,True
fd77b018-1b4,u_02613,did_click_lp,"{""lp_name"": ""lp_academic_writing""}",2026-02-02 09:42:47+00:00,2026-02-02,lp_academic_writing,,,True
51a67eae-1db,u_02614,did_click_lp,"{""lp_name"": ""lp_academic_writing""}",2026-02-06 07:51:33+00:00,2026-02-06,lp_academic_writing,,,True
cf9a64f6-dc4,u_02615,did_click_lp,"{""lp_name"": ""lp_academic_writing""}",2026-02-02 14:41:00+00:00,2026-02-02,lp_academic_writing,,,True
8b55980b-9e6,u_02615,did_install_grammarly,{},2026-02-02 14:46:00+00:00,2026-02-02,,,,True
b3ae341d-8fb,u_02616,did_click_lp,"{""lp_name"": ""lp_business_emails""}",2026-02-13 19:44:04+00:00,2026-02-13,lp_business_emails,,,True
e83c0e37-c58,u_02616,did_install_grammarly,{},2026-02-13 19:46:04+00:00,2026-02-13,,,,True
d2fcde86-51f,u_02617,did_click_lp,"{""lp_name"": ""lp_academic_writing""}",2026-02-05 10:15:34+00:00,2026-02-05,lp_academic_writing,,,True
321bac17-c4b,u_02617,did_install_grammarly,{},2026-02-05 10:23:34+00:00,2026-02-05,,,,True
58573e75-604,u_02618,did_click_lp,"{""lp_name"": ""lp_business_emails""}",2026-02-26 02:06:34+00:00,2026-02-26,lp_business_emails,,,True
3e5542db-c10,u_02619,did_click_lp,"{""lp_name"": ""lp_business_emails""}",2026-02-25 16:30:06+00:00,2026-02-25,lp_business_emails,,,True
c36a58d1-5c4,u_02620,did_click_lp,"{""lp_name"": ""lp_business_emails""}",2026-02-02 00:58:09+00:00,2026-02-02,lp_business_emails,,,True
9e193f8b-62d,u_02621,did_click_lp,"{""lp_name"": ""lp_business_emails""}",2026-02-01 21:59:36+00:00,2026-02-01,lp_business_emails,,,True
bcf146e0-b64,u_02621,did_install_grammarly,{},2026-02-01 22:11:36+00:00,2026-02-01,,,,True
6f75caef-13f,u_02621,try_grammarly,"{""product_feature"": ""smart_email_reply""}",2026-02-01 22:59:36+00:00,2026-02-01,,smart_email_reply,,True
35520bfe-cf8,u_02622,did_click_lp,"{""lp_name"": ""lp_business_emails""}",2026-02-21 17:35:58+00:00,2026-02-21,lp_business_emails,,,True
1e66f35a-bfb,u_02623,did_click_lp,"{""lp_name"": ""lp_academic_writing""}",2026-02-06 12:22:20+00:00,2026-02-06,lp_academic_writing,,,True
f044d152-17f,u_02624,did_click_lp,"{""lp_name"": ""lp_academic_writing""}",2026-02-13 13:33:19+00:00,2026-02-13,lp_academic_writing,,,True
44b424d1-f1a,u_02625,did_click_lp,"{""lp_name"": ""lp_business_emails""}",2026-02-07 10:08:18+00:00,2026-02-07,lp_business_emails,,,True
73da0c99-c6c,u_02625,did_install_grammarly,{},2026-02-07 10:09:18+00:00,2026-02-07,,,,True
9f0fe2d7-f8e,u_02625,try_grammarly,"{""product_feature"": ""smart_email_reply""}",2026-02-07 10:41:18+00:00,2026-02-07,,smart_email_reply,,True
a9ae5c76-468,u_02626,did_click_lp,"{""lp_name"": ""lp_business_emails""}",2026-02-26 03:52:42+00:00,2026-02-26,lp_business_emails,,,True
e6feca8c-2a9,u_02626,did_install_grammarly,{},2026-02-26 03:55:42+00:00,2026-02-26,,,,True
ce66da60-e3d,u_02626,try_grammarly,"{""product_feature"": ""smart_email_reply""}",2026-02-26 04:45:42+00:00,2026-02-26,,smart_email_reply,,True
a2b2b449-c80,u_02627,did_click_lp,"{""lp_name"": ""lp_academic_writing""}",2026-02-09 01:24:24+00:00,2026-02-09,lp_academic_writing,,,True
6cad3808-e43,u_02627,did_install_grammarly,{},2026-02-09 01:25:24+00:00,2026-02-09,,,,True
bd327774-bb7,u_02627,try_grammarly,"{""product_feature"": ""academic_citation_helper""}",2026-02-09 01:46:24+00:00,2026-02-09,,academic_citation_helper,,True
fc896476-1b7,u_02627,try_grammarly,"{""product_feature"": ""academic_citation_helper""}",2026-02-10 02:31:59+00:00,2026-02-10,,academic_citation_helper,,True
e9ac666f-b41,u_02627,try_grammarly,"{""product_feature"": ""academic_citation_helper""}",2026-02-11 12:11:41+00:00,2026-02-11,,academic_citation_helper,,True
866024ae-859,u_02628,did_click_lp,"{""lp_name"": ""lp_business_emails""}",2026-02-17 03:35:45+00:00,2026-02-17,lp_business_emails,,,True
168fbff7-a81,u_02628,did_click_lp,"{""lp_name"": ""lp_academic_writing""}",2026-02-22 06:58:15+00:00,2026-02-22,lp_academic_writing,,,True
dacf180e-2d9,u_02629,did_click_lp,"{""lp_name"": ""lp_business_emails""}",2026-02-09 18:25:37+00:00,2026-02-09,lp_business_emails,,,True
41c78d44-efa,u_02629,did_install_grammarly,{},2026-02-09 18:34:37+00:00,2026-02-09,,,,True
f2f0ba67-740,u_02629,try_grammarly,"{""product_feature"": ""smart_email_reply""}",2026-02-09 18:56:37+00:00,2026-02-09,,smart_email_reply,,True
3dd4cbdd-c9f,u_02630,did_click_lp,"{""lp_name"": ""lp_academic_writing""}",2026-02-03 01:26:30+00:00,2026-02-03,lp_academic_writing,,,True
9022cf8d-a30,u_02631,did_click_lp,"{""lp_name"": ""lp_business_emails""}",2026-02-23 18:16:12+00:00,2026-02-23,lp_business_emails,,,True
200b4730-f23,u_02632,did_click_lp,"{""lp_name"": ""lp_business_emails""}",2026-02-14 23:51:02+00:00,2026-02-14,lp_business_emails,,,True
1b92a642-171,u_02633,did_click_lp,"{""lp_name"": ""lp_business_emails""}",2026-02-11 10:42:25+00:00,2026-02-11,lp_business_emails,,,True
e429c765-6a4,u_02633,did_install_grammarly,{},2026-02-11 10:51:25+00:00,2026-02-11,,,,True
6e2ac5f4-f6d,u_02633,try_grammarly,"{""product_feature"": ""smart_email_reply""}",2026-02-11 11:07:25+00:00,2026-02-11,,smart_email_reply,,True
f8b22f4f-d0a,u_02634,did_click_lp,"{""lp_name"": ""lp_business_emails""}",2026-02-19 03:00:17+00:00,2026-02-19,lp_business_emails,,,True
fa8e5097-e5b,u_02634,did_install_grammarly,{},2026-02-19 03:01:17+00:00,2026-02-19,,,,True
b462941b-bad,u_02635,did_click_lp,"{""lp_name"": ""lp_business_emails""}",2026-02-18 10:13:51+00:00,2026-02-18,lp_business_emails,,,True
b35ebb19-9ad,u_02636,did_click_lp,"{""lp_name"": ""lp_business_emails""}",2026-02-23 11:26:29+00:00,2026-02-23,lp_business_emails,,,True
99662058-c32,u_02637,did_click_lp,"{""lp_name"": ""lp_business_emails""}",2026-02-18 00:44:04+00:00,2026-02-18,lp_business_emails,,,True
eea829a1-79c,u_02637,did_install_grammarly,{},2026-02-18 00:59:04+00:00,2026-02-18,,,,True
8bcc71ea-7e0,u_02637,try_grammarly,"{""product_feature"": ""smart_email_reply""}",2026-02-18 01:28:04+00:00,2026-02-18,,smart_email_reply,,True
01c5a881-db2,u_02638,did_click_lp,"{""lp_name"": ""lp_academic_writing""}",2026-02-18 14:41:35+00:00,2026-02-18,lp_academic_writing,,,True
1be0531f-514,u_02638,did_install_grammarly,{},2026-02-18 14:43:35+00:00,2026-02-18,,,,True
15518efe-90d,u_02638,try_grammarly,"{""product_feature"": ""academic_citation_helper""}",2026-02-18 15:00:35+00:00,2026-02-18,,academic_citation_helper,,True
39ffe7d2-d62,u_02638,try_grammarly,"{""product_feature"": ""academic_citation_helper""}",2026-02-19 15:21:22+00:00,2026-02-19,,academic_citation_helper,,True
77c5eb9e-86d,u_02638,try_grammarly,"{""product_feature"": ""academic_citation_helper""}",2026-02-20 20:15:06+00:00,2026-02-20,,academic_citation_helper,,True
80715efe-0b0,u_02638,try_grammarly,"{""product_feature"": ""academic_citation_helper""}",2026-02-21 06:20:31+00:00,2026-02-21,,academic_citation_helper,,True
e9270c52-e5e,u_02639,did_click_lp,"{""lp_name"": ""lp_business_emails""}",2026-02-27 06:10:40+00:00,2026-02-27,lp_business_emails,,,True
f620bb68-1de,u_02640,did_click_lp,"{""lp_name"": ""lp_academic_writing""}",2026-02-26 22:18:27+00:00,2026-02-26,lp_academic_writing,,,True
dc908942-3d1,u_02641,did_click_lp,"{""lp_name"": ""lp_business_emails""}",2026-02-23 04:53:27+00:00,2026-02-23,lp_business_emails,,,True
0ef48cb6-2d8,u_02642,did_click_lp,"{""lp_name"": ""lp_academic_writing""}",2026-02-11 23:31:48+00:00,2026-02-11,lp_academic_writing,,,True
3fcbf47f-a5e,u_02643,did_click_lp,"{""lp_name"": ""lp_business_emails""}",2026-02-21 10:06:14+00:00,2026-02-21,lp_business_emails,,,True
53397e73-96e,u_02643,did_install_grammarly,{},2026-02-21 10:18:14+00:00,2026-02-21,,,,True
5c151086-51e,u_02643,try_grammarly,"{""product_feature"": ""smart_email_reply""}",2026-02-21 10:25:14+00:00,2026-02-21,,smart_email_reply,,True
1561b98e-5de,u_02644,did_click_lp,"{""lp_name"": ""lp_business_emails""}",2026-02-07 16:02:26+00:00,2026-02-07,lp_business_emails,,,True
2844fa5d-cc6,u_02645,did_click_lp,"{""lp_name"": ""lp_academic_writing""}",2026-02-28 11:29:16+00:00,2026-02-28,lp_academic_writing,,,True
6fce5a5c-e82,u_02645,did_install_grammarly,{},2026-02-28 11:34:16+00:00,2026-02-28,,,,True
3ccd5b49-c64,u_02646,did_click_lp,"{""lp_name"": ""lp_business_emails""}",2026-02-20 02:52:55+00:00,2026-02-20,lp_business_emails,,,True
c7e32701-e6c,u_02647,did_click_lp,"{""lp_name"": ""lp_business_emails""}",2026-02-11 13:55:23+00:00,2026-02-11,lp_business_emails,,,True
c943cd85-a69,u_02648,did_click_lp,"{""lp_name"": ""lp_academic_writing""}",2026-02-03 20:07:34+00:00,2026-02-03,lp_academic_writing,,,True
5a44f7f0-fe8,u_02648,did_click_lp,"{""lp_name"": ""lp_academic_writing""}",2026-02-07 15:14:33+00:00,2026-02-07,lp_academic_writing,,,True
4883e1fe-2de,u_02649,did_click_lp,"{""lp_name"": ""lp_academic_writing""}",2026-02-08 21:17:09+00:00,2026-02-08,lp_academic_writing,,,True
ba50108c-1d1,u_02649,did_install_grammarly,{},2026-02-08 21:26:09+00:00,2026-02-08,,,,True
dd0a5e55-450,u_02650,did_click_lp,"{""lp_name"": ""lp_business_emails""}",2026-02-25 00:59:32+00:00,2026-02-25,lp_business_emails,,,True
1a00ffe6-ea8,u_02651,did_click_lp,"{""lp_name"": ""lp_academic_writing""}",2026-02-04 12:28:20+00:00,2026-02-04,lp_academic_writing,,,True
65467756-204,u_02652,did_click_lp,"{""lp_name"": ""lp_business_emails""}",2026-02-28 03:35:30+00:00,2026-02-28,lp_business_emails,,,True
a42e7489-9fe,u_02653,did_click_lp,"{""lp_name"": ""lp_academic_writing""}",2026-02-16 01:17:26+00:00,2026-02-16,lp_academic_writing,,,True
361bfef8-2b0,u_02653,did_install_grammarly,{},2026-02-16 01:25:26+00:00,2026-02-16,,,,True
fda64134-9d0,u_02653,try_grammarly,"{""product_feature"": ""academic_citation_helper""}",2026-02-16 01:50:26+00:00,2026-02-16,,academic_citation_helper,,True
d7b72ca3-6e0,u_02653,try_grammarly,"{""product_feature"": ""academic_citation_helper""}",2026-02-17 07:36:01+00:00,2026-02-17,,academic_citation_helper,,True
f5c9ccea-e60,u_02653,try_grammarly,"{""product_feature"": ""academic_citation_helper""}",2026-02-18 20:50:54+00:00,2026-02-18,,academic_citation_helper,,True
989b2e38-a0c,u_02654,did_click_lp,"{""lp_name"": ""lp_academic_writing""}",2026-02-24 04:30:58+00:00,2026-02-24,lp_academic_writing,,,True
8922bbd3-c0c,u_02655,did_click_lp,"{""lp_name"": ""lp_business_emails""}",2026-02-04 20:50:38+00:00,2026-02-04,lp_business_emails,,,True
9eeb17fb-a51,u_02656,did_click_lp,"{""lp_name"": ""lp_academic_writing""}",2026-02-03 15:26:33+00:00,2026-02-03,lp_academic_writing,,,True
ca31587d-6f6,u_02657,did_click_lp,"{""lp_name"": ""lp_business_emails""}",2026-02-03 05:12:16+00:00,2026-02-03,lp_business_emails,,,True
7336d435-11a,u_02657,did_install_grammarly,{},2026-02-03 05:21:16+00:00,2026-02-03,,,,True
367a3f4a-e67,u_02658,did_click_lp,"{""lp_name"": ""lp_business_emails""}",2026-02-13 06:34:39+00:00,2026-02-13,lp_business_emails,,,True
376a9872-a00,u_02658,did_install_grammarly,{},2026-02-13 06:37:39+00:00,2026-02-13,,,,True
332115f4-e1e,u_02658,try_grammarly,"{""product_feature"": ""smart_email_reply""}",2026-02-13 07:27:39+00:00,2026-02-13,,smart_email_reply,,True
748d6315-823,u_02659,did_click_lp,"{""lp_name"": ""lp_academic_writing""}",2026-02-04 09:28:30+00:00,2026-02-04,lp_academic_writing,,,True
f7f1e3fc-820,u_02659,did_install_grammarly,{},2026-02-04 09:32:30+00:00,2026-02-04,,,,True
9b529ed0-328,u_02660,did_click_lp,"{""lp_name"": ""lp_business_emails""}",2026-02-05 15:21:05+00:00,2026-02-05,lp_business_emails,,,True
d0ebc1db-ebc,u_02661,did_click_lp,"{""lp_name"": ""lp_academic_writing""}",2026-02-16 14:29:36+00:00,2026-02-16,lp_academic_writing,,,True
5ece3bdf-0ec,u_02661,did_install_grammarly,{},2026-02-16 14:31:36+00:00,2026-02-16,,,,True
983c638a-0f1,u_02661,try_grammarly,"{""product_feature"": ""academic_citation_helper""}",2026-02-16 15:05:36+00:00,2026-02-16,,academic_citation_helper,,True
6ba74519-75a,u_02661,try_grammarly,"{""product_feature"": ""academic_citation_helper""}",2026-02-17 22:50:19+00:00,2026-02-17,,academic_citation_helper,,True
303d1fc9-7b2,u_02661,try_grammarly,"{""product_feature"": ""academic_citation_helper""}",2026-02-18 05:26:15+00:00,2026-02-18,,academic_citation_helper,,True
bad8c81b-a54,u_02661,try_grammarly,"{""product_feature"": ""academic_citation_helper""}",2026-02-21 23:27:29+00:00,2026-02-21,,academic_citation_helper,,True
5a92686e-5a4,u_02662,did_click_lp,"{""lp_name"": ""lp_business_emails""}",2026-02-12 15:51:24+00:00,2026-02-12,lp_business_emails,,,True
4fbb88c2-10e,u_02662,did_click_lp,"{""lp_name"": ""lp_business_emails""}",2026-02-24 19:49:32+00:00,2026-02-24,lp_business_emails,,,True
b0cb82e8-531,u_02663,did_click_lp,"{""lp_name"": ""lp_academic_writing""}",2026-02-02 23:31:50+00:00,2026-02-02,lp_academic_writing,,,True
d1c4c8ca-4fb,u_02663,did_install_grammarly,{},2026-02-02 23:33:50+00:00,2026-02-02,,,,True
80eb0777-e83,u_02663,try_grammarly,"{""product_feature"": ""academic_citation_helper""}",2026-02-02 23:57:50+00:00,2026-02-02,,academic_citation_helper,,True
dc50fd5f-784,u_02664,did_click_lp,"{""lp_name"": ""lp_academic_writing""}",2026-02-15 19:44:21+00:00,2026-02-15,lp_academic_writing,,,True
1912ba6b-8f1,u_02665,did_click_lp,"{""lp_name"": ""lp_academic_writing""}",2026-02-17 04:01:37+00:00,2026-02-17,lp_academic_writing,,,True
707c370c-828,u_02666,did_click_lp,"{""lp_name"": ""lp_academic_writing""}",2026-02-01 18:48:19+00:00,2026-02-01,lp_academic_writing,,,True
874bbd2e-a4a,u_02667,did_click_lp,"{""lp_name"": ""lp_academic_writing""}",2026-02-15 17:45:53+00:00,2026-02-15,lp_academic_writing,,,True
0015afb1-8ce,u_02667,did_install_grammarly,{},2026-02-15 17:55:53+00:00,2026-02-15,,,,True
98e7fca7-efc,u_02667,try_grammarly,"{""product_feature"": ""academic_citation_helper""}",2026-02-15 18:45:53+00:00,2026-02-15,,academic_citation_helper,,True
292faf63-5b5,u_02667,try_grammarly,"{""product_feature"": ""academic_citation_helper""}",2026-02-16 05:17:05+00:00,2026-02-16,,academic_citation_helper,,True
790f29c2-3d4,u_02667,try_grammarly,"{""product_feature"": ""academic_citation_helper""}",2026-02-17 04:47:13+00:00,2026-02-17,,academic_citation_helper,,True
5a28ebeb-c0b,u_02668,did_click_lp,"{""lp_name"": ""lp_business_emails""}",2026-02-06 05:01:41+00:00,2026-02-06,lp_business_emails,,,True
2a8102a4-ddb,u_02669,did_click_lp,"{""lp_name"": ""lp_business_emails""}",2026-02-19 00:14:56+00:00,2026-02-19,lp_business_emails,,,True
eaba87c3-f5d,u_02670,did_click_lp,"{""lp_name"": ""lp_academic_writing""}",2026-02-14 05:22:15+00:00,2026-02-14,lp_academic_writing,,,True
8eeb60a3-181,u_02670,did_install_grammarly,{},2026-02-14 05:28:15+00:00,2026-02-14,,,,True
d3110eff-37c,u_02670,try_grammarly,"{""product_feature"": ""academic_citation_helper""}",2026-02-14 06:22:15+00:00,2026-02-14,,academic_citation_helper,,True
7217fde9-a53,u_02670,try_grammarly,"{""product_feature"": ""academic_citation_helper""}",2026-02-15 00:20:44+00:00,2026-02-15,,academic_citation_helper,,True
38570df8-40a,u_02670,try_grammarly,"{""product_feature"": ""academic_citation_helper""}",2026-02-16 10:13:29+00:00,2026-02-16,,academic_citation_helper,,True
a28d634c-450,u_02671,did_click_lp,"{""lp_name"": ""lp_academic_writing""}",2026-02-11 04:00:47+00:00,2026-02-11,lp_academic_writing,,,True
0787418f-4e8,u_02672,did_click_lp,"{""lp_name"": ""lp_business_emails""}",2026-02-19 17:40:02+00:00,2026-02-19,lp_business_emails,,,True
438e1af5-9db,u_02673,did_click_lp,"{""lp_name"": ""lp_academic_writing""}",2026-02-05 04:12:21+00:00,2026-02-05,lp_academic_writing,,,True
49327d6f-119,u_02674,did_click_lp,"{""lp_name"": ""lp_academic_writing""}",2026-02-07 21:05:39+00:00,2026-02-07,lp_academic_writing,,,True
e391d4ec-600,u_02675,did_click_lp,"{""lp_name"": ""lp_academic_writing""}",2026-02-02 05:54:31+00:00,2026-02-02,lp_academic_writing,,,True
7ec56103-89c,u_02676,did_click_lp,"{""lp_name"": ""lp_academic_writing""}",2026-02-03 11:59:32+00:00,2026-02-03,lp_academic_writing,,,True
e97fe4cb-01c,u_02676,did_install_grammarly,{},2026-02-03 12:04:32+00:00,2026-02-03,,,,True
d6133aeb-ce4,u_02677,did_click_lp,"{""lp_name"": ""lp_business_emails""}",2026-02-15 10:34:57+00:00,2026-02-15,lp_business_emails,,,True
7c00b487-c60,u_02677,did_install_grammarly,{},2026-02-15 10:42:57+00:00,2026-02-15,,,,True
fd0261f4-6fa,u_02678,did_click_lp,"{""lp_name"": ""lp_business_emails""}",2026-02-26 13:26:45+00:00,2026-02-26,lp_business_emails,,,True
131ab0f5-471,u_02678,did_install_grammarly,{},2026-02-26 13:32:45+00:00,2026-02-26,,,,True
26c0928f-cad,u_02679,did_click_lp,"{""lp_name"": ""lp_business_emails""}",2026-02-28 00:36:42+00:00,2026-02-28,lp_business_emails,,,True
96e80fcd-3b7,u_02679,did_install_grammarly,{},2026-02-28 00:39:42+00:00,2026-02-28,,,,True
a401bbb0-c9e,u_02679,try_grammarly,"{""product_feature"": ""smart_email_reply""}",2026-02-28 01:00:42+00:00,2026-02-28,,smart_email_reply,,True
3179149c-e9c,u_02680,did_click_lp,"{""lp_name"": ""lp_academic_writing""}",2026-02-08 04:45:20+00:00,2026-02-08,lp_academic_writing,,,True
8737d4d8-9ac,u_02681,did_click_lp,"{""lp_name"": ""lp_academic_writing""}",2026-02-26 09:18:10+00:00,2026-02-26,lp_academic_writing,,,True
6068e8a1-196,u_02681,did_install_grammarly,{},2026-02-26 09:28:10+00:00,2026-02-26,,,,True
5b9f213e-5ce,u_02682,did_click_lp,"{""lp_name"": ""lp_academic_writing""}",2026-02-19 08:48:50+00:00,2026-02-19,lp_academic_writing,,,True
a64a1161-363,u_02683,did_click_lp,"{""lp_name"": ""lp_business_emails""}",2026-02-16 11:15:25+00:00,2026-02-16,lp_business_emails,,,True
f11ed3da-cc3,u_02684,did_click_lp,"{""lp_name"": ""lp_academic_writing""}",2026-02-22 01:39:41+00:00,2026-02-22,lp_academic_writing,,,True
ab61bec3-552,u_02684,did_install_grammarly,{},2026-02-22 01:43:41+00:00,2026-02-22,,,,True
b2835a19-4bd,u_02685,did_click_lp,"{""lp_name"": ""lp_business_emails""}",2026-02-21 19:58:06+00:00,2026-02-21,lp_business_emails,,,True
465f95ca-07a,u_02686,did_click_lp,"{""lp_name"": ""lp_business_emails""}",2026-02-16 09:48:31+00:00,2026-02-16,lp_business_emails,,,True
d971a2cb-9e5,u_02686,did_install_grammarly,{},2026-02-16 10:00:31+00:00,2026-02-16,,,,True
a2397fb3-27b,u_02686,try_grammarly,"{""product_feature"": ""smart_email_reply""}",2026-02-16 10:40:31+00:00,2026-02-16,,smart_email_reply,,True
4a2e126f-2fc,u_02687,did_click_lp,"{""lp_name"": ""lp_academic_writing""}",2026-02-13 18:00:16+00:00,2026-02-13,lp_academic_writing,,,True
7da4e5a7-555,u_02687,did_install_grammarly,{},2026-02-13 18:09:16+00:00,2026-02-13,,,,True
e49a151d-b0d,u_02687,try_grammarly,"{""product_feature"": ""academic_citation_helper""}",2026-02-13 18:18:16+00:00,2026-02-13,,academic_citation_helper,,True
32b918ec-613,u_02687,try_grammarly,"{""product_feature"": ""academic_citation_helper""}",2026-02-14 10:07:51+00:00,2026-02-14,,academic_citation_helper,,True
007b9563-2ad,u_02687,try_grammarly,"{""product_feature"": ""academic_citation_helper""}",2026-02-15 08:56:34+00:00,2026-02-15,,academic_citation_helper,,True
b4349ff2-d5b,u_02688,did_click_lp,"{""lp_name"": ""lp_academic_writing""}",2026-02-14 19:58:41+00:00,2026-02-14,lp_academic_writing,,,True
552a0486-6ee,u_02689,did_click_lp,"{""lp_name"": ""lp_business_emails""}",2026-02-11 11:39:34+00:00,2026-02-11,lp_business_emails,,,True
117f58bb-6a7,u_02690,did_click_lp,"{""lp_name"": ""lp_academic_writing""}",2026-02-07 22:11:02+00:00,2026-02-07,lp_academic_writing,,,True
926856cb-b13,u_02691,did_click_lp,"{""lp_name"": ""lp_business_emails""}",2026-02-05 13:20:29+00:00,2026-02-05,lp_business_emails,,,True
90e4ad03-f23,u_02691,did_install_grammarly,{},2026-02-05 13:32:29+00:00,2026-02-05,,,,True
56ebfeea-0ff,u_02691,try_grammarly,"{""product_feature"": ""smart_email_reply""}",2026-02-05 14:06:29+00:00,2026-02-05,,smart_email_reply,,True
609ae685-942,u_02692,did_click_lp,"{""lp_name"": ""lp_academic_writing""}",2026-02-21 20:50:20+00:00,2026-02-21,lp_academic_writing,,,True
ede10369-723,u_02693,did_click_lp,"{""lp_name"": ""lp_business_emails""}",2026-02-19 07:34:49+00:00,2026-02-19,lp_business_emails,,,True
44353d65-d6f,u_02694,did_click_lp,"{""lp_name"": ""lp_academic_writing""}",2026-02-17 10:04:59+00:00,2026-02-17,lp_academic_writing,,,True
a4b340b2-142,u_02695,did_click_lp,"{""lp_name"": ""lp_academic_writing""}",2026-02-10 23:39:15+00:00,2026-02-10,lp_academic_writing,,,True
86de14de-489,u_02696,did_click_lp,"{""lp_name"": ""lp_academic_writing""}",2026-02-21 22:58:24+00:00,2026-02-21,lp_academic_writing,,,True
962e528b-c24,u_02696,did_install_grammarly,{},2026-02-21 23:08:24+00:00,2026-02-21,,,,True
66f80d4e-3ad,u_02697,did_click_lp,"{""lp_name"": ""lp_academic_writing""}",2026-02-14 14:01:58+00:00,2026-02-14,lp_academic_writing,,,True
4ce9198f-0c0,u_02698,did_click_lp,"{""lp_name"": ""lp_academic_writing""}",2026-02-10 14:24:25+00:00,2026-02-10,lp_academic_writing,,,True
bb7d9a42-725,u_02699,did_click_lp,"{""lp_name"": ""lp_academic_writing""}",2026-02-07 18:42:30+00:00,2026-02-07,lp_academic_writing,,,True
d123ae0a-031,u_02700,did_click_lp,"{""lp_name"": ""lp_business_emails""}",2026-02-26 14:27:56+00:00,2026-02-26,lp_business_emails,,,True
75b281ab-56c,u_02701,did_click_lp,"{""lp_name"": ""lp_academic_writing""}",2026-02-18 04:47:37+00:00,2026-02-18,lp_academic_writing,,,True
326b738e-fc4,u_02701,did_install_grammarly,{},2026-02-18 04:49:37+00:00,2026-02-18,,,,True
fca1ef2b-ff0,u_02701,try_grammarly,"{""product_feature"": ""academic_citation_helper""}",2026-02-18 05:03:37+00:00,2026-02-18,,academic_citation_helper,,True
6e0a9224-750,u_02701,try_grammarly,"{""product_feature"": ""academic_citation_helper""}",2026-02-19 00:30:58+00:00,2026-02-19,,academic_citation_helper,,True
b690ccb4-b73,u_02702,did_click_lp,"{""lp_name"": ""lp_academic_writing""}",2026-02-24 22:05:18+00:00,2026-02-24,lp_academic_writing,,,True
4e1d17bf-f3b,u_02702,did_install_grammarly,{},2026-02-24 22:06:18+00:00,2026-02-24,,,,True
77fcc9e6-585,u_02702,try_grammarly,"{""product_feature"": ""academic_citation_helper""}",2026-02-24 22:47:18+00:00,2026-02-24,,academic_citation_helper,,True
8c2dd754-c64,u_02703,did_click_lp,"{""lp_name"": ""lp_business_emails""}",2026-02-25 17:41:08+00:00,2026-02-25,lp_business_emails,,,True
140f56dd-2c9,u_02703,did_install_grammarly,{},2026-02-25 17:46:08+00:00,2026-02-25,,,,True
3f2cf0d1-9c4,u_02703,try_grammarly,"{""product_feature"": ""smart_email_reply""}",2026-02-25 18:26:08+00:00,2026-02-25,,smart_email_reply,,True
f32126c8-f6c,u_02704,did_click_lp,"{""lp_name"": ""lp_business_emails""}",2026-02-03 11:13:25+00:00,2026-02-03,lp_business_emails,,,True
cba87a12-6e4,u_02704,did_install_grammarly,{},2026-02-03 11:19:25+00:00,2026-02-03,,,,True
577ef4eb-496,u_02704,try_grammarly,"{""product_feature"": ""smart_email_reply""}",2026-02-03 11:28:25+00:00,2026-02-03,,smart_email_reply,,True
cab588d0-587,u_02705,did_click_lp,"{""lp_name"": ""lp_business_emails""}",2026-02-04 03:25:52+00:00,2026-02-04,lp_business_emails,,,True
f83152a2-e83,u_02706,did_click_lp,"{""lp_name"": ""lp_business_emails""}",2026-02-14 00:48:18+00:00,2026-02-14,lp_business_emails,,,True
a3c7ac30-820,u_02707,did_click_lp,"{""lp_name"": ""lp_academic_writing""}",2026-02-13 20:05:04+00:00,2026-02-13,lp_academic_writing,,,True
ebd6564b-b4c,u_02708,did_click_lp,"{""lp_name"": ""lp_academic_writing""}",2026-02-18 06:30:30+00:00,2026-02-18,lp_academic_writing,,,True
1d3bc0c6-4b8,u_02708,did_install_grammarly,{},2026-02-18 06:32:30+00:00,2026-02-18,,,,True
6e90b2ff-2aa,u_02709,did_click_lp,"{""lp_name"": ""lp_business_emails""}",2026-02-12 18:38:45+00:00,2026-02-12,lp_business_emails,,,True
927b5949-09f,u_02709,did_install_grammarly,{},2026-02-12 18:39:45+00:00,2026-02-12,,,,True
dd07be12-0e4,u_02710,did_click_lp,"{""lp_name"": ""lp_academic_writing""}",2026-02-25 20:03:03+00:00,2026-02-25,lp_academic_writing,,,True
280669d0-08c,u_02710,did_install_grammarly,{},2026-02-25 20:06:03+00:00,2026-02-25,,,,True
11df7e74-dcf,u_02711,did_click_lp,"{""lp_name"": ""lp_academic_writing""}",2026-02-10 09:30:18+00:00,2026-02-10,lp_academic_writing,,,True
e0f79857-5c8,u_02711,did_install_grammarly,{},2026-02-10 09:31:18+00:00,2026-02-10,,,,True
b6121a4c-cd1,u_02712,did_click_lp,"{""lp_name"": ""lp_business_emails""}",2026-02-06 15:18:43+00:00,2026-02-06,lp_business_emails,,,True
debb7235-f75,u_02713,did_click_lp,"{""lp_name"": ""lp_business_emails""}",2026-02-19 23:08:41+00:00,2026-02-19,lp_business_emails,,,True
8eaa4624-275,u_02714,did_click_lp,"{""lp_name"": ""lp_academic_writing""}",2026-02-10 06:23:56+00:00,2026-02-10,lp_academic_writing,,,True
6f51c5a5-997,u_02714,did_install_grammarly,{},2026-02-10 06:27:56+00:00,2026-02-10,,,,True
52b54eaa-3c9,u_02715,did_click_lp,"{""lp_name"": ""lp_academic_writing""}",2026-02-27 13:59:47+00:00,2026-02-27,lp_academic_writing,,,True
2289ee1e-452,u_02715,did_install_grammarly,{},2026-02-27 14:08:47+00:00,2026-02-27,,,,True
b01eabba-530,u_02715,try_grammarly,"{""product_feature"": ""academic_citation_helper""}",2026-02-27 14:59:47+00:00,2026-02-27,,academic_citation_helper,,True
ec4132c8-d28,u_02715,try_grammarly,"{""product_feature"": ""academic_citation_helper""}",2026-02-28 17:34:01+00:00,2026-02-28,,academic_citation_helper,,True
54064723-1ba,u_02715,try_grammarly,"{""product_feature"": ""academic_citation_helper""}",2026-03-01 21:21:51+00:00,2026-03-01,,academic_citation_helper,,True
66ddf15a-ec8,u_02716,did_click_lp,"{""lp_name"": ""lp_academic_writing""}",2026-02-09 09:36:22+00:00,2026-02-09,lp_academic_writing,,,True
04f1aa6c-642,u_02717,did_click_lp,"{""lp_name"": ""lp_academic_writing""}",2026-02-11 04:52:45+00:00,2026-02-11,lp_academic_writing,,,True
3652f697-386,u_02717,did_install_grammarly,{},2026-02-11 04:56:45+00:00,2026-02-11,,,,True
f45fb2b5-d98,u_02717,did_click_lp,"{""lp_name"": ""lp_business_emails""}",2026-02-19 13:39:11+00:00,2026-02-19,lp_business_emails,,,True
7c2d2111-229,u_02718,did_click_lp,"{""lp_name"": ""lp_business_emails""}",2026-02-02 14:08:46+00:00,2026-02-02,lp_business_emails,,,True
6b5cf001-2e6,u_02718,did_install_grammarly,{},2026-02-02 14:20:46+00:00,2026-02-02,,,,True
550295a7-2fc,u_02719,did_click_lp,"{""lp_name"": ""lp_academic_writing""}",2026-02-23 19:30:47+00:00,2026-02-23,lp_academic_writing,,,True
ae199a7e-054,u_02719,did_install_grammarly,{},2026-02-23 19:34:47+00:00,2026-02-23,,,,True
ae366625-77f,u_02719,try_grammarly,"{""product_feature"": ""academic_citation_helper""}",2026-02-23 20:22:47+00:00,2026-02-23,,academic_citation_helper,,True
6d76bcdd-ac2,u_02719,try_grammarly,"{""product_feature"": ""academic_citation_helper""}",2026-02-24 05:21:57+00:00,2026-02-24,,academic_citation_helper,,True
712a5cf9-404,u_02719,try_grammarly,"{""product_feature"": ""academic_citation_helper""}",2026-02-25 00:42:30+00:00,2026-02-25,,academic_citation_helper,,True
cdc6f062-c51,u_02720,did_click_lp,"{""lp_name"": ""lp_business_emails""}",2026-02-11 20:19:43+00:00,2026-02-11,lp_business_emails,,,True
1294f2d0-c83,u_02721,did_click_lp,"{""lp_name"": ""lp_business_emails""}",2026-02-01 04:01:20+00:00,2026-02-01,lp_business_emails,,,True
5914b038-983,u_02722,did_click_lp,"{""lp_name"": ""lp_academic_writing""}",2026-02-07 11:13:12+00:00,2026-02-07,lp_academic_writing,,,True
d45eaea8-9b3,u_02723,did_click_lp,"{""lp_name"": ""lp_academic_writing""}",2026-02-05 20:59:36+00:00,2026-02-05,lp_academic_writing,,,True
3306aba6-9f9,u_02724,did_click_lp,"{""lp_name"": ""lp_business_emails""}",2026-02-21 16:23:01+00:00,2026-02-21,lp_business_emails,,,True
0ba577b2-b8f,u_02725,did_click_lp,"{""lp_name"": ""lp_business_emails""}",2026-02-06 07:38:33+00:00,2026-02-06,lp_business_emails,,,True
e180a8ba-4d8,u_02725,did_install_grammarly,{},2026-02-06 07:51:33+00:00,2026-02-06,,,,True
fa9baef2-5c6,u_02725,try_grammarly,"{""product_feature"": ""smart_email_reply""}",2026-02-06 08:32:33+00:00,2026-02-06,,smart_email_reply,,True
bac748fb-6cb,u_02725,try_grammarly,"{""product_feature"": ""smart_email_reply""}",2026-02-07 17:05:45+00:00,2026-02-07,,smart_email_reply,,True
beb8c2aa-53f,u_02726,did_click_lp,"{""lp_name"": ""lp_academic_writing""}",2026-02-17 03:28:29+00:00,2026-02-17,lp_academic_writing,,,True
611179eb-96b,u_02727,did_click_lp,"{""lp_name"": ""lp_business_emails""}",2026-02-26 22:41:09+00:00,2026-02-26,lp_business_emails,,,True
fca03dd6-4cf,u_02728,did_click_lp,"{""lp_name"": ""lp_business_emails""}",2026-02-02 03:33:42+00:00,2026-02-02,lp_business_emails,,,True
92325431-d37,u_02729,did_click_lp,"{""lp_name"": ""lp_business_emails""}",2026-02-20 11:57:29+00:00,2026-02-20,lp_business_emails,,,True
eb0f84d9-168,u_02730,did_click_lp,"{""lp_name"": ""lp_academic_writing""}",2026-02-24 21:17:33+00:00,2026-02-24,lp_academic_writing,,,True
e4ac2eff-a39,u_02730,did_install_grammarly,{},2026-02-24 21:23:33+00:00,2026-02-24,,,,True
368c6cd4-878,u_02731,did_click_lp,"{""lp_name"": ""lp_business_emails""}",2026-02-09 07:59:16+00:00,2026-02-09,lp_business_emails,,,True
14e92a48-13f,u_02732,did_click_lp,"{""lp_name"": ""lp_business_emails""}",2026-02-24 22:10:58+00:00,2026-02-24,lp_business_emails,,,True
0aaff46d-a40,u_02732,did_install_grammarly,{},2026-02-24 22:14:58+00:00,2026-02-24,,,,True
b1872363-cb0,u_02733,did_click_lp,"{""lp_name"": ""lp_academic_writing""}",2026-02-13 01:57:34+00:00,2026-02-13,lp_academic_writing,,,True
17a2c291-1e7,u_02734,did_click_lp,"{""lp_name"": ""lp_business_emails""}",2026-02-19 09:17:15+00:00,2026-02-19,lp_business_emails,,,True
730fde45-2ce,u_02735,did_click_lp,"{""lp_name"": ""lp_business_emails""}",2026-02-24 08:10:42+00:00,2026-02-24,lp_business_emails,,,True
c2cadd7f-7b7,u_02735,did_install_grammarly,{},2026-02-24 08:15:42+00:00,2026-02-24,,,,True
53c83f01-2ec,u_02735,try_grammarly,"{""product_feature"": ""smart_email_reply""}",2026-02-24 09:15:42+00:00,2026-02-24,,smart_email_reply,,True
e3b82196-b9f,u_02736,did_click_lp,"{""lp_name"": ""lp_business_emails""}",2026-02-06 23:08:04+00:00,2026-02-06,lp_business_emails,,,True
05181703-c65,u_02736,did_click_lp,"{""lp_name"": ""lp_business_emails""}",2026-02-10 16:06:09+00:00,2026-02-10,lp_business_emails,,,True
4dce284d-aa0,u_02737,did_click_lp,"{""lp_name"": ""lp_academic_writing""}",2026-02-12 11:10:53+00:00,2026-02-12,lp_academic_writing,,,True
c535e423-e99,u_02738,did_click_lp,"{""lp_name"": ""lp_academic_writing""}",2026-02-08 20:27:20+00:00,2026-02-08,lp_academic_writing,,,True
5ed3cdf8-969,u_02738,did_install_grammarly,{},2026-02-08 20:32:20+00:00,2026-02-08,,,,True
4660d175-0e7,u_02739,did_click_lp,"{""lp_name"": ""lp_academic_writing""}",2026-02-06 07:02:34+00:00,2026-02-06,lp_academic_writing,,,True
bf9839d3-4c3,u_02739,did_install_grammarly,{},2026-02-06 07:03:34+00:00,2026-02-06,,,,True
aa53c18f-28c,u_02740,did_click_lp,"{""lp_name"": ""lp_academic_writing""}",2026-02-08 00:37:36+00:00,2026-02-08,lp_academic_writing,,,True
ae1909e0-215,u_02741,did_click_lp,"{""lp_name"": ""lp_business_emails""}",2026-02-16 10:14:27+00:00,2026-02-16,lp_business_emails,,,True
09d4bd27-b2d,u_02741,did_install_grammarly,{},2026-02-16 10:24:27+00:00,2026-02-16,,,,True
de46e10d-1c0,u_02742,did_click_lp,"{""lp_name"": ""lp_academic_writing""}",2026-02-10 21:40:38+00:00,2026-02-10,lp_academic_writing,,,True
ca421276-3f3,u_02743,did_click_lp,"{""lp_name"": ""lp_business_emails""}",2026-02-02 02:17:06+00:00,2026-02-02,lp_business_emails,,,True
0647b9c6-c20,u_02744,did_click_lp,"{""lp_name"": ""lp_business_emails""}",2026-02-26 06:38:25+00:00,2026-02-26,lp_business_emails,,,True
86bfddf3-868,u_02744,did_install_grammarly,{},2026-02-26 06:51:25+00:00,2026-02-26,,,,True
f3dc894a-47f,u_02745,did_click_lp,"{""lp_name"": ""lp_academic_writing""}",2026-02-19 11:39:17+00:00,2026-02-19,lp_academic_writing,,,True
bda2fb87-f52,u_02746,did_click_lp,"{""lp_name"": ""lp_business_emails""}",2026-02-14 03:49:07+00:00,2026-02-14,lp_business_emails,,,True
71f67bb6-178,u_02747,did_click_lp,"{""lp_name"": ""lp_business_emails""}",2026-02-21 11:03:50+00:00,2026-02-21,lp_business_emails,,,True
81d7f849-2e1,u_02748,did_click_lp,"{""lp_name"": ""lp_business_emails""}",2026-02-15 00:13:54+00:00,2026-02-15,lp_business_emails,,,True
0dda5514-edc,u_02749,did_click_lp,"{""lp_name"": ""lp_academic_writing""}",2026-02-02 12:56:40+00:00,2026-02-02,lp_academic_writing,,,True
de40f9ec-54f,u_02749,did_install_grammarly,{},2026-02-02 13:05:40+00:00,2026-02-02,,,,True
22c8cc8e-680,u_02750,did_click_lp,"{""lp_name"": ""lp_academic_writing""}",2026-02-05 01:43:46+00:00,2026-02-05,lp_academic_writing,,,True
135d84d3-878,u_02751,did_click_lp,"{""lp_name"": ""lp_business_emails""}",2026-02-05 22:47:11+00:00,2026-02-05,lp_business_emails,,,True
b9161c31-111,u_02752,did_click_lp,"{""lp_name"": ""lp_business_emails""}",2026-02-05 08:24:14+00:00,2026-02-05,lp_business_emails,,,True
7e1036fd-b9e,u_02752,did_install_grammarly,{},2026-02-05 08:26:14+00:00,2026-02-05,,,,True
223247f1-9fd,u_02753,did_click_lp,"{""lp_name"": ""lp_business_emails""}",2026-02-25 01:41:18+00:00,2026-02-25,lp_business_emails,,,True
37115305-ed3,u_02753,did_install_grammarly,{},2026-02-25 01:54:18+00:00,2026-02-25,,,,True
9d363817-fe7,u_02754,did_click_lp,"{""lp_name"": ""lp_academic_writing""}",2026-02-12 00:26:07+00:00,2026-02-12,lp_academic_writing,,,True
602eb631-72e,u_02754,did_install_grammarly,{},2026-02-12 00:36:07+00:00,2026-02-12,,,,True
6ccde606-c82,u_02754,try_grammarly,"{""product_feature"": ""academic_citation_helper""}",2026-02-12 01:17:07+00:00,2026-02-12,,academic_citation_helper,,True
6bd24912-de2,u_02754,try_grammarly,"{""product_feature"": ""academic_citation_helper""}",2026-02-13 17:11:49+00:00,2026-02-13,,academic_citation_helper,,True
e60009a4-ea1,u_02754,try_grammarly,"{""product_feature"": ""academic_citation_helper""}",2026-02-14 10:43:32+00:00,2026-02-14,,academic_citation_helper,,True
4be1b451-c08,u_02755,did_click_lp,"{""lp_name"": ""lp_business_emails""}",2026-02-08 22:18:57+00:00,2026-02-08,lp_business_emails,,,True
786212dc-f62,u_02755,did_install_grammarly,{},2026-02-08 22:28:57+00:00,2026-02-08,,,,True
23f8b8b5-687,u_02756,did_click_lp,"{""lp_name"": ""lp_academic_writing""}",2026-02-26 17:36:02+00:00,2026-02-26,lp_academic_writing,,,True
c521d4c1-7ce,u_02757,did_click_lp,"{""lp_name"": ""lp_academic_writing""}",2026-02-16 09:00:49+00:00,2026-02-16,lp_academic_writing,,,True
a7eef475-717,u_02758,did_click_lp,"{""lp_name"": ""lp_academic_writing""}",2026-02-01 17:37:16+00:00,2026-02-01,lp_academic_writing,,,True
091eb0aa-737,u_02758,did_install_grammarly,{},2026-02-01 17:42:16+00:00,2026-02-01,,,,True
fc529c06-1e6,u_02759,did_click_lp,"{""lp_name"": ""lp_business_emails""}",2026-02-10 10:14:12+00:00,2026-02-10,lp_business_emails,,,True
b3657e14-e99,u_02760,did_click_lp,"{""lp_name"": ""lp_business_emails""}",2026-02-12 07:17:28+00:00,2026-02-12,lp_business_emails,,,True
2cc9fd33-1e8,u_02761,did_click_lp,"{""lp_name"": ""lp_academic_writing""}",2026-02-01 19:54:23+00:00,2026-02-01,lp_academic_writing,,,True
758ff63c-a8f,u_02762,did_click_lp,"{""lp_name"": ""lp_business_emails""}",2026-02-20 02:49:49+00:00,2026-02-20,lp_business_emails,,,True
b4ce1cc0-95a,u_02762,did_install_grammarly,{},2026-02-20 02:56:49+00:00,2026-02-20,,,,True
4cefdcfd-eca,u_02763,did_click_lp,"{""lp_name"": ""lp_academic_writing""}",2026-02-04 22:15:28+00:00,2026-02-04,lp_academic_writing,,,True
248cd9d6-eab,u_02764,did_click_lp,"{""lp_name"": ""lp_academic_writing""}",2026-02-01 04:23:09+00:00,2026-02-01,lp_academic_writing,,,True
f77a8af8-972,u_02764,did_install_grammarly,{},2026-02-01 04:25:09+00:00,2026-02-01,,,,True
7a3e16e4-249,u_02764,try_grammarly,"{""product_feature"": ""academic_citation_helper""}",2026-02-01 04:56:09+00:00,2026-02-01,,academic_citation_helper,,True
95a05136-80b,u_02764,try_grammarly,"{""product_feature"": ""academic_citation_helper""}",2026-02-02 05:30:47+00:00,2026-02-02,,academic_citation_helper,,True
04539d1b-741,u_02764,try_grammarly,"{""product_feature"": ""academic_citation_helper""}",2026-02-03 16:44:19+00:00,2026-02-03,,academic_citation_helper,,True
d0895ffd-189,u_02765,did_click_lp,"{""lp_name"": ""lp_academic_writing""}",2026-02-18 18:19:39+00:00,2026-02-18,lp_academic_writing,,,True
cd26b586-585,u_02765,did_install_grammarly,{},2026-02-18 18:25:39+00:00,2026-02-18,,,,True
e83c2d92-921,u_02765,try_grammarly,"{""product_feature"": ""academic_citation_helper""}",2026-02-18 18:30:39+00:00,2026-02-18,,academic_citation_helper,,True
b465d390-532,u_02765,try_grammarly,"{""product_feature"": ""academic_citation_helper""}",2026-02-19 16:57:30+00:00,2026-02-19,,academic_citation_helper,,True
590dc719-a2f,u_02765,try_grammarly,"{""product_feature"": ""academic_citation_helper""}",2026-02-20 10:26:22+00:00,2026-02-20,,academic_citation_helper,,True
7aa0dbd9-f1d,u_02766,did_click_lp,"{""lp_name"": ""lp_business_emails""}",2026-02-22 18:38:18+00:00,2026-02-22,lp_business_emails,,,True
217102bb-676,u_02767,did_click_lp,"{""lp_name"": ""lp_business_emails""}",2026-02-28 20:48:34+00:00,2026-02-28,lp_business_emails,,,True
9f2c7300-5ee,u_02768,did_click_lp,"{""lp_name"": ""lp_academic_writing""}",2026-02-25 01:09:22+00:00,2026-02-25,lp_academic_writing,,,True
2de12b50-df4,u_02768,did_install_grammarly,{},2026-02-25 01:12:22+00:00,2026-02-25,,,,True
6f1078c2-8a8,u_02769,did_click_lp,"{""lp_name"": ""lp_academic_writing""}",2026-02-27 17:25:55+00:00,2026-02-27,lp_academic_writing,,,True
9c0446e6-822,u_02770,did_click_lp,"{""lp_name"": ""lp_academic_writing""}",2026-02-28 14:10:57+00:00,2026-02-28,lp_academic_writing,,,True
6aa105d3-0f2,u_02771,did_click_lp,"{""lp_name"": ""lp_academic_writing""}",2026-02-25 09:29:10+00:00,2026-02-25,lp_academic_writing,,,True
24e4d6e0-7cb,u_02772,did_click_lp,"{""lp_name"": ""lp_business_emails""}",2026-02-22 08:47:57+00:00,2026-02-22,lp_business_emails,,,True
bfa16b03-e6a,u_02772,did_install_grammarly,{},2026-02-22 09:02:57+00:00,2026-02-22,,,,True
c2ebd7ab-a09,u_02773,did_click_lp,"{""lp_name"": ""lp_academic_writing""}",2026-02-14 21:08:15+00:00,2026-02-14,lp_academic_writing,,,True
96688702-ece,u_02773,did_install_grammarly,{},2026-02-14 21:14:15+00:00,2026-02-14,,,,True
305aaec4-e39,u_02774,did_click_lp,"{""lp_name"": ""lp_academic_writing""}",2026-02-15 02:00:30+00:00,2026-02-15,lp_academic_writing,,,True
ccfbd247-d0f,u_02774,did_install_grammarly,{},2026-02-15 02:06:30+00:00,2026-02-15,,,,True
c5801d6c-5d7,u_02775,did_click_lp,"{""lp_name"": ""lp_academic_writing""}",2026-02-04 15:47:48+00:00,2026-02-04,lp_academic_writing,,,True
5a3266d8-083,u_02776,did_click_lp,"{""lp_name"": ""lp_business_emails""}",2026-02-11 20:15:30+00:00,2026-02-11,lp_business_emails,,,True
f19db545-d7f,u_02776,did_install_grammarly,{},2026-02-11 20:18:30+00:00,2026-02-11,,,,True
2bb29bbe-6a9,u_02777,did_click_lp,"{""lp_name"": ""lp_academic_writing""}",2026-02-19 08:44:28+00:00,2026-02-19,lp_academic_writing,,,True
b75c338c-7f1,u_02778,did_click_lp,"{""lp_name"": ""lp_business_emails""}",2026-02-04 19:05:40+00:00,2026-02-04,lp_business_emails,,,True
bd448cbf-744,u_02778,did_click_lp,"{""lp_name"": ""lp_academic_writing""}",2026-02-06 13:58:04+00:00,2026-02-06,lp_academic_writing,,,True
16d18a86-323,u_02778,did_install_grammarly,{},2026-02-06 14:06:04+00:00,2026-02-06,,,,True
b3b00ca3-b09,u_02779,did_click_lp,"{""lp_name"": ""lp_business_emails""}",2026-02-21 03:42:56+00:00,2026-02-21,lp_business_emails,,,True
26b3d35a-49f,u_02780,did_click_lp,"{""lp_name"": ""lp_business_emails""}",2026-02-19 15:14:45+00:00,2026-02-19,lp_business_emails,,,True
bbcb34a5-9ca,u_02781,did_click_lp,"{""lp_name"": ""lp_business_emails""}",2026-02-21 23:49:27+00:00,2026-02-21,lp_business_emails,,,True
607def98-68e,u_02782,did_click_lp,"{""lp_name"": ""lp_business_emails""}",2026-02-13 03:22:23+00:00,2026-02-13,lp_business_emails,,,True
2b26d986-9c4,u_02783,did_click_lp,"{""lp_name"": ""lp_academic_writing""}",2026-02-18 05:10:50+00:00,2026-02-18,lp_academic_writing,,,True
2d13243f-231,u_02783,did_install_grammarly,{},2026-02-18 05:19:50+00:00,2026-02-18,,,,True
4acfb295-e86,u_02783,try_grammarly,"{""product_feature"": ""academic_citation_helper""}",2026-02-18 05:39:50+00:00,2026-02-18,,academic_citation_helper,,True
89326897-be7,u_02783,try_grammarly,"{""product_feature"": ""academic_citation_helper""}",2026-02-19 18:37:20+00:00,2026-02-19,,academic_citation_helper,,True
27520967-473,u_02783,try_grammarly,"{""product_feature"": ""academic_citation_helper""}",2026-02-20 23:43:57+00:00,2026-02-20,,academic_citation_helper,,True
dd7d8282-e3d,u_02783,try_grammarly,"{""product_feature"": ""academic_citation_helper""}",2026-02-21 10:14:06+00:00,2026-02-21,,academic_citation_helper,,True
fcb358f3-b0f,u_02784,did_click_lp,"{""lp_name"": ""lp_academic_writing""}",2026-02-05 01:53:27+00:00,2026-02-05,lp_academic_writing,,,True
ffc82508-37e,u_02784,did_install_grammarly,{},2026-02-05 01:56:27+00:00,2026-02-05,,,,True
6241852e-d64,u_02785,did_click_lp,"{""lp_name"": ""lp_business_emails""}",2026-02-11 07:10:51+00:00,2026-02-11,lp_business_emails,,,True
f55bd540-6e3,u_02786,did_click_lp,"{""lp_name"": ""lp_academic_writing""}",2026-02-02 18:09:03+00:00,2026-02-02,lp_academic_writing,,,True
7001310f-3d4,u_02786,did_install_grammarly,{},2026-02-02 18:12:03+00:00,2026-02-02,,,,True
f66e60b6-b4d,u_02786,try_grammarly,"{""product_feature"": ""academic_citation_helper""}",2026-02-02 18:42:03+00:00,2026-02-02,,academic_citation_helper,,True
553d43ba-af1,u_02786,try_grammarly,"{""product_feature"": ""academic_citation_helper""}",2026-02-03 18:40:01+00:00,2026-02-03,,academic_citation_helper,,True
dde648f5-d6d,u_02787,did_click_lp,"{""lp_name"": ""lp_business_emails""}",2026-02-08 20:09:51+00:00,2026-02-08,lp_business_emails,,,True
85add8cd-eee,u_02788,did_click_lp,"{""lp_name"": ""lp_business_emails""}",2026-02-07 18:35:14+00:00,2026-02-07,lp_business_emails,,,True
5e53a2ad-210,u_02789,did_click_lp,"{""lp_name"": ""lp_business_emails""}",2026-02-24 18:54:17+00:00,2026-02-24,lp_business_emails,,,True
b1c91c63-8a4,u_02790,did_click_lp,"{""lp_name"": ""lp_business_emails""}",2026-02-23 23:25:48+00:00,2026-02-23,lp_business_emails,,,True
1506ecc2-b80,u_02790,did_install_grammarly,{},2026-02-23 23:40:48+00:00,2026-02-23,,,,True
358979ee-e29,u_02790,try_grammarly,"{""product_feature"": ""smart_email_reply""}",2026-02-24 00:15:48+00:00,2026-02-24,,smart_email_reply,,True
efed0e29-9ff,u_02791,did_click_lp,"{""lp_name"": ""lp_academic_writing""}",2026-02-04 20:44:22+00:00,2026-02-04,lp_academic_writing,,,True
f2bf130f-f27,u_02792,did_click_lp,"{""lp_name"": ""lp_business_emails""}",2026-02-18 07:44:33+00:00,2026-02-18,lp_business_emails,,,True
63690171-cc2,u_02792,did_install_grammarly,{},2026-02-18 07:47:33+00:00,2026-02-18,,,,True
33d72f22-448,u_02792,try_grammarly,"{""product_feature"": ""smart_email_reply""}",2026-02-18 08:00:33+00:00,2026-02-18,,smart_email_reply,,True
2fb4ca93-ac6,u_02793,did_click_lp,"{""lp_name"": ""lp_business_emails""}",2026-02-19 10:43:00+00:00,2026-02-19,lp_business_emails,,,True
c5fc253c-88c,u_02793,did_install_grammarly,{},2026-02-19 10:51:00+00:00,2026-02-19,,,,True
520ed2b4-694,u_02793,try_grammarly,"{""product_feature"": ""smart_email_reply""}",2026-02-19 11:38:00+00:00,2026-02-19,,smart_email_reply,,True
4eac3043-924,u_02794,did_click_lp,"{""lp_name"": ""lp_business_emails""}",2026-02-27 20:12:59+00:00,2026-02-27,lp_business_emails,,,True
2f6d66f3-237,u_02795,did_click_lp,"{""lp_name"": ""lp_academic_writing""}",2026-02-13 11:27:20+00:00,2026-02-13,lp_academic_writing,,,True
503d7847-5b1,u_02796,did_click_lp,"{""lp_name"": ""lp_business_emails""}",2026-02-14 05:37:25+00:00,2026-02-14,lp_business_emails,,,True
cd0fcb50-172,u_02797,did_click_lp,"{""lp_name"": ""lp_business_emails""}",2026-02-12 19:26:52+00:00,2026-02-12,lp_business_emails,,,True
17fe86fd-7ff,u_02797,did_install_grammarly,{},2026-02-12 19:29:52+00:00,2026-02-12,,,,True
a515278d-5c2,u_02797,try_grammarly,"{""product_feature"": ""smart_email_reply""}",2026-02-12 20:05:52+00:00,2026-02-12,,smart_email_reply,,True
034c6523-dc2,u_02798,did_click_lp,"{""lp_name"": ""lp_academic_writing""}",2026-02-15 06:16:44+00:00,2026-02-15,lp_academic_writing,,,True
5ee98292-b8d,u_02799,did_click_lp,"{""lp_name"": ""lp_academic_writing""}",2026-02-06 13:16:44+00:00,2026-02-06,lp_academic_writing,,,True
55b55de5-c00,u_02799,did_install_grammarly,{},2026-02-06 13:25:44+00:00,2026-02-06,,,,True
ebd96e52-481,u_02800,did_click_lp,"{""lp_name"": ""lp_business_emails""}",2026-02-06 02:22:58+00:00,2026-02-06,lp_business_emails,,,True
28a29f4d-548,u_02801,did_click_lp,"{""lp_name"": ""lp_business_emails""}",2026-02-16 15:10:11+00:00,2026-02-16,lp_business_emails,,,True
a7b255f0-363,u_02801,did_install_grammarly,{},2026-02-16 15:17:11+00:00,2026-02-16,,,,True
e9e90c3f-ee2,u_02802,did_click_lp,"{""lp_name"": ""lp_business_emails""}",2026-02-11 23:26:52+00:00,2026-02-11,lp_business_emails,,,True
e2034b53-d53,u_02802,did_install_grammarly,{},2026-02-11 23:29:52+00:00,2026-02-11,,,,True
5abe9d2a-45a,u_02803,did_click_lp,"{""lp_name"": ""lp_business_emails""}",2026-02-15 09:54:10+00:00,2026-02-15,lp_business_emails,,,True
63bf90c8-66e,u_02803,did_install_grammarly,{},2026-02-15 10:04:10+00:00,2026-02-15,,,,True
1680f9e5-8c9,u_02803,try_grammarly,"{""product_feature"": ""smart_email_reply""}",2026-02-15 10:14:10+00:00,2026-02-15,,smart_email_reply,,True
f445498c-f26,u_02804,did_click_lp,"{""lp_name"": ""lp_academic_writing""}",2026-02-09 23:08:26+00:00,2026-02-09,lp_academic_writing,,,True
227db934-ec2,u_02805,did_click_lp,"{""lp_name"": ""lp_business_emails""}",2026-02-06 18:03:40+00:00,2026-02-06,lp_business_emails,,,True
e8d0872b-d14,u_02805,did_install_grammarly,{},2026-02-06 18:13:40+00:00,2026-02-06,,,,True
94ff3207-023,u_02806,did_click_lp,"{""lp_name"": ""lp_business_emails""}",2026-02-27 23:49:02+00:00,2026-02-27,lp_business_emails,,,True
48469c26-db8,u_02806,did_install_grammarly,{},2026-02-28 00:01:02+00:00,2026-02-28,,,,True
708cc1b5-71b,u_02807,did_click_lp,"{""lp_name"": ""lp_business_emails""}",2026-02-26 08:35:21+00:00,2026-02-26,lp_business_emails,,,True
02291e04-2bc,u_02808,did_click_lp,"{""lp_name"": ""lp_business_emails""}",2026-02-22 08:12:11+00:00,2026-02-22,lp_business_emails,,,True
b0aebc18-6d4,u_02809,did_click_lp,"{""lp_name"": ""lp_academic_writing""}",2026-02-05 09:26:43+00:00,2026-02-05,lp_academic_writing,,,True
d0bdd20b-196,u_02809,did_install_grammarly,{},2026-02-05 09:36:43+00:00,2026-02-05,,,,True
5a53682d-23b,u_02810,did_click_lp,"{""lp_name"": ""lp_academic_writing""}",2026-02-26 18:10:16+00:00,2026-02-26,lp_academic_writing,,,True
4c4e2b6c-603,u_02811,did_click_lp,"{""lp_name"": ""lp_business_emails""}",2026-02-20 06:36:43+00:00,2026-02-20,lp_business_emails,,,True
84130cb1-415,u_02811,did_install_grammarly,{},2026-02-20 06:39:43+00:00,2026-02-20,,,,True
676173aa-3be,u_02811,try_grammarly,"{""product_feature"": ""smart_email_reply""}",2026-02-20 07:07:43+00:00,2026-02-20,,smart_email_reply,,True
e0f4b9bb-06c,u_02812,did_click_lp,"{""lp_name"": ""lp_business_emails""}",2026-02-24 08:44:08+00:00,2026-02-24,lp_business_emails,,,True
4cc28f36-e5d,u_02813,did_click_lp,"{""lp_name"": ""lp_business_emails""}",2026-02-15 23:56:13+00:00,2026-02-15,lp_business_emails,,,True
fda12c11-13e,u_02813,did_install_grammarly,{},2026-02-16 00:04:13+00:00,2026-02-16,,,,True
96363560-6e5,u_02813,try_grammarly,"{""product_feature"": ""smart_email_reply""}",2026-02-16 00:30:13+00:00,2026-02-16,,smart_email_reply,,True
78111490-48f,u_02814,did_click_lp,"{""lp_name"": ""lp_business_emails""}",2026-02-11 02:20:59+00:00,2026-02-11,lp_business_emails,,,True
f16451ee-9f9,u_02815,did_click_lp,"{""lp_name"": ""lp_academic_writing""}",2026-02-13 07:00:02+00:00,2026-02-13,lp_academic_writing,,,True
1b60bec7-dbb,u_02816,did_click_lp,"{""lp_name"": ""lp_academic_writing""}",2026-02-05 06:13:51+00:00,2026-02-05,lp_academic_writing,,,True
5e35352a-c66,u_02817,did_click_lp,"{""lp_name"": ""lp_academic_writing""}",2026-02-14 07:10:05+00:00,2026-02-14,lp_academic_writing,,,True
a2f05f52-600,u_02817,did_install_grammarly,{},2026-02-14 07:16:05+00:00,2026-02-14,,,,True
9a2bab86-172,u_02818,did_click_lp,"{""lp_name"": ""lp_academic_writing""}",2026-02-21 11:11:15+00:00,2026-02-21,lp_academic_writing,,,True
d5f17a77-63a,u_02819,did_click_lp,"{""lp_name"": ""lp_business_emails""}",2026-02-14 21:02:22+00:00,2026-02-14,lp_business_emails,,,True
e1af321b-9a1,u_02820,did_click_lp,"{""lp_name"": ""lp_business_emails""}",2026-02-22 05:09:37+00:00,2026-02-22,lp_business_emails,,,True
68c3ceee-2ef,u_02821,did_click_lp,"{""lp_name"": ""lp_academic_writing""}",2026-02-26 08:59:14+00:00,2026-02-26,lp_academic_writing,,,True
94d6999c-204,u_02821,did_install_grammarly,{},2026-02-26 09:01:14+00:00,2026-02-26,,,,True
0738bac1-84a,u_02821,try_grammarly,"{""product_feature"": ""academic_citation_helper""}",2026-02-26 09:40:14+00:00,2026-02-26,,academic_citation_helper,,True
01462c33-991,u_02821,try_grammarly,"{""product_feature"": ""academic_citation_helper""}",2026-02-27 06:43:21+00:00,2026-02-27,,academic_citation_helper,,True
68d39c58-7c8,u_02821,try_grammarly,"{""product_feature"": ""academic_citation_helper""}",2026-02-28 23:52:49+00:00,2026-02-28,,academic_citation_helper,,True
19295a9b-b89,u_02822,did_click_lp,"{""lp_name"": ""lp_academic_writing""}",2026-02-15 08:22:55+00:00,2026-02-15,lp_academic_writing,,,True
66351d23-775,u_02823,did_click_lp,"{""lp_name"": ""lp_academic_writing""}",2026-02-22 05:00:07+00:00,2026-02-22,lp_academic_writing,,,True
54bffa5d-679,u_02824,did_click_lp,"{""lp_name"": ""lp_academic_writing""}",2026-02-07 13:06:47+00:00,2026-02-07,lp_academic_writing,,,True
b425c579-5b0,u_02825,did_click_lp,"{""lp_name"": ""lp_business_emails""}",2026-02-10 11:03:51+00:00,2026-02-10,lp_business_emails,,,True
fa49fe5d-a70,u_02826,did_click_lp,"{""lp_name"": ""lp_business_emails""}",2026-02-01 12:58:52+00:00,2026-02-01,lp_business_emails,,,True
1ed7cc3c-c52,u_02826,did_install_grammarly,{},2026-02-01 13:13:52+00:00,2026-02-01,,,,True
4c5402b3-17b,u_02827,did_click_lp,"{""lp_name"": ""lp_business_emails""}",2026-02-01 12:49:47+00:00,2026-02-01,lp_business_emails,,,True
bcf78ea2-f67,u_02828,did_click_lp,"{""lp_name"": ""lp_business_emails""}",2026-02-21 16:12:30+00:00,2026-02-21,lp_business_emails,,,True
c91571e3-0e8,u_02829,did_click_lp,"{""lp_name"": ""lp_business_emails""}",2026-02-01 21:07:10+00:00,2026-02-01,lp_business_emails,,,True
8481a2aa-478,u_02829,did_install_grammarly,{},2026-02-01 21:16:10+00:00,2026-02-01,,,,True
c4c9f7b3-90a,u_02829,try_grammarly,"{""product_feature"": ""smart_email_reply""}",2026-02-01 22:06:10+00:00,2026-02-01,,smart_email_reply,,True
e8915422-546,u_02830,did_click_lp,"{""lp_name"": ""lp_business_emails""}",2026-02-20 03:05:51+00:00,2026-02-20,lp_business_emails,,,True
c71ee8ce-4d2,u_02830,did_install_grammarly,{},2026-02-20 03:15:51+00:00,2026-02-20,,,,True
68eea81a-282,u_02831,did_click_lp,"{""lp_name"": ""lp_academic_writing""}",2026-02-08 22:18:07+00:00,2026-02-08,lp_academic_writing,,,True
d86cff8e-822,u_02831,did_install_grammarly,{},2026-02-08 22:24:07+00:00,2026-02-08,,,,True
0591ba83-bdc,u_02832,did_click_lp,"{""lp_name"": ""lp_academic_writing""}",2026-02-18 12:06:08+00:00,2026-02-18,lp_academic_writing,,,True
cbd23707-a32,u_02832,did_install_grammarly,{},2026-02-18 12:16:08+00:00,2026-02-18,,,,True
518debed-616,u_02833,did_click_lp,"{""lp_name"": ""lp_business_emails""}",2026-02-22 12:51:26+00:00,2026-02-22,lp_business_emails,,,True
62f40663-0a0,u_02834,did_click_lp,"{""lp_name"": ""lp_academic_writing""}",2026-02-14 15:03:09+00:00,2026-02-14,lp_academic_writing,,,True
e089bb56-bde,u_02835,did_click_lp,"{""lp_name"": ""lp_business_emails""}",2026-02-14 16:02:34+00:00,2026-02-14,lp_business_emails,,,True
d4e9dbb4-dec,u_02835,did_install_grammarly,{},2026-02-14 16:04:34+00:00,2026-02-14,,,,True
c9a1af34-fe2,u_02836,did_click_lp,"{""lp_name"": ""lp_academic_writing""}",2026-02-02 05:18:19+00:00,2026-02-02,lp_academic_writing,,,True
458fd51e-168,u_02836,did_install_grammarly,{},2026-02-02 05:22:19+00:00,2026-02-02,,,,True
3a0d3041-de8,u_02836,try_grammarly,"{""product_feature"": ""academic_citation_helper""}",2026-02-02 06:14:19+00:00,2026-02-02,,academic_citation_helper,,True
373f7123-672,u_02836,try_grammarly,"{""product_feature"": ""academic_citation_helper""}",2026-02-03 12:41:25+00:00,2026-02-03,,academic_citation_helper,,True
f314f3fd-fbf,u_02836,try_grammarly,"{""product_feature"": ""academic_citation_helper""}",2026-02-04 23:56:17+00:00,2026-02-04,,academic_citation_helper,,True
91d22013-a93,u_02837,did_click_lp,"{""lp_name"": ""lp_business_emails""}",2026-02-12 23:35:34+00:00,2026-02-12,lp_business_emails,,,True
9a388ee5-ddb,u_02837,did_install_grammarly,{},2026-02-12 23:47:34+00:00,2026-02-12,,,,True
eb4e40f1-278,u_02838,did_click_lp,"{""lp_name"": ""lp_academic_writing""}",2026-02-02 00:45:35+00:00,2026-02-02,lp_academic_writing,,,True
c81a646e-679,u_02839,did_click_lp,"{""lp_name"": ""lp_academic_writing""}",2026-02-12 03:17:58+00:00,2026-02-12,lp_academic_writing,,,True
13396d60-9cf,u_02840,did_click_lp,"{""lp_name"": ""lp_academic_writing""}",2026-02-11 07:23:42+00:00,2026-02-11,lp_academic_writing,,,True
3c477b1d-9e5,u_02840,did_install_grammarly,{},2026-02-11 07:33:42+00:00,2026-02-11,,,,True
f708f45c-e44,u_02840,try_grammarly,"{""product_feature"": ""academic_citation_helper""}",2026-02-11 08:00:42+00:00,2026-02-11,,academic_citation_helper,,True
1b84cc92-b0f,u_02841,did_click_lp,"{""lp_name"": ""lp_business_emails""}",2026-02-14 03:05:48+00:00,2026-02-14,lp_business_emails,,,True
d4cb2725-e0b,u_02842,did_click_lp,"{""lp_name"": ""lp_business_emails""}",2026-02-09 02:18:40+00:00,2026-02-09,lp_business_emails,,,True
e0c2cd3d-18b,u_02843,did_click_lp,"{""lp_name"": ""lp_academic_writing""}",2026-02-13 13:12:25+00:00,2026-02-13,lp_academic_writing,,,True
c08ed388-cdc,u_02843,did_install_grammarly,{},2026-02-13 13:18:25+00:00,2026-02-13,,,,True
7a76d35a-ae2,u_02843,try_grammarly,"{""product_feature"": ""academic_citation_helper""}",2026-02-13 14:01:25+00:00,2026-02-13,,academic_citation_helper,,True
bfcd99a3-da0,u_02843,try_grammarly,"{""product_feature"": ""academic_citation_helper""}",2026-02-14 22:47:30+00:00,2026-02-14,,academic_citation_helper,,True
4a8c2fe6-f58,u_02843,try_grammarly,"{""product_feature"": ""academic_citation_helper""}",2026-02-15 14:02:34+00:00,2026-02-15,,academic_citation_helper,,True
2bd06c19-b38,u_02843,try_grammarly,"{""product_feature"": ""academic_citation_helper""}",2026-02-17 04:40:13+00:00,2026-02-17,,academic_citation_helper,,True
0693d8b5-311,u_02844,did_click_lp,"{""lp_name"": ""lp_academic_writing""}",2026-02-14 09:58:38+00:00,2026-02-14,lp_academic_writing,,,True
9b8b8a52-edb,u_02844,did_install_grammarly,{},2026-02-14 10:07:38+00:00,2026-02-14,,,,True
39703761-ed4,u_02844,try_grammarly,"{""product_feature"": ""academic_citation_helper""}",2026-02-14 10:53:38+00:00,2026-02-14,,academic_citation_helper,,True
5aa88ff4-455,u_02844,try_grammarly,"{""product_feature"": ""academic_citation_helper""}",2026-02-15 17:43:51+00:00,2026-02-15,,academic_citation_helper,,True
23e42232-968,u_02844,try_grammarly,"{""product_feature"": ""academic_citation_helper""}",2026-02-16 04:19:44+00:00,2026-02-16,,academic_citation_helper,,True
8ab943bb-4c5,u_02845,did_click_lp,"{""lp_name"": ""lp_academic_writing""}",2026-02-17 13:41:52+00:00,2026-02-17,lp_academic_writing,,,True
a373b352-ffa,u_02845,did_install_grammarly,{},2026-02-17 13:42:52+00:00,2026-02-17,,,,True
4110f60c-98c,u_02845,try_grammarly,"{""product_feature"": ""academic_citation_helper""}",2026-02-17 14:33:52+00:00,2026-02-17,,academic_citation_helper,,True
7992a094-63c,u_02845,try_grammarly,"{""product_feature"": ""academic_citation_helper""}",2026-02-18 07:13:34+00:00,2026-02-18,,academic_citation_helper,,True
ae186d70-02b,u_02845,try_grammarly,"{""product_feature"": ""academic_citation_helper""}",2026-02-19 21:15:51+00:00,2026-02-19,,academic_citation_helper,,True
2448fb5b-022,u_02846,did_click_lp,"{""lp_name"": ""lp_business_emails""}",2026-02-18 22:43:19+00:00,2026-02-18,lp_business_emails,,,True
6551b953-da3,u_02846,did_install_grammarly,{},2026-02-18 22:53:19+00:00,2026-02-18,,,,True
1257c5df-de9,u_02847,did_click_lp,"{""lp_name"": ""lp_academic_writing""}",2026-02-23 11:29:31+00:00,2026-02-23,lp_academic_writing,,,True
d0058fc4-dca,u_02847,did_install_grammarly,{},2026-02-23 11:30:31+00:00,2026-02-23,,,,True
93d49ddb-0f5,u_02848,did_click_lp,"{""lp_name"": ""lp_academic_writing""}",2026-02-28 12:05:01+00:00,2026-02-28,lp_academic_writing,,,True
9965e5bf-2b0,u_02849,did_click_lp,"{""lp_name"": ""lp_business_emails""}",2026-02-22 09:17:00+00:00,2026-02-22,lp_business_emails,,,True
fa972c52-75e,u_02850,did_click_lp,"{""lp_name"": ""lp_academic_writing""}",2026-02-09 13:05:31+00:00,2026-02-09,lp_academic_writing,,,True
87810515-b35,u_02851,did_click_lp,"{""lp_name"": ""lp_academic_writing""}",2026-02-08 21:44:14+00:00,2026-02-08,lp_academic_writing,,,True
613dac6c-66b,u_02852,did_click_lp,"{""lp_name"": ""lp_academic_writing""}",2026-02-18 00:48:02+00:00,2026-02-18,lp_academic_writing,,,True
e8b43719-666,u_02853,did_click_lp,"{""lp_name"": ""lp_business_emails""}",2026-02-24 04:41:21+00:00,2026-02-24,lp_business_emails,,,True
248b6417-d86,u_02853,did_install_grammarly,{},2026-02-24 04:52:21+00:00,2026-02-24,,,,True
62e20abb-cab,u_02854,did_click_lp,"{""lp_name"": ""lp_business_emails""}",2026-02-19 21:42:41+00:00,2026-02-19,lp_business_emails,,,True
cb55babf-74f,u_02855,did_click_lp,"{""lp_name"": ""lp_academic_writing""}",2026-02-05 17:13:04+00:00,2026-02-05,lp_academic_writing,,,True
6c52c542-23a,u_02856,did_click_lp,"{""lp_name"": ""lp_business_emails""}",2026-02-13 22:09:35+00:00,2026-02-13,lp_business_emails,,,True
a5746b60-e86,u_02857,did_click_lp,"{""lp_name"": ""lp_academic_writing""}",2026-02-14 22:29:11+00:00,2026-02-14,lp_academic_writing,,,True
3e5a39f8-9a7,u_02857,did_click_lp,"{""lp_name"": ""lp_business_emails""}",2026-02-19 20:29:51+00:00,2026-02-19,lp_business_emails,,,True
e08bb8bd-73b,u_02858,did_click_lp,"{""lp_name"": ""lp_business_emails""}",2026-02-12 23:20:26+00:00,2026-02-12,lp_business_emails,,,True
c12a65ce-ebc,u_02858,did_install_grammarly,{},2026-02-12 23:22:26+00:00,2026-02-12,,,,True
e42e5021-b8e,u_02859,did_click_lp,"{""lp_name"": ""lp_academic_writing""}",2026-02-11 18:46:29+00:00,2026-02-11,lp_academic_writing,,,True
c5a7958e-31e,u_02860,did_click_lp,"{""lp_name"": ""lp_business_emails""}",2026-02-05 23:18:29+00:00,2026-02-05,lp_business_emails,,,True
193aef24-313,u_02861,did_click_lp,"{""lp_name"": ""lp_academic_writing""}",2026-02-26 20:41:04+00:00,2026-02-26,lp_academic_writing,,,True
58a2e0cb-c60,u_02862,did_click_lp,"{""lp_name"": ""lp_academic_writing""}",2026-02-04 04:59:01+00:00,2026-02-04,lp_academic_writing,,,True
94a6ffff-675,u_02863,did_click_lp,"{""lp_name"": ""lp_business_emails""}",2026-02-13 14:34:36+00:00,2026-02-13,lp_business_emails,,,True
b393289e-b5d,u_02863,did_click_lp,"{""lp_name"": ""lp_business_emails""}",2026-02-14 06:06:19+00:00,2026-02-14,lp_business_emails,,,True
39d9bd9c-75b,u_02864,did_click_lp,"{""lp_name"": ""lp_business_emails""}",2026-02-19 19:40:26+00:00,2026-02-19,lp_business_emails,,,True
04da2512-b45,u_02865,did_click_lp,"{""lp_name"": ""lp_business_emails""}",2026-02-25 14:00:16+00:00,2026-02-25,lp_business_emails,,,True
bad779da-c1a,u_02866,did_click_lp,"{""lp_name"": ""lp_business_emails""}",2026-02-16 22:54:09+00:00,2026-02-16,lp_business_emails,,,True
1c71bc46-7f3,u_02867,did_click_lp,"{""lp_name"": ""lp_academic_writing""}",2026-02-05 18:40:31+00:00,2026-02-05,lp_academic_writing,,,True
0b0de3af-b5e,u_02867,did_install_grammarly,{},2026-02-05 18:41:31+00:00,2026-02-05,,,,True
cd15c06e-353,u_02867,try_grammarly,"{""product_feature"": ""academic_citation_helper""}",2026-02-05 19:05:31+00:00,2026-02-05,,academic_citation_helper,,True
131704a9-c1c,u_02867,try_grammarly,"{""product_feature"": ""academic_citation_helper""}",2026-02-06 02:31:06+00:00,2026-02-06,,academic_citation_helper,,True
c0724244-c38,u_02867,try_grammarly,"{""product_feature"": ""academic_citation_helper""}",2026-02-07 05:59:18+00:00,2026-02-07,,academic_citation_helper,,True
76b5ffee-f32,u_02867,try_grammarly,"{""product_feature"": ""academic_citation_helper""}",2026-02-09 18:23:22+00:00,2026-02-09,,academic_citation_helper,,True
0f5a6b6a-1e0,u_02868,did_click_lp,"{""lp_name"": ""lp_academic_writing""}",2026-02-18 05:30:24+00:00,2026-02-18,lp_academic_writing,,,True
02690f81-3c1,u_02868,did_install_grammarly,{},2026-02-18 05:34:24+00:00,2026-02-18,,,,True
dc4296f3-e52,u_02869,did_click_lp,"{""lp_name"": ""lp_academic_writing""}",2026-02-26 19:43:10+00:00,2026-02-26,lp_academic_writing,,,True
b2ee76a3-eeb,u_02870,did_click_lp,"{""lp_name"": ""lp_academic_writing""}",2026-02-19 20:48:43+00:00,2026-02-19,lp_academic_writing,,,True
c489bd0d-a7b,u_02870,did_install_grammarly,{},2026-02-19 20:56:43+00:00,2026-02-19,,,,True
6653d592-5d0,u_02870,try_grammarly,"{""product_feature"": ""academic_citation_helper""}",2026-02-19 21:03:43+00:00,2026-02-19,,academic_citation_helper,,True
4d03e75d-a07,u_02870,try_grammarly,"{""product_feature"": ""academic_citation_helper""}",2026-02-20 10:16:06+00:00,2026-02-20,,academic_citation_helper,,True
d79ffa53-aa3,u_02870,try_grammarly,"{""product_feature"": ""academic_citation_helper""}",2026-02-21 05:56:24+00:00,2026-02-21,,academic_citation_helper,,True
a942120f-848,u_02870,try_grammarly,"{""product_feature"": ""academic_citation_helper""}",2026-02-22 17:57:05+00:00,2026-02-22,,academic_citation_helper,,True
857e0ea8-208,u_02871,did_click_lp,"{""lp_name"": ""lp_academic_writing""}",2026-02-06 12:56:24+00:00,2026-02-06,lp_academic_writing,,,True
884cce5b-73a,u_02872,did_click_lp,"{""lp_name"": ""lp_business_emails""}",2026-02-11 10:59:14+00:00,2026-02-11,lp_business_emails,,,True
731c92f0-8de,u_02873,did_click_lp,"{""lp_name"": ""lp_business_emails""}",2026-02-19 15:54:17+00:00,2026-02-19,lp_business_emails,,,True
a9e32092-b64,u_02874,did_click_lp,"{""lp_name"": ""lp_academic_writing""}",2026-02-09 04:26:35+00:00,2026-02-09,lp_academic_writing,,,True
1e5f7672-13c,u_02874,did_install_grammarly,{},2026-02-09 04:31:35+00:00,2026-02-09,,,,True
9535dc2f-d8d,u_02874,try_grammarly,"{""product_feature"": ""academic_citation_helper""}",2026-02-09 05:12:35+00:00,2026-02-09,,academic_citation_helper,,True
1da5623e-024,u_02875,did_click_lp,"{""lp_name"": ""lp_business_emails""}",2026-02-26 03:33:36+00:00,2026-02-26,lp_business_emails,,,True
a13cbeb3-f09,u_02876,did_click_lp,"{""lp_name"": ""lp_academic_writing""}",2026-02-12 16:51:32+00:00,2026-02-12,lp_academic_writing,,,True
8607541a-fa1,u_02877,did_click_lp,"{""lp_name"": ""lp_business_emails""}",2026-02-09 02:22:50+00:00,2026-02-09,lp_business_emails,,,True
c2df6c20-672,u_02877,did_install_grammarly,{},2026-02-09 02:25:50+00:00,2026-02-09,,,,True
808332ae-b6b,u_02877,try_grammarly,"{""product_feature"": ""smart_email_reply""}",2026-02-09 02:40:50+00:00,2026-02-09,,smart_email_reply,,True
085b39d6-136,u_02878,did_click_lp,"{""lp_name"": ""lp_business_emails""}",2026-02-11 12:11:20+00:00,2026-02-11,lp_business_emails,,,True
18ad15a9-723,u_02879,did_click_lp,"{""lp_name"": ""lp_business_emails""}",2026-02-05 16:02:30+00:00,2026-02-05,lp_business_emails,,,True
95ebd9f9-cf2,u_02880,did_click_lp,"{""lp_name"": ""lp_academic_writing""}",2026-02-26 21:04:36+00:00,2026-02-26,lp_academic_writing,,,True
3536af01-8bf,u_02881,did_click_lp,"{""lp_name"": ""lp_academic_writing""}",2026-02-20 10:40:44+00:00,2026-02-20,lp_academic_writing,,,True
3d4b4818-f6a,u_02881,did_install_grammarly,{},2026-02-20 10:43:44+00:00,2026-02-20,,,,True
dc7b8ab3-6a5,u_02881,try_grammarly,"{""product_feature"": ""academic_citation_helper""}",2026-02-20 11:28:44+00:00,2026-02-20,,academic_citation_helper,,True
5de36fe3-204,u_02882,did_click_lp,"{""lp_name"": ""lp_business_emails""}",2026-02-14 13:55:37+00:00,2026-02-14,lp_business_emails,,,True
8d6fb184-e94,u_02882,did_install_grammarly,{},2026-02-14 13:59:37+00:00,2026-02-14,,,,True
aeeb7733-4f1,u_02882,try_grammarly,"{""product_feature"": ""smart_email_reply""}",2026-02-14 14:57:37+00:00,2026-02-14,,smart_email_reply,,True
e04eceda-35c,u_02883,did_click_lp,"{""lp_name"": ""lp_academic_writing""}",2026-02-13 11:30:42+00:00,2026-02-13,lp_academic_writing,,,True
666f7222-335,u_02884,did_click_lp,"{""lp_name"": ""lp_academic_writing""}",2026-02-03 19:49:11+00:00,2026-02-03,lp_academic_writing,,,True
2855bc58-22f,u_02884,did_click_lp,"{""lp_name"": ""lp_academic_writing""}",2026-02-12 01:17:31+00:00,2026-02-12,lp_academic_writing,,,True
75f69cff-59b,u_02885,did_click_lp,"{""lp_name"": ""lp_business_emails""}",2026-02-27 18:34:52+00:00,2026-02-27,lp_business_emails,,,True
df346787-98f,u_02885,did_install_grammarly,{},2026-02-27 18:45:52+00:00,2026-02-27,,,,True
e51c7ab7-f34,u_02885,try_grammarly,"{""product_feature"": ""smart_email_reply""}",2026-02-27 19:21:52+00:00,2026-02-27,,smart_email_reply,,True
8cbfe5b0-23e,u_02886,did_click_lp,"{""lp_name"": ""lp_business_emails""}",2026-02-05 22:28:31+00:00,2026-02-05,lp_business_emails,,,True
860f5251-930,u_02886,did_install_grammarly,{},2026-02-05 22:43:31+00:00,2026-02-05,,,,True
856df6d3-af3,u_02886,try_grammarly,"{""product_feature"": ""smart_email_reply""}",2026-02-05 23:42:31+00:00,2026-02-05,,smart_email_reply,,True
2710539d-49a,u_02886,try_grammarly,"{""product_feature"": ""smart_email_reply""}",2026-02-07 22:12:02+00:00,2026-02-07,,smart_email_reply,,True
7af6c914-13f,u_02887,did_click_lp,"{""lp_name"": ""lp_academic_writing""}",2026-02-19 21:14:52+00:00,2026-02-19,lp_academic_writing,,,True
c8c54f53-42f,u_02887,did_install_grammarly,{},2026-02-19 21:19:52+00:00,2026-02-19,,,,True
bfbe5d10-53c,u_02888,did_click_lp,"{""lp_name"": ""lp_academic_writing""}",2026-02-03 02:32:46+00:00,2026-02-03,lp_academic_writing,,,True
18b88d15-57b,u_02889,did_click_lp,"{""lp_name"": ""lp_business_emails""}",2026-02-24 15:46:40+00:00,2026-02-24,lp_business_emails,,,True
46cd6a24-344,u_02890,did_click_lp,"{""lp_name"": ""lp_academic_writing""}",2026-02-02 13:22:12+00:00,2026-02-02,lp_academic_writing,,,True
43c646b7-3b5,u_02891,did_click_lp,"{""lp_name"": ""lp_business_emails""}",2026-02-13 11:40:21+00:00,2026-02-13,lp_business_emails,,,True
b44f7bd9-ea4,u_02891,did_install_grammarly,{},2026-02-13 11:52:21+00:00,2026-02-13,,,,True
e2665e26-ad2,u_02892,did_click_lp,"{""lp_name"": ""lp_business_emails""}",2026-02-16 04:31:54+00:00,2026-02-16,lp_business_emails,,,True
31c98da3-5bf,u_02893,did_click_lp,"{""lp_name"": ""lp_business_emails""}",2026-02-04 09:46:03+00:00,2026-02-04,lp_business_emails,,,True
acf375eb-94c,u_02894,did_click_lp,"{""lp_name"": ""lp_academic_writing""}",2026-02-26 15:20:17+00:00,2026-02-26,lp_academic_writing,,,True
69169e04-661,u_02894,did_install_grammarly,{},2026-02-26 15:23:17+00:00,2026-02-26,,,,True
f526e1d8-787,u_02894,try_grammarly,"{""product_feature"": ""academic_citation_helper""}",2026-02-26 15:44:17+00:00,2026-02-26,,academic_citation_helper,,True
693c45fe-352,u_02894,try_grammarly,"{""product_feature"": ""academic_citation_helper""}",2026-02-27 11:57:05+00:00,2026-02-27,,academic_citation_helper,,True
847d95ef-d64,u_02894,try_grammarly,"{""product_feature"": ""academic_citation_helper""}",2026-02-28 16:32:34+00:00,2026-02-28,,academic_citation_helper,,True
ebb562cb-847,u_02895,did_click_lp,"{""lp_name"": ""lp_business_emails""}",2026-02-13 16:12:04+00:00,2026-02-13,lp_business_emails,,,True
55839f4a-c8c,u_02895,did_install_grammarly,{},2026-02-13 16:16:04+00:00,2026-02-13,,,,True
8f64c2a0-d05,u_02896,did_click_lp,"{""lp_name"": ""lp_academic_writing""}",2026-02-27 06:50:57+00:00,2026-02-27,lp_academic_writing,,,True
f88ed55e-615,u_02897,did_click_lp,"{""lp_name"": ""lp_academic_writing""}",2026-02-06 18:31:13+00:00,2026-02-06,lp_academic_writing,,,True
db707949-754,u_02897,did_click_lp,"{""lp_name"": ""lp_academic_writing""}",2026-02-11 14:42:54+00:00,2026-02-11,lp_academic_writing,,,True
ecc3f240-522,u_02898,did_click_lp,"{""lp_name"": ""lp_academic_writing""}",2026-02-14 23:19:17+00:00,2026-02-14,lp_academic_writing,,,True
b0a1335a-cf2,u_02898,did_install_grammarly,{},2026-02-14 23:25:17+00:00,2026-02-14,,,,True
caba48d9-db1,u_02898,try_grammarly,"{""product_feature"": ""academic_citation_helper""}",2026-02-15 00:05:17+00:00,2026-02-15,,academic_citation_helper,,True
314f73fe-41e,u_02899,did_click_lp,"{""lp_name"": ""lp_academic_writing""}",2026-02-12 20:18:45+00:00,2026-02-12,lp_academic_writing,,,True
180bcb1e-802,u_02900,did_click_lp,"{""lp_name"": ""lp_business_emails""}",2026-02-25 12:48:13+00:00,2026-02-25,lp_business_emails,,,True
bf2f02ed-b8f,u_02900,did_install_grammarly,{},2026-02-25 12:53:13+00:00,2026-02-25,,,,True
e3570c51-efb,u_02901,did_click_lp,"{""lp_name"": ""lp_business_emails""}",2026-02-25 00:40:23+00:00,2026-02-25,lp_business_emails,,,True
18a067f7-d47,u_02902,did_click_lp,"{""lp_name"": ""lp_academic_writing""}",2026-02-21 10:11:45+00:00,2026-02-21,lp_academic_writing,,,True
e1244e87-ffc,u_02903,did_click_lp,"{""lp_name"": ""lp_business_emails""}",2026-02-20 06:47:26+00:00,2026-02-20,lp_business_emails,,,True
e008dd99-562,u_02904,did_click_lp,"{""lp_name"": ""lp_academic_writing""}",2026-02-11 13:57:47+00:00,2026-02-11,lp_academic_writing,,,True
bedaebec-528,u_02905,did_click_lp,"{""lp_name"": ""lp_academic_writing""}",2026-02-23 13:19:36+00:00,2026-02-23,lp_academic_writing,,,True
ee9e19c6-26b,u_02905,did_install_grammarly,{},2026-02-23 13:25:36+00:00,2026-02-23,,,,True
57b158d6-2eb,u_02905,try_grammarly,"{""product_feature"": ""academic_citation_helper""}",2026-02-23 14:20:36+00:00,2026-02-23,,academic_citation_helper,,True
d67c441a-100,u_02905,try_grammarly,"{""product_feature"": ""academic_citation_helper""}",2026-02-24 12:52:44+00:00,2026-02-24,,academic_citation_helper,,True
66cb4742-5d4,u_02905,try_grammarly,"{""product_feature"": ""academic_citation_helper""}",2026-02-25 17:52:34+00:00,2026-02-25,,academic_citation_helper,,True
b88ef6af-ceb,u_02906,did_click_lp,"{""lp_name"": ""lp_business_emails""}",2026-02-21 03:24:32+00:00,2026-02-21,lp_business_emails,,,True
f15f70cb-365,u_02907,did_click_lp,"{""lp_name"": ""lp_academic_writing""}",2026-02-10 21:34:28+00:00,2026-02-10,lp_academic_writing,,,True
201c1b4b-e7c,u_02907,did_install_grammarly,{},2026-02-10 21:42:28+00:00,2026-02-10,,,,True
5d436c94-00c,u_02908,did_click_lp,"{""lp_name"": ""lp_academic_writing""}",2026-02-12 20:46:36+00:00,2026-02-12,lp_academic_writing,,,True
26230eb1-a22,u_02908,did_install_grammarly,{},2026-02-12 20:49:36+00:00,2026-02-12,,,,True
8fbfe15a-2fa,u_02908,try_grammarly,"{""product_feature"": ""academic_citation_helper""}",2026-02-12 21:42:36+00:00,2026-02-12,,academic_citation_helper,,True
582bf047-ca5,u_02908,try_grammarly,"{""product_feature"": ""academic_citation_helper""}",2026-02-13 12:04:58+00:00,2026-02-13,,academic_citation_helper,,True
b41af26a-9f1,u_02909,did_click_lp,"{""lp_name"": ""lp_academic_writing""}",2026-02-09 05:43:37+00:00,2026-02-09,lp_academic_writing,,,True
afbccb72-1f8,u_02910,did_click_lp,"{""lp_name"": ""lp_business_emails""}",2026-02-19 18:44:27+00:00,2026-02-19,lp_business_emails,,,True
c9564e71-2cc,u_02911,did_click_lp,"{""lp_name"": ""lp_business_emails""}",2026-02-11 05:34:48+00:00,2026-02-11,lp_business_emails,,,True
5ef1ff42-83f,u_02911,did_install_grammarly,{},2026-02-11 05:49:48+00:00,2026-02-11,,,,True
ad9f891c-da4,u_02911,try_grammarly,"{""product_feature"": ""smart_email_reply""}",2026-02-11 06:13:48+00:00,2026-02-11,,smart_email_reply,,True
42eae493-508,u_02912,did_click_lp,"{""lp_name"": ""lp_academic_writing""}",2026-02-22 00:15:23+00:00,2026-02-22,lp_academic_writing,,,True
aeafe02e-eec,u_02913,did_click_lp,"{""lp_name"": ""lp_business_emails""}",2026-02-12 16:19:18+00:00,2026-02-12,lp_business_emails,,,True
eee67c65-478,u_02914,did_click_lp,"{""lp_name"": ""lp_academic_writing""}",2026-02-20 21:58:30+00:00,2026-02-20,lp_academic_writing,,,True
c1ecc1bf-884,u_02914,did_install_grammarly,{},2026-02-20 21:59:30+00:00,2026-02-20,,,,True
a68a8317-1cf,u_02915,did_click_lp,"{""lp_name"": ""lp_academic_writing""}",2026-02-12 12:14:57+00:00,2026-02-12,lp_academic_writing,,,True
5602839b-d46,u_02916,did_click_lp,"{""lp_name"": ""lp_business_emails""}",2026-02-02 14:40:45+00:00,2026-02-02,lp_business_emails,,,True
0a8078f3-009,u_02916,did_install_grammarly,{},2026-02-02 14:42:45+00:00,2026-02-02,,,,True
49f414e0-400,u_02917,did_click_lp,"{""lp_name"": ""lp_academic_writing""}",2026-02-07 14:44:03+00:00,2026-02-07,lp_academic_writing,,,True
1697e23c-d5d,u_02918,did_click_lp,"{""lp_name"": ""lp_academic_writing""}",2026-02-11 07:59:36+00:00,2026-02-11,lp_academic_writing,,,True
82dcfd19-a0a,u_02919,did_click_lp,"{""lp_name"": ""lp_business_emails""}",2026-02-03 11:29:49+00:00,2026-02-03,lp_business_emails,,,True
684def3d-f0e,u_02920,did_click_lp,"{""lp_name"": ""lp_academic_writing""}",2026-02-22 07:00:57+00:00,2026-02-22,lp_academic_writing,,,True
5c218534-e1a,u_02921,did_click_lp,"{""lp_name"": ""lp_business_emails""}",2026-02-19 14:10:33+00:00,2026-02-19,lp_business_emails,,,True
6bf1dd2f-623,u_02921,did_install_grammarly,{},2026-02-19 14:20:33+00:00,2026-02-19,,,,True
9bf5113a-b9c,u_02922,did_click_lp,"{""lp_name"": ""lp_business_emails""}",2026-02-13 21:50:31+00:00,2026-02-13,lp_business_emails,,,True
e47efd10-6fb,u_02922,did_click_lp,"{""lp_name"": ""lp_academic_writing""}",2026-02-16 21:29:09+00:00,2026-02-16,lp_academic_writing,,,True
d669f00f-1ba,u_02923,did_click_lp,"{""lp_name"": ""lp_business_emails""}",2026-02-10 20:27:25+00:00,2026-02-10,lp_business_emails,,,True
d19ce91e-73f,u_02924,did_click_lp,"{""lp_name"": ""lp_business_emails""}",2026-02-19 06:35:05+00:00,2026-02-19,lp_business_emails,,,True
4ba4e332-36d,u_02925,did_click_lp,"{""lp_name"": ""lp_academic_writing""}",2026-02-01 08:10:37+00:00,2026-02-01,lp_academic_writing,,,True
7afdf463-b82,u_02925,did_install_grammarly,{},2026-02-01 08:16:37+00:00,2026-02-01,,,,True
64bc18f5-e32,u_02925,try_grammarly,"{""product_feature"": ""academic_citation_helper""}",2026-02-01 09:05:37+00:00,2026-02-01,,academic_citation_helper,,True
96e68c14-96b,u_02925,try_grammarly,"{""product_feature"": ""academic_citation_helper""}",2026-02-02 05:03:17+00:00,2026-02-02,,academic_citation_helper,,True
b375c68c-49f,u_02925,try_grammarly,"{""product_feature"": ""academic_citation_helper""}",2026-02-03 20:58:22+00:00,2026-02-03,,academic_citation_helper,,True
61873662-537,u_02925,try_grammarly,"{""product_feature"": ""academic_citation_helper""}",2026-02-05 16:40:59+00:00,2026-02-05,,academic_citation_helper,,True
270adcf0-56d,u_02926,did_click_lp,"{""lp_name"": ""lp_business_emails""}",2026-02-05 04:01:51+00:00,2026-02-05,lp_business_emails,,,True
c258117d-128,u_02927,did_click_lp,"{""lp_name"": ""lp_academic_writing""}",2026-02-21 16:23:31+00:00,2026-02-21,lp_academic_writing,,,True
5640b69e-3fe,u_02928,did_click_lp,"{""lp_name"": ""lp_business_emails""}",2026-02-27 21:42:03+00:00,2026-02-27,lp_business_emails,,,True
fe875dd2-436,u_02928,did_install_grammarly,{},2026-02-27 21:56:03+00:00,2026-02-27,,,,True
f5892c9d-8d1,u_02929,did_click_lp,"{""lp_name"": ""lp_academic_writing""}",2026-02-01 13:04:31+00:00,2026-02-01,lp_academic_writing,,,True
08adfa5e-86f,u_02930,did_click_lp,"{""lp_name"": ""lp_business_emails""}",2026-02-20 00:47:36+00:00,2026-02-20,lp_business_emails,,,True
78e6fd5c-d5e,u_02930,did_install_grammarly,{},2026-02-20 00:54:36+00:00,2026-02-20,,,,True
91b6a91b-ce0,u_02930,try_grammarly,"{""product_feature"": ""smart_email_reply""}",2026-02-20 01:27:36+00:00,2026-02-20,,smart_email_reply,,True
d7a0047f-0ee,u_02931,did_click_lp,"{""lp_name"": ""lp_academic_writing""}",2026-02-23 18:53:31+00:00,2026-02-23,lp_academic_writing,,,True
4fdbe3f6-05b,u_02931,did_install_grammarly,{},2026-02-23 19:03:31+00:00,2026-02-23,,,,True
c35130ff-c3b,u_02931,try_grammarly,"{""product_feature"": ""academic_citation_helper""}",2026-02-23 19:43:31+00:00,2026-02-23,,academic_citation_helper,,True
c533c7d0-5c1,u_02931,try_grammarly,"{""product_feature"": ""academic_citation_helper""}",2026-02-24 14:11:19+00:00,2026-02-24,,academic_citation_helper,,True
c9d8a655-2b3,u_02932,did_click_lp,"{""lp_name"": ""lp_business_emails""}",2026-02-13 06:26:20+00:00,2026-02-13,lp_business_emails,,,True
7ba7690a-221,u_02932,did_install_grammarly,{},2026-02-13 06:38:20+00:00,2026-02-13,,,,True
49173c7c-b83,u_02933,did_click_lp,"{""lp_name"": ""lp_business_emails""}",2026-02-26 02:27:13+00:00,2026-02-26,lp_business_emails,,,True
71a526a2-236,u_02934,did_click_lp,"{""lp_name"": ""lp_business_emails""}",2026-02-08 02:39:06+00:00,2026-02-08,lp_business_emails,,,True
f9fcce33-d08,u_02935,did_click_lp,"{""lp_name"": ""lp_academic_writing""}",2026-02-09 21:31:16+00:00,2026-02-09,lp_academic_writing,,,True
bb7b2ef9-172,u_02935,did_install_grammarly,{},2026-02-09 21:32:16+00:00,2026-02-09,,,,True
5cda6bdc-f83,u_02936,did_click_lp,"{""lp_name"": ""lp_business_emails""}",2026-02-27 05:12:49+00:00,2026-02-27,lp_business_emails,,,True
a1eceb69-81f,u_02936,did_install_grammarly,{},2026-02-27 05:16:49+00:00,2026-02-27,,,,True
f0cb52af-b3e,u_02936,try_grammarly,"{""product_feature"": ""smart_email_reply""}",2026-02-27 05:51:49+00:00,2026-02-27,,smart_email_reply,,True
80e7c17c-25c,u_02937,did_click_lp,"{""lp_name"": ""lp_business_emails""}",2026-02-07 08:01:42+00:00,2026-02-07,lp_business_emails,,,True
7823bda8-d7e,u_02937,did_install_grammarly,{},2026-02-07 08:15:42+00:00,2026-02-07,,,,True
8845e59f-296,u_02937,try_grammarly,"{""product_feature"": ""smart_email_reply""}",2026-02-07 09:02:42+00:00,2026-02-07,,smart_email_reply,,True
af3e94bf-5e2,u_02938,did_click_lp,"{""lp_name"": ""lp_academic_writing""}",2026-02-17 17:46:20+00:00,2026-02-17,lp_academic_writing,,,True
b2bc984c-e93,u_02939,did_click_lp,"{""lp_name"": ""lp_business_emails""}",2026-02-09 13:44:00+00:00,2026-02-09,lp_business_emails,,,True
9f7f9e21-a82,u_02940,did_click_lp,"{""lp_name"": ""lp_business_emails""}",2026-02-22 17:04:21+00:00,2026-02-22,lp_business_emails,,,True
f1b1e1ce-2fb,u_02940,did_install_grammarly,{},2026-02-22 17:07:21+00:00,2026-02-22,,,,True
ccff8cbe-dae,u_02940,try_grammarly,"{""product_feature"": ""smart_email_reply""}",2026-02-22 18:02:21+00:00,2026-02-22,,smart_email_reply,,True
eea6348e-7b8,u_02941,did_click_lp,"{""lp_name"": ""lp_business_emails""}",2026-02-08 11:43:36+00:00,2026-02-08,lp_business_emails,,,True
a64169a3-cf9,u_02941,did_install_grammarly,{},2026-02-08 11:44:36+00:00,2026-02-08,,,,True
8ccac187-37e,u_02941,try_grammarly,"{""product_feature"": ""smart_email_reply""}",2026-02-08 11:51:36+00:00,2026-02-08,,smart_email_reply,,True
25c3a5f7-aa5,u_02941,try_grammarly,"{""product_feature"": ""smart_email_reply""}",2026-02-10 15:36:36+00:00,2026-02-10,,smart_email_reply,,True
1e5d9069-e09,u_02941,try_grammarly,"{""product_feature"": ""smart_email_reply""}",2026-02-12 12:36:27+00:00,2026-02-12,,smart_email_reply,,True
f640c2ec-baf,u_02942,did_click_lp,"{""lp_name"": ""lp_academic_writing""}",2026-02-22 04:05:46+00:00,2026-02-22,lp_academic_writing,,,True
f379e456-684,u_02942,did_install_grammarly,{},2026-02-22 04:15:46+00:00,2026-02-22,,,,True
efb6cd95-575,u_02943,did_click_lp,"{""lp_name"": ""lp_business_emails""}",2026-02-06 21:06:05+00:00,2026-02-06,lp_business_emails,,,True
c1aefbde-e1e,u_02944,did_click_lp,"{""lp_name"": ""lp_business_emails""}",2026-02-19 09:44:57+00:00,2026-02-19,lp_business_emails,,,True
9d9e9881-25e,u_02945,did_click_lp,"{""lp_name"": ""lp_academic_writing""}",2026-02-08 09:08:38+00:00,2026-02-08,lp_academic_writing,,,True
5a0c8b5b-002,u_02945,did_install_grammarly,{},2026-02-08 09:10:38+00:00,2026-02-08,,,,True
7f0d62d9-82f,u_02946,did_click_lp,"{""lp_name"": ""lp_business_emails""}",2026-02-08 14:46:04+00:00,2026-02-08,lp_business_emails,,,True
ec99964e-5f5,u_02946,did_install_grammarly,{},2026-02-08 14:47:04+00:00,2026-02-08,,,,True
dbf46b97-7e8,u_02947,did_click_lp,"{""lp_name"": ""lp_business_emails""}",2026-02-27 03:29:51+00:00,2026-02-27,lp_business_emails,,,True
90cdf082-dea,u_02947,did_install_grammarly,{},2026-02-27 03:40:51+00:00,2026-02-27,,,,True
b5e3f6d6-3c7,u_02948,did_click_lp,"{""lp_name"": ""lp_business_emails""}",2026-02-11 13:17:03+00:00,2026-02-11,lp_business_emails,,,True
1b337f6e-91d,u_02949,did_click_lp,"{""lp_name"": ""lp_academic_writing""}",2026-02-16 18:55:54+00:00,2026-02-16,lp_academic_writing,,,True
f419f447-15c,u_02949,did_install_grammarly,{},2026-02-16 18:58:54+00:00,2026-02-16,,,,True
3b1ffecd-2dd,u_02949,try_grammarly,"{""product_feature"": ""academic_citation_helper""}",2026-02-16 19:32:54+00:00,2026-02-16,,academic_citation_helper,,True
9451c280-0a6,u_02949,try_grammarly,"{""product_feature"": ""academic_citation_helper""}",2026-02-17 20:05:45+00:00,2026-02-17,,academic_citation_helper,,True
7ad3a4e0-4d2,u_02949,try_grammarly,"{""product_feature"": ""academic_citation_helper""}",2026-02-18 06:51:43+00:00,2026-02-18,,academic_citation_helper,,True
1abe0af6-bea,u_02950,did_click_lp,"{""lp_name"": ""lp_academic_writing""}",2026-02-06 06:36:31+00:00,2026-02-06,lp_academic_writing,,,True
310a3820-c79,u_02951,did_click_lp,"{""lp_name"": ""lp_business_emails""}",2026-02-13 00:04:12+00:00,2026-02-13,lp_business_emails,,,True
23cc59ca-d33,u_02952,did_click_lp,"{""lp_name"": ""lp_academic_writing""}",2026-02-26 21:42:05+00:00,2026-02-26,lp_academic_writing,,,True
f1e4e234-83b,u_02953,did_click_lp,"{""lp_name"": ""lp_business_emails""}",2026-02-10 17:45:20+00:00,2026-02-10,lp_business_emails,,,True
1b813aef-af5,u_02954,did_click_lp,"{""lp_name"": ""lp_academic_writing""}",2026-02-04 10:23:56+00:00,2026-02-04,lp_academic_writing,,,True
5b9767e7-6f6,u_02954,did_install_grammarly,{},2026-02-04 10:30:56+00:00,2026-02-04,,,,True
7d914a25-0f0,u_02955,did_click_lp,"{""lp_name"": ""lp_business_emails""}",2026-02-08 16:20:56+00:00,2026-02-08,lp_business_emails,,,True
58c81feb-b10,u_02955,did_install_grammarly,{},2026-02-08 16:33:56+00:00,2026-02-08,,,,True
12ac1506-9c6,u_02956,did_click_lp,"{""lp_name"": ""lp_academic_writing""}",2026-02-28 07:47:41+00:00,2026-02-28,lp_academic_writing,,,True
7058bc10-94f,u_02957,did_click_lp,"{""lp_name"": ""lp_academic_writing""}",2026-02-11 07:35:04+00:00,2026-02-11,lp_academic_writing,,,True
442e6e68-f60,u_02957,did_install_grammarly,{},2026-02-11 07:45:04+00:00,2026-02-11,,,,True
d96ffd38-6be,u_02957,try_grammarly,"{""product_feature"": ""academic_citation_helper""}",2026-02-11 08:03:04+00:00,2026-02-11,,academic_citation_helper,,True
f7988ce4-555,u_02957,try_grammarly,"{""product_feature"": ""academic_citation_helper""}",2026-02-12 08:45:38+00:00,2026-02-12,,academic_citation_helper,,True
007048dd-8d7,u_02957,did_click_lp,"{""lp_name"": ""lp_academic_writing""}",2026-02-14 08:01:36+00:00,2026-02-14,lp_academic_writing,,,True
f7d51708-4f0,u_02958,did_click_lp,"{""lp_name"": ""lp_business_emails""}",2026-02-07 04:17:54+00:00,2026-02-07,lp_business_emails,,,True
b1f7f80a-769,u_02959,did_click_lp,"{""lp_name"": ""lp_business_emails""}",2026-02-26 07:49:05+00:00,2026-02-26,lp_business_emails,,,True
9548b1c0-b55,u_02960,did_click_lp,"{""lp_name"": ""lp_academic_writing""}",2026-02-24 16:39:10+00:00,2026-02-24,lp_academic_writing,,,True
673a6c3f-959,u_02960,did_install_grammarly,{},2026-02-24 16:46:10+00:00,2026-02-24,,,,True
f6fd31f2-f80,u_02960,try_grammarly,"{""product_feature"": ""academic_citation_helper""}",2026-02-24 17:01:10+00:00,2026-02-24,,academic_citation_helper,,True
9f064f15-443,u_02961,did_click_lp,"{""lp_name"": ""lp_business_emails""}",2026-02-16 11:37:23+00:00,2026-02-16,lp_business_emails,,,True
534388a8-183,u_02961,did_install_grammarly,{},2026-02-16 11:48:23+00:00,2026-02-16,,,,True
0cee7531-4f8,u_02962,did_click_lp,"{""lp_name"": ""lp_business_emails""}",2026-02-03 10:46:17+00:00,2026-02-03,lp_business_emails,,,True
74a2a771-d27,u_02962,did_click_lp,"{""lp_name"": ""lp_academic_writing""}",2026-02-06 16:47:07+00:00,2026-02-06,lp_academic_writing,,,True
529a7818-b13,u_02962,did_install_grammarly,{},2026-02-06 16:55:07+00:00,2026-02-06,,,,True
9acb11fa-ae5,u_02963,did_click_lp,"{""lp_name"": ""lp_academic_writing""}",2026-02-03 20:29:59+00:00,2026-02-03,lp_academic_writing,,,True
f166258a-c1b,u_02964,did_click_lp,"{""lp_name"": ""lp_academic_writing""}",2026-02-26 11:52:09+00:00,2026-02-26,lp_academic_writing,,,True
fba3c0cb-771,u_02964,did_install_grammarly,{},2026-02-26 11:56:09+00:00,2026-02-26,,,,True
f0da63b0-41b,u_02965,did_click_lp,"{""lp_name"": ""lp_business_emails""}",2026-02-06 15:48:14+00:00,2026-02-06,lp_business_emails,,,True
4a0a8dd5-ce8,u_02965,did_install_grammarly,{},2026-02-06 15:59:14+00:00,2026-02-06,,,,True
57c7ca65-0b3,u_02966,did_click_lp,"{""lp_name"": ""lp_academic_writing""}",2026-02-13 07:39:47+00:00,2026-02-13,lp_academic_writing,,,True
b3bb92d9-3e8,u_02967,did_click_lp,"{""lp_name"": ""lp_business_emails""}",2026-02-07 12:22:12+00:00,2026-02-07,lp_business_emails,,,True
4a205be2-24a,u_02968,did_click_lp,"{""lp_name"": ""lp_academic_writing""}",2026-02-24 17:36:04+00:00,2026-02-24,lp_academic_writing,,,True
63388b37-9a6,u_02968,did_install_grammarly,{},2026-02-24 17:43:04+00:00,2026-02-24,,,,True
65b3247d-86a,u_02969,did_click_lp,"{""lp_name"": ""lp_academic_writing""}",2026-02-22 12:51:19+00:00,2026-02-22,lp_academic_writing,,,True
3017d12a-e1a,u_02969,did_install_grammarly,{},2026-02-22 12:54:19+00:00,2026-02-22,,,,True
8083fcac-c63,u_02969,try_grammarly,"{""product_feature"": ""academic_citation_helper""}",2026-02-22 13:06:19+00:00,2026-02-22,,academic_citation_helper,,True
a7542b6f-6ea,u_02970,did_click_lp,"{""lp_name"": ""lp_business_emails""}",2026-02-12 04:49:44+00:00,2026-02-12,lp_business_emails,,,True
8e5822c7-a4d,u_02971,did_click_lp,"{""lp_name"": ""lp_academic_writing""}",2026-02-19 19:17:51+00:00,2026-02-19,lp_academic_writing,,,True
0748ee6b-068,u_02972,did_click_lp,"{""lp_name"": ""lp_academic_writing""}",2026-02-13 16:46:59+00:00,2026-02-13,lp_academic_writing,,,True
5c16e7ef-e8b,u_02973,did_click_lp,"{""lp_name"": ""lp_business_emails""}",2026-02-08 01:29:45+00:00,2026-02-08,lp_business_emails,,,True
6b0d7d6a-3c4,u_02973,did_install_grammarly,{},2026-02-08 01:31:45+00:00,2026-02-08,,,,True
c89955f4-f3c,u_02974,did_click_lp,"{""lp_name"": ""lp_academic_writing""}",2026-02-10 07:06:03+00:00,2026-02-10,lp_academic_writing,,,True
0c5ddc0a-de7,u_02974,did_install_grammarly,{},2026-02-10 07:15:03+00:00,2026-02-10,,,,True
9cfed7da-659,u_02975,did_click_lp,"{""lp_name"": ""lp_academic_writing""}",2026-02-02 16:09:07+00:00,2026-02-02,lp_academic_writing,,,True
bf969ec7-d16,u_02975,did_install_grammarly,{},2026-02-02 16:15:07+00:00,2026-02-02,,,,True
428d220c-a89,u_02975,try_grammarly,"{""product_feature"": ""academic_citation_helper""}",2026-02-02 16:51:07+00:00,2026-02-02,,academic_citation_helper,,True
0145fe71-c70,u_02975,try_grammarly,"{""product_feature"": ""academic_citation_helper""}",2026-02-03 04:09:50+00:00,2026-02-03,,academic_citation_helper,,True
43b147d9-dcf,u_02975,try_grammarly,"{""product_feature"": ""academic_citation_helper""}",2026-02-04 01:59:57+00:00,2026-02-04,,academic_citation_helper,,True
9c974ce3-d42,u_02975,try_grammarly,"{""product_feature"": ""academic_citation_helper""}",2026-02-06 06:11:52+00:00,2026-02-06,,academic_citation_helper,,True
ed6df80f-c5c,u_02976,did_click_lp,"{""lp_name"": ""lp_academic_writing""}",2026-02-10 19:14:50+00:00,2026-02-10,lp_academic_writing,,,True
30850f52-62d,u_02976,did_install_grammarly,{},2026-02-10 19:20:50+00:00,2026-02-10,,,,True
59b0236c-b12,u_02976,try_grammarly,"{""product_feature"": ""academic_citation_helper""}",2026-02-10 20:00:50+00:00,2026-02-10,,academic_citation_helper,,True
df918a44-517,u_02976,try_grammarly,"{""product_feature"": ""academic_citation_helper""}",2026-02-11 07:10:45+00:00,2026-02-11,,academic_citation_helper,,True
e0559a14-1d1,u_02977,did_click_lp,"{""lp_name"": ""lp_academic_writing""}",2026-02-05 22:25:28+00:00,2026-02-05,lp_academic_writing,,,True
080372f6-439,u_02978,did_click_lp,"{""lp_name"": ""lp_academic_writing""}",2026-02-13 12:47:02+00:00,2026-02-13,lp_academic_writing,,,True
50db78b9-d09,u_02979,did_click_lp,"{""lp_name"": ""lp_business_emails""}",2026-02-14 08:54:10+00:00,2026-02-14,lp_business_emails,,,True
e7e217de-fad,u_02980,did_click_lp,"{""lp_name"": ""lp_academic_writing""}",2026-02-23 10:53:39+00:00,2026-02-23,lp_academic_writing,,,True
dad3f0ca-184,u_02980,did_install_grammarly,{},2026-02-23 11:01:39+00:00,2026-02-23,,,,True
42732303-e0a,u_02981,did_click_lp,"{""lp_name"": ""lp_business_emails""}",2026-02-18 22:10:43+00:00,2026-02-18,lp_business_emails,,,True
5c881689-339,u_02982,did_click_lp,"{""lp_name"": ""lp_business_emails""}",2026-02-11 11:45:59+00:00,2026-02-11,lp_business_emails,,,True
cc953f82-90c,u_02982,did_install_grammarly,{},2026-02-11 11:51:59+00:00,2026-02-11,,,,True
4b5f8b67-563,u_02983,did_click_lp,"{""lp_name"": ""lp_academic_writing""}",2026-02-17 01:27:33+00:00,2026-02-17,lp_academic_writing,,,True
e7c3bb80-179,u_02983,did_install_grammarly,{},2026-02-17 01:29:33+00:00,2026-02-17,,,,True
c4cd4cf5-1a6,u_02983,try_grammarly,"{""product_feature"": ""academic_citation_helper""}",2026-02-17 01:49:33+00:00,2026-02-17,,academic_citation_helper,,True
6f410aa3-fa7,u_02983,try_grammarly,"{""product_feature"": ""academic_citation_helper""}",2026-02-18 00:44:46+00:00,2026-02-18,,academic_citation_helper,,True
17d60bd9-69b,u_02983,try_grammarly,"{""product_feature"": ""academic_citation_helper""}",2026-02-19 06:08:22+00:00,2026-02-19,,academic_citation_helper,,True
7e4f70d1-02f,u_02983,try_grammarly,"{""product_feature"": ""academic_citation_helper""}",2026-02-22 02:01:30+00:00,2026-02-22,,academic_citation_helper,,True
e4ef650a-60d,u_02984,did_click_lp,"{""lp_name"": ""lp_business_emails""}",2026-02-01 01:41:53+00:00,2026-02-01,lp_business_emails,,,True
11010495-63b,u_02985,did_click_lp,"{""lp_name"": ""lp_business_emails""}",2026-02-11 12:43:07+00:00,2026-02-11,lp_business_emails,,,True
c842fc7b-c2c,u_02986,did_click_lp,"{""lp_name"": ""lp_academic_writing""}",2026-02-22 05:26:35+00:00,2026-02-22,lp_academic_writing,,,True
ccd1c7d0-e8b,u_02987,did_click_lp,"{""lp_name"": ""lp_business_emails""}",2026-02-28 05:05:10+00:00,2026-02-28,lp_business_emails,,,True
fee6bd27-237,u_02988,did_click_lp,"{""lp_name"": ""lp_academic_writing""}",2026-02-27 20:59:47+00:00,2026-02-27,lp_academic_writing,,,True
50e267ee-46b,u_02988,did_install_grammarly,{},2026-02-27 21:03:47+00:00,2026-02-27,,,,True
7ba293fe-da9,u_02988,try_grammarly,"{""product_feature"": ""academic_citation_helper""}",2026-02-27 21:19:47+00:00,2026-02-27,,academic_citation_helper,,True
127b6a69-464,u_02988,try_grammarly,"{""product_feature"": ""academic_citation_helper""}",2026-02-28 19:39:17+00:00,2026-02-28,,academic_citation_helper,,True
a29ed9db-0eb,u_02989,did_click_lp,"{""lp_name"": ""lp_business_emails""}",2026-02-12 13:53:58+00:00,2026-02-12,lp_business_emails,,,True
fc88be56-ae5,u_02990,did_click_lp,"{""lp_name"": ""lp_academic_writing""}",2026-02-19 01:54:48+00:00,2026-02-19,lp_academic_writing,,,True
d0bc7e78-b26,u_02991,did_click_lp,"{""lp_name"": ""lp_academic_writing""}",2026-02-26 11:18:07+00:00,2026-02-26,lp_academic_writing,,,True
00c026b9-856,u_02992,did_click_lp,"{""lp_name"": ""lp_academic_writing""}",2026-02-17 16:48:09+00:00,2026-02-17,lp_academic_writing,,,True
85520129-c5b,u_02992,did_install_grammarly,{},2026-02-17 16:54:09+00:00,2026-02-17,,,,True
2e795858-8e7,u_02992,try_grammarly,"{""product_feature"": ""academic_citation_helper""}",2026-02-17 17:12:09+00:00,2026-02-17,,academic_citation_helper,,True
5c9acc6c-5d8,u_02992,try_grammarly,"{""product_feature"": ""academic_citation_helper""}",2026-02-18 04:14:05+00:00,2026-02-18,,academic_citation_helper,,True
723db2b0-b25,u_02993,did_click_lp,"{""lp_name"": ""lp_academic_writing""}",2026-02-06 18:35:54+00:00,2026-02-06,lp_academic_writing,,,True
e5d1865e-715,u_02993,did_install_grammarly,{},2026-02-06 18:42:54+00:00,2026-02-06,,,,True
575ffb52-b71,u_02994,did_click_lp,"{""lp_name"": ""lp_business_emails""}",2026-02-10 09:34:44+00:00,2026-02-10,lp_business_emails,,,True
2a24c4c2-9c3,u_02995,did_click_lp,"{""lp_name"": ""lp_business_emails""}",2026-02-18 11:00:30+00:00,2026-02-18,lp_business_emails,,,True
158a0eff-668,u_02995,did_install_grammarly,{},2026-02-18 11:02:30+00:00,2026-02-18,,,,True
8f75783a-198,u_02995,try_grammarly,"{""product_feature"": ""smart_email_reply""}",2026-02-18 11:48:30+00:00,2026-02-18,,smart_email_reply,,True
43377500-e7c,u_02996,did_click_lp,"{""lp_name"": ""lp_academic_writing""}",2026-02-08 03:09:02+00:00,2026-02-08,lp_academic_writing,,,True
c3f64710-169,u_02996,did_click_lp,"{""lp_name"": ""lp_academic_writing""}",2026-02-13 19:43:22+00:00,2026-02-13,lp_academic_writing,,,True
3aea0873-4a3,u_02997,did_click_lp,"{""lp_name"": ""lp_business_emails""}",2026-02-16 06:26:31+00:00,2026-02-16,lp_business_emails,,,True
633602fd-fdc,u_02997,did_install_grammarly,{},2026-02-16 06:31:31+00:00,2026-02-16,,,,True
13bb2164-ab5,u_02998,did_click_lp,"{""lp_name"": ""lp_business_emails""}",2026-02-05 12:13:42+00:00,2026-02-05,lp_business_emails,,,True
8a4c0564-fbd,u_02999,did_click_lp,"{""lp_name"": ""lp_business_emails""}",2026-02-01 21:08:37+00:00,2026-02-01,lp_business_emails,,,True
bbc2b302-e14,u_03000,did_click_lp,"{""lp_name"": ""lp_business_emails""}",2026-02-07 21:31:27+00:00,2026-02-07,lp_business_emails,,,True
87b6aa12-8d6,u_03001,did_click_lp,"{""lp_name"": ""lp_academic_writing""}",2026-02-18 19:12:04+00:00,2026-02-18,lp_academic_writing,,,True
f5460f7e-12c,u_03002,did_click_lp,"{""lp_name"": ""lp_business_emails""}",2026-02-04 23:27:51+00:00,2026-02-04,lp_business_emails,,,True
16b7e07c-189,u_03002,did_install_grammarly,{},2026-02-04 23:41:51+00:00,2026-02-04,,,,True
e9306824-728,u_03003,did_click_lp,"{""lp_name"": ""lp_business_emails""}",2026-02-27 21:27:09+00:00,2026-02-27,lp_business_emails,,,True
e1e9ebc7-49e,u_03004,did_click_lp,"{""lp_name"": ""lp_business_emails""}",2026-02-15 11:43:13+00:00,2026-02-15,lp_business_emails,,,True
7432059b-bff,u_03005,did_click_lp,"{""lp_name"": ""lp_academic_writing""}",2026-02-18 16:07:16+00:00,2026-02-18,lp_academic_writing,,,True
054f8bc5-4b8,u_03006,did_click_lp,"{""lp_name"": ""lp_academic_writing""}",2026-02-13 22:02:15+00:00,2026-02-13,lp_academic_writing,,,True
19744e63-2e0,u_03007,did_click_lp,"{""lp_name"": ""lp_academic_writing""}",2026-02-27 06:31:17+00:00,2026-02-27,lp_academic_writing,,,True
d5aee72e-ec2,u_03007,did_install_grammarly,{},2026-02-27 06:36:17+00:00,2026-02-27,,,,True
dc597cd9-3d9,u_03007,try_grammarly,"{""product_feature"": ""academic_citation_helper""}",2026-02-27 07:17:17+00:00,2026-02-27,,academic_citation_helper,,True
4690a248-3c0,u_03007,try_grammarly,"{""product_feature"": ""academic_citation_helper""}",2026-02-28 15:50:21+00:00,2026-02-28,,academic_citation_helper,,True
cd4434a8-e23,u_03008,did_click_lp,"{""lp_name"": ""lp_academic_writing""}",2026-02-15 19:13:15+00:00,2026-02-15,lp_academic_writing,,,True
fb47b227-da9,u_03009,did_click_lp,"{""lp_name"": ""lp_business_emails""}",2026-02-12 20:48:56+00:00,2026-02-12,lp_business_emails,,,True
1637fbca-670,u_03010,did_click_lp,"{""lp_name"": ""lp_business_emails""}",2026-02-08 05:51:25+00:00,2026-02-08,lp_business_emails,,,True
c0724ba4-f53,u_03010,did_install_grammarly,{},2026-02-08 05:52:25+00:00,2026-02-08,,,,True
e28ee917-0cb,u_03011,did_click_lp,"{""lp_name"": ""lp_academic_writing""}",2026-02-15 09:36:08+00:00,2026-02-15,lp_academic_writing,,,True
fbf8e601-ef8,u_03012,did_click_lp,"{""lp_name"": ""lp_business_emails""}",2026-02-23 03:40:51+00:00,2026-02-23,lp_business_emails,,,True
3da6b4b6-da6,u_03012,did_install_grammarly,{},2026-02-23 03:44:51+00:00,2026-02-23,,,,True
99cc73f0-b32,u_03013,did_click_lp,"{""lp_name"": ""lp_academic_writing""}",2026-02-24 16:19:53+00:00,2026-02-24,lp_academic_writing,,,True
191bc694-da3,u_03014,did_click_lp,"{""lp_name"": ""lp_business_emails""}",2026-02-07 21:43:23+00:00,2026-02-07,lp_business_emails,,,True
e9c6fd96-04e,u_03015,did_click_lp,"{""lp_name"": ""lp_business_emails""}",2026-02-16 21:34:26+00:00,2026-02-16,lp_business_emails,,,True
e392af68-ede,u_03015,did_install_grammarly,{},2026-02-16 21:41:26+00:00,2026-02-16,,,,True
332311f9-ed3,u_03015,try_grammarly,"{""product_feature"": ""smart_email_reply""}",2026-02-16 22:00:26+00:00,2026-02-16,,smart_email_reply,,True
798e3b37-87f,u_03016,did_click_lp,"{""lp_name"": ""lp_academic_writing""}",2026-02-18 18:22:22+00:00,2026-02-18,lp_academic_writing,,,True
5b8ebfd9-63b,u_03017,did_click_lp,"{""lp_name"": ""lp_business_emails""}",2026-02-21 21:31:03+00:00,2026-02-21,lp_business_emails,,,True
2ec08eb2-1a0,u_03017,did_install_grammarly,{},2026-02-21 21:35:03+00:00,2026-02-21,,,,True
b22ad310-e3e,u_03018,did_click_lp,"{""lp_name"": ""lp_academic_writing""}",2026-02-20 07:45:18+00:00,2026-02-20,lp_academic_writing,,,True
4578e991-b2f,u_03019,did_click_lp,"{""lp_name"": ""lp_business_emails""}",2026-02-13 19:54:07+00:00,2026-02-13,lp_business_emails,,,True
d088afce-1eb,u_03019,did_install_grammarly,{},2026-02-13 19:58:07+00:00,2026-02-13,,,,True
b35b6112-6da,u_03019,try_grammarly,"{""product_feature"": ""smart_email_reply""}",2026-02-13 20:08:07+00:00,2026-02-13,,smart_email_reply,,True
06247cfe-e0b,u_03020,did_click_lp,"{""lp_name"": ""lp_business_emails""}",2026-02-05 15:18:24+00:00,2026-02-05,lp_business_emails,,,True
d54f91eb-7ed,u_03021,did_click_lp,"{""lp_name"": ""lp_business_emails""}",2026-02-13 14:37:25+00:00,2026-02-13,lp_business_emails,,,True
bc2f16bc-396,u_03021,did_install_grammarly,{},2026-02-13 14:43:25+00:00,2026-02-13,,,,True
16db5bba-354,u_03022,did_click_lp,"{""lp_name"": ""lp_academic_writing""}",2026-02-12 22:25:45+00:00,2026-02-12,lp_academic_writing,,,True
1ce8aabf-12b,u_03022,did_install_grammarly,{},2026-02-12 22:33:45+00:00,2026-02-12,,,,True
3f75c850-26e,u_03023,did_click_lp,"{""lp_name"": ""lp_academic_writing""}",2026-02-10 15:18:04+00:00,2026-02-10,lp_academic_writing,,,True
29759e0a-690,u_03024,did_click_lp,"{""lp_name"": ""lp_business_emails""}",2026-02-27 18:12:08+00:00,2026-02-27,lp_business_emails,,,True
c3bc012c-ae1,u_03024,did_install_grammarly,{},2026-02-27 18:15:08+00:00,2026-02-27,,,,True
dd0fe498-609,u_03025,did_click_lp,"{""lp_name"": ""lp_academic_writing""}",2026-02-21 23:24:49+00:00,2026-02-21,lp_academic_writing,,,True
2383e76d-76f,u_03026,did_click_lp,"{""lp_name"": ""lp_academic_writing""}",2026-02-21 07:29:18+00:00,2026-02-21,lp_academic_writing,,,True
a8be107d-adf,u_03026,did_install_grammarly,{},2026-02-21 07:30:18+00:00,2026-02-21,,,,True
43011f5b-08d,u_03026,try_grammarly,"{""product_feature"": ""academic_citation_helper""}",2026-02-21 07:46:18+00:00,2026-02-21,,academic_citation_helper,,True
eded0e85-e64,u_03027,did_click_lp,"{""lp_name"": ""lp_business_emails""}",2026-02-09 13:05:31+00:00,2026-02-09,lp_business_emails,,,True
5a4b44f6-bb7,u_03028,did_click_lp,"{""lp_name"": ""lp_business_emails""}",2026-02-15 04:09:47+00:00,2026-02-15,lp_business_emails,,,True
0ff9492c-342,u_03029,did_click_lp,"{""lp_name"": ""lp_business_emails""}",2026-02-23 07:48:58+00:00,2026-02-23,lp_business_emails,,,True
1cf8e00d-e84,u_03029,did_install_grammarly,{},2026-02-23 07:51:58+00:00,2026-02-23,,,,True
c622a601-ba6,u_03029,try_grammarly,"{""product_feature"": ""smart_email_reply""}",2026-02-23 08:02:58+00:00,2026-02-23,,smart_email_reply,,True
35778c73-5a1,u_03030,did_click_lp,"{""lp_name"": ""lp_business_emails""}",2026-02-13 23:16:45+00:00,2026-02-13,lp_business_emails,,,True
c98516f7-e44,u_03031,did_click_lp,"{""lp_name"": ""lp_academic_writing""}",2026-02-08 21:28:46+00:00,2026-02-08,lp_academic_writing,,,True
a036a53f-0dd,u_03032,did_click_lp,"{""lp_name"": ""lp_academic_writing""}",2026-02-02 12:24:26+00:00,2026-02-02,lp_academic_writing,,,True
f2e2e22d-78c,u_03033,did_click_lp,"{""lp_name"": ""lp_academic_writing""}",2026-02-06 13:10:42+00:00,2026-02-06,lp_academic_writing,,,True
15dfb5d2-adf,u_03033,did_click_lp,"{""lp_name"": ""lp_academic_writing""}",2026-02-20 00:03:49+00:00,2026-02-20,lp_academic_writing,,,True
1274091c-280,u_03033,did_install_grammarly,{},2026-02-20 00:07:49+00:00,2026-02-20,,,,True
506897f1-cbf,u_03034,did_click_lp,"{""lp_name"": ""lp_business_emails""}",2026-02-03 17:17:20+00:00,2026-02-03,lp_business_emails,,,True
7b88db86-6f6,u_03034,did_install_grammarly,{},2026-02-03 17:23:20+00:00,2026-02-03,,,,True
ca580fd6-ff0,u_03035,did_click_lp,"{""lp_name"": ""lp_business_emails""}",2026-02-16 10:38:56+00:00,2026-02-16,lp_business_emails,,,True
ae24e736-267,u_03036,did_click_lp,"{""lp_name"": ""lp_business_emails""}",2026-02-10 20:15:13+00:00,2026-02-10,lp_business_emails,,,True
53227cc9-e20,u_03037,did_click_lp,"{""lp_name"": ""lp_business_emails""}",2026-02-19 06:40:25+00:00,2026-02-19,lp_business_emails,,,True
72b3bf1d-f98,u_03038,did_click_lp,"{""lp_name"": ""lp_business_emails""}",2026-02-02 20:44:22+00:00,2026-02-02,lp_business_emails,,,True
bc176f85-faa,u_03039,did_click_lp,"{""lp_name"": ""lp_business_emails""}",2026-02-02 13:25:52+00:00,2026-02-02,lp_business_emails,,,True
5fb6b675-7c3,u_03040,did_click_lp,"{""lp_name"": ""lp_academic_writing""}",2026-02-27 02:29:51+00:00,2026-02-27,lp_academic_writing,,,True
ec006333-ff5,u_03041,did_click_lp,"{""lp_name"": ""lp_business_emails""}",2026-02-03 19:07:09+00:00,2026-02-03,lp_business_emails,,,True
ce2526cd-583,u_03042,did_click_lp,"{""lp_name"": ""lp_business_emails""}",2026-02-13 22:55:20+00:00,2026-02-13,lp_business_emails,,,True
c7fafd9c-a4a,u_03043,did_click_lp,"{""lp_name"": ""lp_academic_writing""}",2026-02-11 18:02:38+00:00,2026-02-11,lp_academic_writing,,,True
265ab06f-790,u_03044,did_click_lp,"{""lp_name"": ""lp_academic_writing""}",2026-02-24 18:16:03+00:00,2026-02-24,lp_academic_writing,,,True
3c5a721d-6f7,u_03045,did_click_lp,"{""lp_name"": ""lp_academic_writing""}",2026-02-09 02:59:09+00:00,2026-02-09,lp_academic_writing,,,True
e38a68ad-1b0,u_03046,did_click_lp,"{""lp_name"": ""lp_academic_writing""}",2026-02-03 22:42:40+00:00,2026-02-03,lp_academic_writing,,,True
4528a254-d26,u_03047,did_click_lp,"{""lp_name"": ""lp_academic_writing""}",2026-02-16 06:37:30+00:00,2026-02-16,lp_academic_writing,,,True
db8ae127-eb4,u_03048,did_click_lp,"{""lp_name"": ""lp_academic_writing""}",2026-02-19 15:45:23+00:00,2026-02-19,lp_academic_writing,,,True
c4c7d16e-9e3,u_03048,did_install_grammarly,{},2026-02-19 15:53:23+00:00,2026-02-19,,,,True
63af9f1c-67b,u_03049,did_click_lp,"{""lp_name"": ""lp_academic_writing""}",2026-02-14 05:31:58+00:00,2026-02-14,lp_academic_writing,,,True
b35f5598-cc8,u_03050,did_click_lp,"{""lp_name"": ""lp_academic_writing""}",2026-02-09 15:49:14+00:00,2026-02-09,lp_academic_writing,,,True
f1627886-34b,u_03051,did_click_lp,"{""lp_name"": ""lp_academic_writing""}",2026-02-22 19:30:07+00:00,2026-02-22,lp_academic_writing,,,True
57664626-e93,u_03051,did_install_grammarly,{},2026-02-22 19:39:07+00:00,2026-02-22,,,,True
0c42f177-a47,u_03052,did_click_lp,"{""lp_name"": ""lp_business_emails""}",2026-02-07 04:29:38+00:00,2026-02-07,lp_business_emails,,,True
93d3e08e-f87,u_03053,did_click_lp,"{""lp_name"": ""lp_academic_writing""}",2026-02-28 10:45:47+00:00,2026-02-28,lp_academic_writing,,,True
ea27b11d-579,u_03054,did_click_lp,"{""lp_name"": ""lp_business_emails""}",2026-02-01 18:23:59+00:00,2026-02-01,lp_business_emails,,,True
445757b5-667,u_03054,did_install_grammarly,{},2026-02-01 18:25:59+00:00,2026-02-01,,,,True
9b6226b5-bba,u_03055,did_click_lp,"{""lp_name"": ""lp_academic_writing""}",2026-02-04 23:54:13+00:00,2026-02-04,lp_academic_writing,,,True
d194a199-820,u_03056,did_click_lp,"{""lp_name"": ""lp_academic_writing""}",2026-02-18 15:39:46+00:00,2026-02-18,lp_academic_writing,,,True
486e9a94-4f0,u_03057,did_click_lp,"{""lp_name"": ""lp_academic_writing""}",2026-02-24 02:06:40+00:00,2026-02-24,lp_academic_writing,,,True
444da279-b7b,u_03058,did_click_lp,"{""lp_name"": ""lp_academic_writing""}",2026-02-11 08:33:36+00:00,2026-02-11,lp_academic_writing,,,True
810d6eb7-d37,u_03059,did_click_lp,"{""lp_name"": ""lp_academic_writing""}",2026-02-05 19:34:01+00:00,2026-02-05,lp_academic_writing,,,True
3c25db4d-4c8,u_03060,did_click_lp,"{""lp_name"": ""lp_business_emails""}",2026-02-25 22:58:03+00:00,2026-02-25,lp_business_emails,,,True
d2108e31-b17,u_03060,did_install_grammarly,{},2026-02-25 23:00:03+00:00,2026-02-25,,,,True
4037ae5d-40a,u_03060,try_grammarly,"{""product_feature"": ""smart_email_reply""}",2026-02-25 23:58:03+00:00,2026-02-25,,smart_email_reply,,True
35a30d18-aee,u_03061,did_click_lp,"{""lp_name"": ""lp_business_emails""}",2026-02-12 21:03:23+00:00,2026-02-12,lp_business_emails,,,True
ce330466-e37,u_03061,did_install_grammarly,{},2026-02-12 21:06:23+00:00,2026-02-12,,,,True
4f49dc76-17b,u_03062,did_click_lp,"{""lp_name"": ""lp_academic_writing""}",2026-02-15 15:20:41+00:00,2026-02-15,lp_academic_writing,,,True
4907bec4-aea,u_03063,did_click_lp,"{""lp_name"": ""lp_business_emails""}",2026-02-08 07:16:11+00:00,2026-02-08,lp_business_emails,,,True
9e7bea35-e7f,u_03064,did_click_lp,"{""lp_name"": ""lp_business_emails""}",2026-02-01 02:50:07+00:00,2026-02-01,lp_business_emails,,,True
9a20ada5-34b,u_03064,did_install_grammarly,{},2026-02-01 03:00:07+00:00,2026-02-01,,,,True
1794cfda-960,u_03064,try_grammarly,"{""product_feature"": ""smart_email_reply""}",2026-02-01 03:32:07+00:00,2026-02-01,,smart_email_reply,,True
3e56ce2c-7ff,u_03064,try_grammarly,"{""product_feature"": ""smart_email_reply""}",2026-02-03 01:01:47+00:00,2026-02-03,,smart_email_reply,,True
669b4d73-b3f,u_03065,did_click_lp,"{""lp_name"": ""lp_business_emails""}",2026-02-24 02:43:25+00:00,2026-02-24,lp_business_emails,,,True
4bdc6b09-2b4,u_03065,did_install_grammarly,{},2026-02-24 02:47:25+00:00,2026-02-24,,,,True
78458af7-80f,u_03065,try_grammarly,"{""product_feature"": ""smart_email_reply""}",2026-02-24 02:57:25+00:00,2026-02-24,,smart_email_reply,,True
8d26ab98-ddd,u_03066,did_click_lp,"{""lp_name"": ""lp_academic_writing""}",2026-02-14 02:31:40+00:00,2026-02-14,lp_academic_writing,,,True
5ee55ebf-8ac,u_03066,did_install_grammarly,{},2026-02-14 02:38:40+00:00,2026-02-14,,,,True
6ab29b2c-5bf,u_03066,try_grammarly,"{""product_feature"": ""academic_citation_helper""}",2026-02-14 03:03:40+00:00,2026-02-14,,academic_citation_helper,,True
166263c0-1dc,u_03066,try_grammarly,"{""product_feature"": ""academic_citation_helper""}",2026-02-15 14:51:10+00:00,2026-02-15,,academic_citation_helper,,True
c3331a1b-106,u_03066,try_grammarly,"{""product_feature"": ""academic_citation_helper""}",2026-02-16 00:57:11+00:00,2026-02-16,,academic_citation_helper,,True
b6fabefe-87e,u_03067,did_click_lp,"{""lp_name"": ""lp_business_emails""}",2026-02-08 01:56:26+00:00,2026-02-08,lp_business_emails,,,True
805b2cc1-dca,u_03068,did_click_lp,"{""lp_name"": ""lp_academic_writing""}",2026-02-01 19:07:55+00:00,2026-02-01,lp_academic_writing,,,True
1a0ed2ff-7ad,u_03069,did_click_lp,"{""lp_name"": ""lp_academic_writing""}",2026-02-12 11:12:21+00:00,2026-02-12,lp_academic_writing,,,True
46deee8b-bbf,u_03070,did_click_lp,"{""lp_name"": ""lp_academic_writing""}",2026-02-01 17:28:51+00:00,2026-02-01,lp_academic_writing,,,True
e027f50c-f94,u_03070,did_install_grammarly,{},2026-02-01 17:29:51+00:00,2026-02-01,,,,True
c3d95990-862,u_03070,try_grammarly,"{""product_feature"": ""academic_citation_helper""}",2026-02-01 17:47:51+00:00,2026-02-01,,academic_citation_helper,,True
c420b7cc-01b,u_03070,try_grammarly,"{""product_feature"": ""academic_citation_helper""}",2026-02-02 02:35:16+00:00,2026-02-02,,academic_citation_helper,,True
5f61b27e-db7,u_03071,did_click_lp,"{""lp_name"": ""lp_business_emails""}",2026-02-14 06:24:56+00:00,2026-02-14,lp_business_emails,,,True
23c711c9-c2a,u_03071,did_click_lp,"{""lp_name"": ""lp_academic_writing""}",2026-02-16 05:48:58+00:00,2026-02-16,lp_academic_writing,,,True
0e3e07ac-ad9,u_03072,did_click_lp,"{""lp_name"": ""lp_academic_writing""}",2026-02-20 14:17:44+00:00,2026-02-20,lp_academic_writing,,,True
23d9f526-0c8,u_03073,did_click_lp,"{""lp_name"": ""lp_academic_writing""}",2026-02-24 15:00:07+00:00,2026-02-24,lp_academic_writing,,,True
9170258d-70c,u_03074,did_click_lp,"{""lp_name"": ""lp_academic_writing""}",2026-02-17 11:38:34+00:00,2026-02-17,lp_academic_writing,,,True
8e23191e-75d,u_03075,did_click_lp,"{""lp_name"": ""lp_academic_writing""}",2026-02-03 05:28:48+00:00,2026-02-03,lp_academic_writing,,,True
0853e11a-fee,u_03076,did_click_lp,"{""lp_name"": ""lp_academic_writing""}",2026-02-05 17:15:49+00:00,2026-02-05,lp_academic_writing,,,True
3bae1825-81f,u_03077,did_click_lp,"{""lp_name"": ""lp_academic_writing""}",2026-02-14 00:38:19+00:00,2026-02-14,lp_academic_writing,,,True
29ddf71a-408,u_03077,did_click_lp,"{""lp_name"": ""lp_academic_writing""}",2026-02-21 11:05:33+00:00,2026-02-21,lp_academic_writing,,,True
7a0cbc81-5f2,u_03078,did_click_lp,"{""lp_name"": ""lp_academic_writing""}",2026-02-16 11:42:17+00:00,2026-02-16,lp_academic_writing,,,True
b9e75003-dca,u_03078,did_install_grammarly,{},2026-02-16 11:44:17+00:00,2026-02-16,,,,True
8601c98b-097,u_03078,try_grammarly,"{""product_feature"": ""academic_citation_helper""}",2026-02-16 12:16:17+00:00,2026-02-16,,academic_citation_helper,,True
81563adc-bcb,u_03078,try_grammarly,"{""product_feature"": ""academic_citation_helper""}",2026-02-17 09:29:07+00:00,2026-02-17,,academic_citation_helper,,True
bc6648dd-e6c,u_03078,try_grammarly,"{""product_feature"": ""academic_citation_helper""}",2026-02-18 00:37:19+00:00,2026-02-18,,academic_citation_helper,,True
490d90c7-40d,u_03078,try_grammarly,"{""product_feature"": ""academic_citation_helper""}",2026-02-21 21:39:28+00:00,2026-02-21,,academic_citation_helper,,True
90a985b1-372,u_03079,did_click_lp,"{""lp_name"": ""lp_academic_writing""}",2026-02-07 07:32:05+00:00,2026-02-07,lp_academic_writing,,,True
194626fb-b88,u_03080,did_click_lp,"{""lp_name"": ""lp_academic_writing""}",2026-02-12 07:29:20+00:00,2026-02-12,lp_academic_writing,,,True
975c7395-5c8,u_03081,did_click_lp,"{""lp_name"": ""lp_academic_writing""}",2026-02-01 12:54:28+00:00,2026-02-01,lp_academic_writing,,,True
a185bf9a-013,u_03082,did_click_lp,"{""lp_name"": ""lp_business_emails""}",2026-02-18 02:09:42+00:00,2026-02-18,lp_business_emails,,,True
bb225e26-09a,u_03082,did_install_grammarly,{},2026-02-18 02:18:42+00:00,2026-02-18,,,,True
e7c5d5a2-01b,u_03082,try_grammarly,"{""product_feature"": ""smart_email_reply""}",2026-02-18 03:09:42+00:00,2026-02-18,,smart_email_reply,,True
b793a077-c90,u_03082,try_grammarly,"{""product_feature"": ""smart_email_reply""}",2026-02-21 02:36:10+00:00,2026-02-21,,smart_email_reply,,True
a5bb9ad1-1cb,u_03083,did_click_lp,"{""lp_name"": ""lp_academic_writing""}",2026-02-20 21:57:52+00:00,2026-02-20,lp_academic_writing,,,True
6f9d9d97-8c7,u_03084,did_click_lp,"{""lp_name"": ""lp_business_emails""}",2026-02-08 09:00:51+00:00,2026-02-08,lp_business_emails,,,True
0f6dd8ac-1b2,u_03085,did_click_lp,"{""lp_name"": ""lp_business_emails""}",2026-02-05 01:13:04+00:00,2026-02-05,lp_business_emails,,,True
207fb434-eaa,u_03086,did_click_lp,"{""lp_name"": ""lp_academic_writing""}",2026-02-02 16:06:32+00:00,2026-02-02,lp_academic_writing,,,True
2ec4e8af-e2c,u_03087,did_click_lp,"{""lp_name"": ""lp_academic_writing""}",2026-02-10 13:42:06+00:00,2026-02-10,lp_academic_writing,,,True
55bf6e95-893,u_03088,did_click_lp,"{""lp_name"": ""lp_academic_writing""}",2026-02-17 04:31:00+00:00,2026-02-17,lp_academic_writing,,,True
c1d4c1c2-280,u_03089,did_click_lp,"{""lp_name"": ""lp_business_emails""}",2026-02-23 15:27:26+00:00,2026-02-23,lp_business_emails,,,True
c3403330-d1a,u_03089,did_install_grammarly,{},2026-02-23 15:38:26+00:00,2026-02-23,,,,True
f070301e-7a6,u_03090,did_click_lp,"{""lp_name"": ""lp_academic_writing""}",2026-02-08 12:21:34+00:00,2026-02-08,lp_academic_writing,,,True
3b1de6c0-12e,u_03090,did_install_grammarly,{},2026-02-08 12:29:34+00:00,2026-02-08,,,,True
a77cc732-7ba,u_03091,did_click_lp,"{""lp_name"": ""lp_business_emails""}",2026-02-18 05:51:32+00:00,2026-02-18,lp_business_emails,,,True
daea07cf-75b,u_03092,did_click_lp,"{""lp_name"": ""lp_business_emails""}",2026-02-07 08:45:09+00:00,2026-02-07,lp_business_emails,,,True
63a822dd-cd0,u_03092,did_install_grammarly,{},2026-02-07 08:58:09+00:00,2026-02-07,,,,True
1af26f0c-635,u_03092,try_grammarly,"{""product_feature"": ""smart_email_reply""}",2026-02-07 09:16:09+00:00,2026-02-07,,smart_email_reply,,True
4b34f0e0-886,u_03093,did_click_lp,"{""lp_name"": ""lp_business_emails""}",2026-02-01 10:22:52+00:00,2026-02-01,lp_business_emails,,,True
37fbcd3f-8e5,u_03094,did_click_lp,"{""lp_name"": ""lp_academic_writing""}",2026-02-21 19:40:14+00:00,2026-02-21,lp_academic_writing,,,True
15fe5b85-87b,u_03095,did_click_lp,"{""lp_name"": ""lp_academic_writing""}",2026-02-09 12:45:22+00:00,2026-02-09,lp_academic_writing,,,True
e5c3d11a-faf,u_03095,did_install_grammarly,{},2026-02-09 12:48:22+00:00,2026-02-09,,,,True
7e023e9d-771,u_03096,did_click_lp,"{""lp_name"": ""lp_academic_writing""}",2026-02-15 09:10:46+00:00,2026-02-15,lp_academic_writing,,,True
98036320-0e8,u_03096,did_install_grammarly,{},2026-02-15 09:17:46+00:00,2026-02-15,,,,True
dda1618c-cdd,u_03096,try_grammarly,"{""product_feature"": ""academic_citation_helper""}",2026-02-15 09:37:46+00:00,2026-02-15,,academic_citation_helper,,True
724c81ea-1fd,u_03096,try_grammarly,"{""product_feature"": ""academic_citation_helper""}",2026-02-16 18:28:40+00:00,2026-02-16,,academic_citation_helper,,True
1c22c800-c57,u_03096,try_grammarly,"{""product_feature"": ""academic_citation_helper""}",2026-02-17 15:05:23+00:00,2026-02-17,,academic_citation_helper,,True
06a672e3-0c9,u_03097,did_click_lp,"{""lp_name"": ""lp_academic_writing""}",2026-02-13 06:56:19+00:00,2026-02-13,lp_academic_writing,,,True
5c9fd447-8f9,u_03097,did_install_grammarly,{},2026-02-13 07:05:19+00:00,2026-02-13,,,,True
f08a462d-b39,u_03097,try_grammarly,"{""product_feature"": ""academic_citation_helper""}",2026-02-13 07:56:19+00:00,2026-02-13,,academic_citation_helper,,True
e5c69277-3d0,u_03097,try_grammarly,"{""product_feature"": ""academic_citation_helper""}",2026-02-14 04:33:34+00:00,2026-02-14,,academic_citation_helper,,True
80ab112d-c49,u_03097,try_grammarly,"{""product_feature"": ""academic_citation_helper""}",2026-02-15 02:32:35+00:00,2026-02-15,,academic_citation_helper,,True
501a20a1-c1c,u_03097,try_grammarly,"{""product_feature"": ""academic_citation_helper""}",2026-02-17 20:10:01+00:00,2026-02-17,,academic_citation_helper,,True
6cffd06d-0a3,u_03098,did_click_lp,"{""lp_name"": ""lp_academic_writing""}",2026-02-12 05:00:43+00:00,2026-02-12,lp_academic_writing,,,True
95654809-cd2,u_03099,did_click_lp,"{""lp_name"": ""lp_academic_writing""}",2026-02-09 07:56:39+00:00,2026-02-09,lp_academic_writing,,,True
8b6988c6-62f,u_03100,did_click_lp,"{""lp_name"": ""lp_academic_writing""}",2026-02-04 14:42:46+00:00,2026-02-04,lp_academic_writing,,,True
5dc89bf4-31e,u_03101,did_click_lp,"{""lp_name"": ""lp_academic_writing""}",2026-02-15 14:02:02+00:00,2026-02-15,lp_academic_writing,,,True
090bad8d-410,u_03101,did_install_grammarly,{},2026-02-15 14:07:02+00:00,2026-02-15,,,,True
bcbf1f85-605,u_03102,did_click_lp,"{""lp_name"": ""lp_business_emails""}",2026-02-04 01:08:56+00:00,2026-02-04,lp_business_emails,,,True
081a6680-5a1,u_03103,did_click_lp,"{""lp_name"": ""lp_business_emails""}",2026-02-27 06:00:35+00:00,2026-02-27,lp_business_emails,,,True
afb2f28a-a61,u_03104,did_click_lp,"{""lp_name"": ""lp_business_emails""}",2026-02-26 17:24:36+00:00,2026-02-26,lp_business_emails,,,True
3cd9e601-6fc,u_03104,did_install_grammarly,{},2026-02-26 17:31:36+00:00,2026-02-26,,,,True
6b8641ea-34b,u_03105,did_click_lp,"{""lp_name"": ""lp_business_emails""}",2026-02-16 03:28:50+00:00,2026-02-16,lp_business_emails,,,True
f7894180-f47,u_03106,did_click_lp,"{""lp_name"": ""lp_academic_writing""}",2026-02-01 20:49:40+00:00,2026-02-01,lp_academic_writing,,,True
48a74e3d-852,u_03106,did_install_grammarly,{},2026-02-01 20:54:40+00:00,2026-02-01,,,,True
b6877de4-0e0,u_03106,try_grammarly,"{""product_feature"": ""academic_citation_helper""}",2026-02-01 21:19:40+00:00,2026-02-01,,academic_citation_helper,,True
93ac5c34-dfd,u_03106,try_grammarly,"{""product_feature"": ""academic_citation_helper""}",2026-02-02 04:20:32+00:00,2026-02-02,,academic_citation_helper,,True
d762394d-4b0,u_03107,did_click_lp,"{""lp_name"": ""lp_business_emails""}",2026-02-10 19:26:32+00:00,2026-02-10,lp_business_emails,,,True
2826baa6-0c7,u_03108,did_click_lp,"{""lp_name"": ""lp_business_emails""}",2026-02-28 14:05:08+00:00,2026-02-28,lp_business_emails,,,True
87f46cf0-666,u_03109,did_click_lp,"{""lp_name"": ""lp_business_emails""}",2026-02-27 01:51:44+00:00,2026-02-27,lp_business_emails,,,True
c7cf8cee-4c5,u_03109,did_install_grammarly,{},2026-02-27 01:53:44+00:00,2026-02-27,,,,True
051f361b-40a,u_03110,did_click_lp,"{""lp_name"": ""lp_academic_writing""}",2026-02-19 21:08:45+00:00,2026-02-19,lp_academic_writing,,,True
5aa333fb-4c9,u_03110,did_install_grammarly,{},2026-02-19 21:12:45+00:00,2026-02-19,,,,True
5248773d-ec1,u_03110,try_grammarly,"{""product_feature"": ""academic_citation_helper""}",2026-02-19 21:50:45+00:00,2026-02-19,,academic_citation_helper,,True
e61309d6-b06,u_03110,try_grammarly,"{""product_feature"": ""academic_citation_helper""}",2026-02-20 11:29:06+00:00,2026-02-20,,academic_citation_helper,,True
5081dea7-e27,u_03110,try_grammarly,"{""product_feature"": ""academic_citation_helper""}",2026-02-21 13:53:26+00:00,2026-02-21,,academic_citation_helper,,True
0d94c2f8-8bd,u_03110,try_grammarly,"{""product_feature"": ""academic_citation_helper""}",2026-02-22 13:56:08+00:00,2026-02-22,,academic_citation_helper,,True
1616bddf-3d4,u_03111,did_click_lp,"{""lp_name"": ""lp_academic_writing""}",2026-02-01 12:12:40+00:00,2026-02-01,lp_academic_writing,,,True
6f06c621-5c5,u_03111,did_install_grammarly,{},2026-02-01 12:22:40+00:00,2026-02-01,,,,True
d3869dbd-e3c,u_03111,try_grammarly,"{""product_feature"": ""academic_citation_helper""}",2026-02-01 12:37:40+00:00,2026-02-01,,academic_citation_helper,,True
8ae14212-a78,u_03111,try_grammarly,"{""product_feature"": ""academic_citation_helper""}",2026-02-02 22:49:53+00:00,2026-02-02,,academic_citation_helper,,True
03af09c4-90f,u_03112,did_click_lp,"{""lp_name"": ""lp_academic_writing""}",2026-02-20 02:21:29+00:00,2026-02-20,lp_academic_writing,,,True
f435e238-6af,u_03113,did_click_lp,"{""lp_name"": ""lp_business_emails""}",2026-02-06 12:02:19+00:00,2026-02-06,lp_business_emails,,,True
92f53066-c98,u_03113,did_install_grammarly,{},2026-02-06 12:08:19+00:00,2026-02-06,,,,True
038292eb-bde,u_03114,did_click_lp,"{""lp_name"": ""lp_academic_writing""}",2026-02-27 20:58:16+00:00,2026-02-27,lp_academic_writing,,,True
3481b6c7-04a,u_03115,did_click_lp,"{""lp_name"": ""lp_business_emails""}",2026-02-12 08:27:23+00:00,2026-02-12,lp_business_emails,,,True
9af9a00f-613,u_03115,did_install_grammarly,{},2026-02-12 08:42:23+00:00,2026-02-12,,,,True
d22d961a-655,u_03116,did_click_lp,"{""lp_name"": ""lp_academic_writing""}",2026-02-19 04:36:12+00:00,2026-02-19,lp_academic_writing,,,True
04bdf363-a81,u_03117,did_click_lp,"{""lp_name"": ""lp_academic_writing""}",2026-02-12 15:50:30+00:00,2026-02-12,lp_academic_writing,,,True
984a81af-6db,u_03118,did_click_lp,"{""lp_name"": ""lp_academic_writing""}",2026-02-14 22:48:50+00:00,2026-02-14,lp_academic_writing,,,True
1eec432e-e4a,u_03118,did_install_grammarly,{},2026-02-14 22:49:50+00:00,2026-02-14,,,,True
ee77946a-c99,u_03119,did_click_lp,"{""lp_name"": ""lp_business_emails""}",2026-02-05 08:38:49+00:00,2026-02-05,lp_business_emails,,,True
43dde25b-363,u_03120,did_click_lp,"{""lp_name"": ""lp_academic_writing""}",2026-02-11 15:29:55+00:00,2026-02-11,lp_academic_writing,,,True
b687baff-289,u_03121,did_click_lp,"{""lp_name"": ""lp_business_emails""}",2026-02-04 22:49:38+00:00,2026-02-04,lp_business_emails,,,True
1f06ddf5-be0,u_03122,did_click_lp,"{""lp_name"": ""lp_academic_writing""}",2026-02-22 15:32:26+00:00,2026-02-22,lp_academic_writing,,,True
aa089d80-5c2,u_03123,did_click_lp,"{""lp_name"": ""lp_business_emails""}",2026-02-23 07:05:48+00:00,2026-02-23,lp_business_emails,,,True
2eb1d6ed-019,u_03123,did_install_grammarly,{},2026-02-23 07:11:48+00:00,2026-02-23,,,,True
12d347d1-a04,u_03123,try_grammarly,"{""product_feature"": ""smart_email_reply""}",2026-02-23 07:40:48+00:00,2026-02-23,,smart_email_reply,,True
fe6c54c1-48f,u_03124,did_click_lp,"{""lp_name"": ""lp_academic_writing""}",2026-02-06 10:22:57+00:00,2026-02-06,lp_academic_writing,,,True
294d26c7-316,u_03125,did_click_lp,"{""lp_name"": ""lp_academic_writing""}",2026-02-13 03:35:16+00:00,2026-02-13,lp_academic_writing,,,True
80a302d4-c53,u_03126,did_click_lp,"{""lp_name"": ""lp_academic_writing""}",2026-02-10 18:12:32+00:00,2026-02-10,lp_academic_writing,,,True
cabb3bea-b1d,u_03127,did_click_lp,"{""lp_name"": ""lp_academic_writing""}",2026-02-10 19:34:09+00:00,2026-02-10,lp_academic_writing,,,True
14364e57-eb9,u_03128,did_click_lp,"{""lp_name"": ""lp_business_emails""}",2026-02-11 08:43:09+00:00,2026-02-11,lp_business_emails,,,True
07c97ebf-0ec,u_03128,did_install_grammarly,{},2026-02-11 08:52:09+00:00,2026-02-11,,,,True
d718af37-dc1,u_03129,did_click_lp,"{""lp_name"": ""lp_academic_writing""}",2026-02-06 01:05:57+00:00,2026-02-06,lp_academic_writing,,,True
b99e9062-636,u_03130,did_click_lp,"{""lp_name"": ""lp_business_emails""}",2026-02-25 09:14:33+00:00,2026-02-25,lp_business_emails,,,True
fb54540e-ef1,u_03130,did_install_grammarly,{},2026-02-25 09:26:33+00:00,2026-02-25,,,,True
cdfb451b-5a7,u_03131,did_click_lp,"{""lp_name"": ""lp_business_emails""}",2026-02-25 15:49:43+00:00,2026-02-25,lp_business_emails,,,True
dc8af133-101,u_03131,did_install_grammarly,{},2026-02-25 15:54:43+00:00,2026-02-25,,,,True
cdbfb02b-276,u_03131,try_grammarly,"{""product_feature"": ""smart_email_reply""}",2026-02-25 16:09:43+00:00,2026-02-25,,smart_email_reply,,True
7e916043-bbb,u_03132,did_click_lp,"{""lp_name"": ""lp_academic_writing""}",2026-02-18 17:30:41+00:00,2026-02-18,lp_academic_writing,,,True
c388dd63-985,u_03133,did_click_lp,"{""lp_name"": ""lp_academic_writing""}",2026-02-09 08:37:24+00:00,2026-02-09,lp_academic_writing,,,True
8a1e15e7-a6b,u_03133,did_install_grammarly,{},2026-02-09 08:39:24+00:00,2026-02-09,,,,True
b48242d2-9d5,u_03133,try_grammarly,"{""product_feature"": ""academic_citation_helper""}",2026-02-09 09:23:24+00:00,2026-02-09,,academic_citation_helper,,True
c325759b-183,u_03133,try_grammarly,"{""product_feature"": ""academic_citation_helper""}",2026-02-10 00:55:24+00:00,2026-02-10,,academic_citation_helper,,True
73ab3291-3c8,u_03133,try_grammarly,"{""product_feature"": ""academic_citation_helper""}",2026-02-11 01:14:13+00:00,2026-02-11,,academic_citation_helper,,True
46ebbd6c-ebc,u_03134,did_click_lp,"{""lp_name"": ""lp_academic_writing""}",2026-02-09 18:34:36+00:00,2026-02-09,lp_academic_writing,,,True
e115347f-ed2,u_03134,did_install_grammarly,{},2026-02-09 18:41:36+00:00,2026-02-09,,,,True
711b6ccf-6e9,u_03134,try_grammarly,"{""product_feature"": ""academic_citation_helper""}",2026-02-09 19:27:36+00:00,2026-02-09,,academic_citation_helper,,True
f01a448c-a34,u_03135,did_click_lp,"{""lp_name"": ""lp_business_emails""}",2026-02-23 11:40:34+00:00,2026-02-23,lp_business_emails,,,True
2e53106f-ad2,u_03135,did_install_grammarly,{},2026-02-23 11:48:34+00:00,2026-02-23,,,,True
6ac9e905-c47,u_03135,try_grammarly,"{""product_feature"": ""smart_email_reply""}",2026-02-23 12:18:34+00:00,2026-02-23,,smart_email_reply,,True
a33a92dc-df0,u_03136,did_click_lp,"{""lp_name"": ""lp_business_emails""}",2026-02-28 05:39:42+00:00,2026-02-28,lp_business_emails,,,True
2593b1b6-08e,u_03136,did_install_grammarly,{},2026-02-28 05:48:42+00:00,2026-02-28,,,,True
d9fabd1f-277,u_03137,did_click_lp,"{""lp_name"": ""lp_academic_writing""}",2026-02-09 19:29:43+00:00,2026-02-09,lp_academic_writing,,,True
ab013b40-315,u_03137,did_install_grammarly,{},2026-02-09 19:33:43+00:00,2026-02-09,,,,True
1f997fd2-034,u_03138,did_click_lp,"{""lp_name"": ""lp_business_emails""}",2026-02-17 16:03:51+00:00,2026-02-17,lp_business_emails,,,True
bba0e623-a62,u_03139,did_click_lp,"{""lp_name"": ""lp_business_emails""}",2026-02-16 04:29:37+00:00,2026-02-16,lp_business_emails,,,True
3be7fd4c-e13,u_03139,did_install_grammarly,{},2026-02-16 04:39:37+00:00,2026-02-16,,,,True
e7773e44-4e5,u_03139,try_grammarly,"{""product_feature"": ""smart_email_reply""}",2026-02-16 05:19:37+00:00,2026-02-16,,smart_email_reply,,True
4ff84881-2d5,u_03140,did_click_lp,"{""lp_name"": ""lp_business_emails""}",2026-02-13 11:19:55+00:00,2026-02-13,lp_business_emails,,,True
d5fb46e1-171,u_03140,did_install_grammarly,{},2026-02-13 11:21:55+00:00,2026-02-13,,,,True
f2e9b0b5-6e7,u_03141,did_click_lp,"{""lp_name"": ""lp_academic_writing""}",2026-02-26 00:08:09+00:00,2026-02-26,lp_academic_writing,,,True
8cf092a7-839,u_03141,did_install_grammarly,{},2026-02-26 00:09:09+00:00,2026-02-26,,,,True
4fe55878-f6a,u_03142,did_click_lp,"{""lp_name"": ""lp_academic_writing""}",2026-02-18 22:52:50+00:00,2026-02-18,lp_academic_writing,,,True
82b12602-0e8,u_03143,did_click_lp,"{""lp_name"": ""lp_business_emails""}",2026-02-23 01:22:07+00:00,2026-02-23,lp_business_emails,,,True
ea100a33-c5a,u_03143,did_install_grammarly,{},2026-02-23 01:24:07+00:00,2026-02-23,,,,True
5a64f78b-a02,u_03143,try_grammarly,"{""product_feature"": ""smart_email_reply""}",2026-02-23 02:13:07+00:00,2026-02-23,,smart_email_reply,,True
521983b1-86f,u_03143,try_grammarly,"{""product_feature"": ""smart_email_reply""}",2026-02-26 17:48:49+00:00,2026-02-26,,smart_email_reply,,True
620aad29-d33,u_03144,did_click_lp,"{""lp_name"": ""lp_academic_writing""}",2026-02-27 02:48:27+00:00,2026-02-27,lp_academic_writing,,,True
61f20d48-c4d,u_03145,did_click_lp,"{""lp_name"": ""lp_academic_writing""}",2026-02-12 05:16:50+00:00,2026-02-12,lp_academic_writing,,,True
afdf5078-b89,u_03146,did_click_lp,"{""lp_name"": ""lp_academic_writing""}",2026-02-04 05:44:16+00:00,2026-02-04,lp_academic_writing,,,True
d21c1b59-cb8,u_03147,did_click_lp,"{""lp_name"": ""lp_business_emails""}",2026-02-02 03:38:49+00:00,2026-02-02,lp_business_emails,,,True
19454c2b-a80,u_03148,did_click_lp,"{""lp_name"": ""lp_academic_writing""}",2026-02-18 06:49:40+00:00,2026-02-18,lp_academic_writing,,,True
412309a4-8f8,u_03148,did_install_grammarly,{},2026-02-18 06:59:40+00:00,2026-02-18,,,,True
14e6919b-6d0,u_03149,did_click_lp,"{""lp_name"": ""lp_business_emails""}",2026-02-17 06:13:09+00:00,2026-02-17,lp_business_emails,,,True
7f1aa90e-d99,u_03149,did_install_grammarly,{},2026-02-17 06:24:09+00:00,2026-02-17,,,,True
c77a1413-b4b,u_03150,did_click_lp,"{""lp_name"": ""lp_business_emails""}",2026-02-07 22:07:44+00:00,2026-02-07,lp_business_emails,,,True
66793d46-f9f,u_03151,did_click_lp,"{""lp_name"": ""lp_academic_writing""}",2026-02-26 04:34:20+00:00,2026-02-26,lp_academic_writing,,,True
d6a1cecf-645,u_03151,did_install_grammarly,{},2026-02-26 04:36:20+00:00,2026-02-26,,,,True
322d7c55-244,u_03151,try_grammarly,"{""product_feature"": ""academic_citation_helper""}",2026-02-26 05:08:20+00:00,2026-02-26,,academic_citation_helper,,True
a26cf227-ff7,u_03151,try_grammarly,"{""product_feature"": ""academic_citation_helper""}",2026-02-27 07:03:15+00:00,2026-02-27,,academic_citation_helper,,True
50e54814-aa1,u_03151,try_grammarly,"{""product_feature"": ""academic_citation_helper""}",2026-02-28 13:07:29+00:00,2026-02-28,,academic_citation_helper,,True
3725786c-f9c,u_03152,did_click_lp,"{""lp_name"": ""lp_business_emails""}",2026-02-05 05:46:48+00:00,2026-02-05,lp_business_emails,,,True
863e1523-c8e,u_03153,did_click_lp,"{""lp_name"": ""lp_academic_writing""}",2026-02-02 04:09:21+00:00,2026-02-02,lp_academic_writing,,,True
239784aa-31f,u_03154,did_click_lp,"{""lp_name"": ""lp_business_emails""}",2026-02-12 23:27:13+00:00,2026-02-12,lp_business_emails,,,True
44e2d2b6-6af,u_03155,did_click_lp,"{""lp_name"": ""lp_academic_writing""}",2026-02-03 09:49:29+00:00,2026-02-03,lp_academic_writing,,,True
f1cbe4f7-6b0,u_03155,did_install_grammarly,{},2026-02-03 09:56:29+00:00,2026-02-03,,,,True
7e9fc5e8-6c7,u_03155,try_grammarly,"{""product_feature"": ""academic_citation_helper""}",2026-02-03 10:11:29+00:00,2026-02-03,,academic_citation_helper,,True
6f5b0825-21b,u_03156,did_click_lp,"{""lp_name"": ""lp_academic_writing""}",2026-02-24 09:57:43+00:00,2026-02-24,lp_academic_writing,,,True
374f0438-57d,u_03157,did_click_lp,"{""lp_name"": ""lp_business_emails""}",2026-02-16 00:20:57+00:00,2026-02-16,lp_business_emails,,,True
080845f8-8fc,u_03158,did_click_lp,"{""lp_name"": ""lp_business_emails""}",2026-02-01 18:26:30+00:00,2026-02-01,lp_business_emails,,,True
6040af9c-ca1,u_03158,did_install_grammarly,{},2026-02-01 18:37:30+00:00,2026-02-01,,,,True
1074f0d2-36c,u_03159,did_click_lp,"{""lp_name"": ""lp_business_emails""}",2026-02-10 01:42:06+00:00,2026-02-10,lp_business_emails,,,True
263b65b6-6eb,u_03160,did_click_lp,"{""lp_name"": ""lp_business_emails""}",2026-02-01 19:11:54+00:00,2026-02-01,lp_business_emails,,,True
7dacc1b8-ab9,u_03161,did_click_lp,"{""lp_name"": ""lp_academic_writing""}",2026-02-15 20:20:56+00:00,2026-02-15,lp_academic_writing,,,True
be3f19d9-495,u_03162,did_click_lp,"{""lp_name"": ""lp_business_emails""}",2026-02-26 16:28:49+00:00,2026-02-26,lp_business_emails,,,True
a2727608-291,u_03162,did_install_grammarly,{},2026-02-26 16:33:49+00:00,2026-02-26,,,,True
281d011f-e9c,u_03162,try_grammarly,"{""product_feature"": ""smart_email_reply""}",2026-02-26 17:31:49+00:00,2026-02-26,,smart_email_reply,,True
48393b29-8a5,u_03163,did_click_lp,"{""lp_name"": ""lp_academic_writing""}",2026-02-03 03:09:25+00:00,2026-02-03,lp_academic_writing,,,True
01703fba-58c,u_03164,did_click_lp,"{""lp_name"": ""lp_business_emails""}",2026-02-12 04:45:04+00:00,2026-02-12,lp_business_emails,,,True
f600db4a-5b9,u_03165,did_click_lp,"{""lp_name"": ""lp_academic_writing""}",2026-02-18 12:12:33+00:00,2026-02-18,lp_academic_writing,,,True
070cc98b-a7f,u_03166,did_click_lp,"{""lp_name"": ""lp_business_emails""}",2026-02-18 21:33:57+00:00,2026-02-18,lp_business_emails,,,True
042b576e-4bc,u_03167,did_click_lp,"{""lp_name"": ""lp_academic_writing""}",2026-02-25 06:42:57+00:00,2026-02-25,lp_academic_writing,,,True
ce8ce25f-f0c,u_03167,did_install_grammarly,{},2026-02-25 06:52:57+00:00,2026-02-25,,,,True
67ffd082-cb3,u_03168,did_click_lp,"{""lp_name"": ""lp_academic_writing""}",2026-02-24 03:36:23+00:00,2026-02-24,lp_academic_writing,,,True
850b58f2-fb9,u_03168,did_install_grammarly,{},2026-02-24 03:42:23+00:00,2026-02-24,,,,True
1def2621-34c,u_03169,did_click_lp,"{""lp_name"": ""lp_business_emails""}",2026-02-12 22:00:41+00:00,2026-02-12,lp_business_emails,,,True
d1dc08b5-83b,u_03170,did_click_lp,"{""lp_name"": ""lp_academic_writing""}",2026-02-13 06:26:35+00:00,2026-02-13,lp_academic_writing,,,True
defa0ebc-7ad,u_03171,did_click_lp,"{""lp_name"": ""lp_academic_writing""}",2026-02-06 10:45:23+00:00,2026-02-06,lp_academic_writing,,,True
38179a84-c0f,u_03172,did_click_lp,"{""lp_name"": ""lp_academic_writing""}",2026-02-12 22:03:52+00:00,2026-02-12,lp_academic_writing,,,True
8bd9e992-4ba,u_03173,did_click_lp,"{""lp_name"": ""lp_business_emails""}",2026-02-25 22:38:03+00:00,2026-02-25,lp_business_emails,,,True
64e9ba1c-262,u_03173,did_install_grammarly,{},2026-02-25 22:44:03+00:00,2026-02-25,,,,True
1b50b6d3-af8,u_03173,try_grammarly,"{""product_feature"": ""smart_email_reply""}",2026-02-25 23:31:03+00:00,2026-02-25,,smart_email_reply,,True
d12ce7bc-977,u_03173,try_grammarly,"{""product_feature"": ""smart_email_reply""}",2026-02-27 03:17:53+00:00,2026-02-27,,smart_email_reply,,True
fbaa986b-cbb,u_03174,did_click_lp,"{""lp_name"": ""lp_academic_writing""}",2026-02-12 01:52:14+00:00,2026-02-12,lp_academic_writing,,,True
d500a3d5-89c,u_03175,did_click_lp,"{""lp_name"": ""lp_business_emails""}",2026-02-12 10:32:20+00:00,2026-02-12,lp_business_emails,,,True
e1a5d8be-e66,u_03176,did_click_lp,"{""lp_name"": ""lp_academic_writing""}",2026-02-22 07:41:43+00:00,2026-02-22,lp_academic_writing,,,True
d0d12c1d-b96,u_03177,did_click_lp,"{""lp_name"": ""lp_academic_writing""}",2026-02-27 11:21:14+00:00,2026-02-27,lp_academic_writing,,,True
27bfa3cc-8a1,u_03178,did_click_lp,"{""lp_name"": ""lp_academic_writing""}",2026-02-11 14:00:16+00:00,2026-02-11,lp_academic_writing,,,True
46b831c6-4e0,u_03178,did_install_grammarly,{},2026-02-11 14:02:16+00:00,2026-02-11,,,,True
ff1b4d68-db8,u_03178,try_grammarly,"{""product_feature"": ""academic_citation_helper""}",2026-02-11 14:57:16+00:00,2026-02-11,,academic_citation_helper,,True
bb66c0e1-44b,u_03178,try_grammarly,"{""product_feature"": ""academic_citation_helper""}",2026-02-12 00:03:24+00:00,2026-02-12,,academic_citation_helper,,True
460336c7-5c9,u_03178,try_grammarly,"{""product_feature"": ""academic_citation_helper""}",2026-02-13 13:10:56+00:00,2026-02-13,,academic_citation_helper,,True
095883e0-8cd,u_03179,did_click_lp,"{""lp_name"": ""lp_business_emails""}",2026-02-12 22:18:19+00:00,2026-02-12,lp_business_emails,,,True
53ab8867-c35,u_03180,did_click_lp,"{""lp_name"": ""lp_academic_writing""}",2026-02-14 08:24:41+00:00,2026-02-14,lp_academic_writing,,,True
7eb284ad-f94,u_03181,did_click_lp,"{""lp_name"": ""lp_academic_writing""}",2026-02-02 00:01:09+00:00,2026-02-02,lp_academic_writing,,,True
97807ca6-1ca,u_03182,did_click_lp,"{""lp_name"": ""lp_academic_writing""}",2026-02-01 09:07:09+00:00,2026-02-01,lp_academic_writing,,,True
6d3b0a92-9fe,u_03182,did_install_grammarly,{},2026-02-01 09:08:09+00:00,2026-02-01,,,,True
5e2d563a-179,u_03183,did_click_lp,"{""lp_name"": ""lp_business_emails""}",2026-02-14 16:30:55+00:00,2026-02-14,lp_business_emails,,,True
0f0a9c4f-06e,u_03184,did_click_lp,"{""lp_name"": ""lp_business_emails""}",2026-02-27 03:05:11+00:00,2026-02-27,lp_business_emails,,,True
2cd5fa77-283,u_03185,did_click_lp,"{""lp_name"": ""lp_business_emails""}",2026-02-26 21:03:07+00:00,2026-02-26,lp_business_emails,,,True
68a87309-4c8,u_03185,did_install_grammarly,{},2026-02-26 21:06:07+00:00,2026-02-26,,,,True
a9695371-1a1,u_03186,did_click_lp,"{""lp_name"": ""lp_academic_writing""}",2026-02-04 16:42:13+00:00,2026-02-04,lp_academic_writing,,,True
3a82d411-2c1,u_03187,did_click_lp,"{""lp_name"": ""lp_business_emails""}",2026-02-23 15:48:02+00:00,2026-02-23,lp_business_emails,,,True
cf5a1b1c-3c7,u_03187,did_install_grammarly,{},2026-02-23 16:01:02+00:00,2026-02-23,,,,True
7.509099e-107,u_03187,try_grammarly,"{""product_feature"": ""smart_email_reply""}",2026-02-23 16:51:02+00:00,2026-02-23,,smart_email_reply,,True
06e1340b-c5e,u_03188,did_click_lp,"{""lp_name"": ""lp_academic_writing""}",2026-02-03 03:53:46+00:00,2026-02-03,lp_academic_writing,,,True
8c50aa07-c86,u_03188,did_install_grammarly,{},2026-02-03 03:58:46+00:00,2026-02-03,,,,True
d817b48f-280,u_03188,try_grammarly,"{""product_feature"": ""academic_citation_helper""}",2026-02-03 04:53:46+00:00,2026-02-03,,academic_citation_helper,,True
51773e37-b91,u_03188,try_grammarly,"{""product_feature"": ""academic_citation_helper""}",2026-02-04 15:22:30+00:00,2026-02-04,,academic_citation_helper,,True
f9b6e3e4-eba,u_03188,try_grammarly,"{""product_feature"": ""academic_citation_helper""}",2026-02-05 23:44:28+00:00,2026-02-05,,academic_citation_helper,,True
7a8823ab-9c0,u_03188,try_grammarly,"{""product_feature"": ""academic_citation_helper""}",2026-02-07 01:51:45+00:00,2026-02-07,,academic_citation_helper,,True
172ab79c-710,u_03189,did_click_lp,"{""lp_name"": ""lp_business_emails""}",2026-02-05 15:45:21+00:00,2026-02-05,lp_business_emails,,,True
56c9172d-eb7,u_03190,did_click_lp,"{""lp_name"": ""lp_academic_writing""}",2026-02-03 17:36:15+00:00,2026-02-03,lp_academic_writing,,,True
fb3f3295-c39,u_03191,did_click_lp,"{""lp_name"": ""lp_academic_writing""}",2026-02-23 05:45:46+00:00,2026-02-23,lp_academic_writing,,,True
30a9a609-a98,u_03191,did_install_grammarly,{},2026-02-23 05:47:46+00:00,2026-02-23,,,,True
fcfc03cd-734,u_03192,did_click_lp,"{""lp_name"": ""lp_business_emails""}",2026-02-16 17:10:23+00:00,2026-02-16,lp_business_emails,,,True
140ae7c0-696,u_03193,did_click_lp,"{""lp_name"": ""lp_business_emails""}",2026-02-21 00:58:14+00:00,2026-02-21,lp_business_emails,,,True
29c3104b-6fa,u_03194,did_click_lp,"{""lp_name"": ""lp_academic_writing""}",2026-02-04 23:14:28+00:00,2026-02-04,lp_academic_writing,,,True
bcfe465a-afd,u_03195,did_click_lp,"{""lp_name"": ""lp_academic_writing""}",2026-02-17 09:45:38+00:00,2026-02-17,lp_academic_writing,,,True
f6475f34-a1f,u_03195,did_install_grammarly,{},2026-02-17 09:48:38+00:00,2026-02-17,,,,True
2546646f-959,u_03196,did_click_lp,"{""lp_name"": ""lp_academic_writing""}",2026-02-11 11:39:55+00:00,2026-02-11,lp_academic_writing,,,True
558b02d8-c2e,u_03196,did_install_grammarly,{},2026-02-11 11:48:55+00:00,2026-02-11,,,,True
2d4917cc-b85,u_03196,try_grammarly,"{""product_feature"": ""academic_citation_helper""}",2026-02-11 12:10:55+00:00,2026-02-11,,academic_citation_helper,,True
56805081-1b5,u_03196,try_grammarly,"{""product_feature"": ""academic_citation_helper""}",2026-02-12 19:21:23+00:00,2026-02-12,,academic_citation_helper,,True
9bd482cb-cc9,u_03196,try_grammarly,"{""product_feature"": ""academic_citation_helper""}",2026-02-13 13:13:26+00:00,2026-02-13,,academic_citation_helper,,True
b6bb82d9-d4d,u_03197,did_click_lp,"{""lp_name"": ""lp_academic_writing""}",2026-02-22 03:42:08+00:00,2026-02-22,lp_academic_writing,,,True
1203eb9e-1e4,u_03198,did_click_lp,"{""lp_name"": ""lp_academic_writing""}",2026-02-28 13:12:54+00:00,2026-02-28,lp_academic_writing,,,True
6b99b4ff-86c,u_03198,did_install_grammarly,{},2026-02-28 13:20:54+00:00,2026-02-28,,,,True
a4b4e5e1-dd9,u_03199,did_click_lp,"{""lp_name"": ""lp_business_emails""}",2026-02-25 01:05:07+00:00,2026-02-25,lp_business_emails,,,True
87cc27d2-055,u_03200,did_click_lp,"{""lp_name"": ""lp_business_emails""}",2026-02-03 01:04:31+00:00,2026-02-03,lp_business_emails,,,True
23cf5482-42c,u_03200,did_install_grammarly,{},2026-02-03 01:16:31+00:00,2026-02-03,,,,True
1a2fd318-8c7,u_03200,try_grammarly,"{""product_feature"": ""smart_email_reply""}",2026-02-03 02:07:31+00:00,2026-02-03,,smart_email_reply,,True
