user_id,attributed_lp_name,first_lp_cta_click_ts,cohort_date,first_install_ts,first_try_ts,first_product_feature,installed_after_click,tried_after_install,qualified_activated,repeat_try_count_7d,is_repeat_try_user,time_to_install_hours,time_to_first_value_hours,attribution_window_days
u_00001,lp_academic_writing,2026-02-26 23:44:22+00:00,2026-02-26,,,,False,False,False,0,0,,,7
u_00002,lp_business_emails,2026-02-12 12:07:12+00:00,2026-02-12,2026-02-12 12:09:12+00:00,,,True,False,False,0,0,0.03333333333333333,,7
u_00003,lp_business_emails,2026-02-14 05:23:29+00:00,2026-02-14,,,,False,False,False,0,0,,,7
u_00004,lp_academic_writing,2026-02-27 12:10:03+00:00,2026-02-27,,,,False,False,False,0,0,,,7
u_00005,lp_business_emails,2026-02-18 01:14:12+00:00,2026-02-18,2026-02-18 01:17:12+00:00,,,True,False,False,0,0,0.05,,7
u_00006,lp_business_emails,2026-02-19 12:28:13+00:00,2026-02-19,,,,False,False,False,0,0,,,7
u_00007,lp_business_emails,2026-02-14 23:38:45+00:00,2026-02-14,,,,False,False,False,0,0,,,7
u_00008,lp_academic_writing,2026-02-11 13:19:50+00:00,2026-02-11,,,,False,False,False,0,0,,,7
u_00009,lp_business_emails,2026-02-14 08:34:34+00:00,2026-02-14,,,,False,False,False,0,0,,,7
u_00010,lp_academic_writing,2026-02-09 13:11:35+00:00,2026-02-09,,,,False,False,False,0,0,,,7
u_00011,lp_business_emails,2026-02-13 04:10:03+00:00,2026-02-13,,,,False,False,False,0,0,,,7
u_00012,lp_academic_writing,2026-02-19 04:58:36+00:00,2026-02-19,,,,False,False,False,0,0,,,7
u_00013,lp_business_emails,2026-02-14 17:48:24+00:00,2026-02-14,,,,False,False,False,0,0,,,7
u_00014,lp_business_emails,2026-02-06 16:10:58+00:00,2026-02-06,,,,False,False,False,0,0,,,7
u_00015,lp_business_emails,2026-02-15 16:58:31+00:00,2026-02-15,,,,False,False,False,0,0,,,7
u_00016,lp_business_emails,2026-02-07 12:23:11+00:00,2026-02-07,,,,False,False,False,0,0,,,7
u_00017,lp_academic_writing,2026-02-12 14:53:19+00:00,2026-02-12,2026-02-12 14:58:19+00:00,2026-02-12 15:26:19+00:00,academic_citation_helper,True,True,True,1,0,0.08333333333333333,0.55,7
u_00018,lp_academic_writing,2026-02-13 01:21:00+00:00,2026-02-13,2026-02-13 01:28:00+00:00,,,True,False,False,0,0,0.11666666666666667,,7
u_00019,lp_academic_writing,2026-02-22 11:32:19+00:00,2026-02-22,,,,False,False,False,0,0,,,7
u_00020,lp_academic_writing,2026-02-10 08:39:53+00:00,2026-02-10,,,,False,False,False,0,0,,,7
u_00021,lp_academic_writing,2026-02-25 11:51:57+00:00,2026-02-25,,,,False,False,False,0,0,,,7
u_00022,lp_academic_writing,2026-02-21 11:48:37+00:00,2026-02-21,,,,False,False,False,0,0,,,7
u_00023,lp_business_emails,2026-02-10 18:39:50+00:00,2026-02-10,,,,False,False,False,0,0,,,7
u_00024,lp_academic_writing,2026-02-20 19:06:21+00:00,2026-02-20,,,,False,False,False,0,0,,,7
u_00025,lp_business_emails,2026-02-17 20:04:25+00:00,2026-02-17,2026-02-17 20:07:25+00:00,,,True,False,False,0,0,0.05,,7
u_00026,lp_academic_writing,2026-02-03 23:46:06+00:00,2026-02-03,,,,False,False,False,0,0,,,7
u_00027,lp_business_emails,2026-02-12 21:33:31+00:00,2026-02-12,,,,False,False,False,0,0,,,7
u_00028,lp_academic_writing,2026-02-02 02:26:56+00:00,2026-02-02,,,,False,False,False,0,0,,,7
u_00029,lp_business_emails,2026-02-14 12:17:53+00:00,2026-02-14,,,,False,False,False,0,0,,,7
u_00030,lp_business_emails,2026-02-18 17:24:43+00:00,2026-02-18,2026-02-18 17:26:43+00:00,,,True,False,False,0,0,0.03333333333333333,,7
u_00031,lp_business_emails,2026-02-15 13:54:57+00:00,2026-02-15,,,,False,False,False,0,0,,,7
u_00032,lp_academic_writing,2026-02-27 12:46:20+00:00,2026-02-27,2026-02-27 12:56:20+00:00,,,True,False,False,0,0,0.16666666666666666,,7
u_00033,lp_business_emails,2026-02-10 05:06:05+00:00,2026-02-10,2026-02-10 05:19:05+00:00,,,True,False,False,0,0,0.21666666666666667,,7
u_00034,lp_business_emails,2026-02-06 02:45:05+00:00,2026-02-06,2026-02-06 02:58:05+00:00,,,True,False,False,0,0,0.21666666666666667,,7
u_00035,lp_academic_writing,2026-02-28 17:57:21+00:00,2026-02-28,,,,False,False,False,0,0,,,7
u_00036,lp_academic_writing,2026-02-16 18:43:28+00:00,2026-02-16,2026-02-16 18:50:28+00:00,,,True,False,False,0,0,0.11666666666666667,,7
u_00037,lp_academic_writing,2026-02-02 17:59:27+00:00,2026-02-02,,,,False,False,False,0,0,,,7
u_00038,lp_academic_writing,2026-02-17 05:16:58+00:00,2026-02-17,,,,False,False,False,0,0,,,7
u_00039,lp_business_emails,2026-02-26 16:07:02+00:00,2026-02-26,2026-02-26 16:20:02+00:00,,,True,False,False,0,0,0.21666666666666667,,7
u_00040,lp_business_emails,2026-02-21 09:15:35+00:00,2026-02-21,,,,False,False,False,0,0,,,7
u_00041,lp_academic_writing,2026-02-17 01:46:04+00:00,2026-02-17,,,,False,False,False,0,0,,,7
u_00042,lp_business_emails,2026-02-15 16:07:30+00:00,2026-02-15,,,,False,False,False,0,0,,,7
u_00043,lp_academic_writing,2026-02-07 19:54:19+00:00,2026-02-07,,,,False,False,False,0,0,,,7
u_00044,lp_business_emails,2026-02-20 15:14:42+00:00,2026-02-20,,,,False,False,False,0,0,,,7
u_00045,lp_academic_writing,2026-02-16 20:34:44+00:00,2026-02-16,,,,False,False,False,0,0,,,7
u_00046,lp_academic_writing,2026-02-04 21:21:21+00:00,2026-02-04,2026-02-04 21:31:21+00:00,,,True,False,False,0,0,0.16666666666666666,,7
u_00047,lp_academic_writing,2026-02-14 06:39:32+00:00,2026-02-14,,,,False,False,False,0,0,,,7
u_00048,lp_business_emails,2026-02-15 13:37:35+00:00,2026-02-15,,,,False,False,False,0,0,,,7
u_00049,lp_academic_writing,2026-02-20 06:49:46+00:00,2026-02-20,,,,False,False,False,0,0,,,7
u_00050,lp_academic_writing,2026-02-14 02:58:15+00:00,2026-02-14,2026-02-14 03:04:15+00:00,2026-02-14 03:49:15+00:00,academic_citation_helper,True,True,True,2,1,0.1,0.85,7
u_00051,lp_business_emails,2026-02-24 12:03:37+00:00,2026-02-24,2026-02-24 12:17:37+00:00,2026-02-24 13:12:37+00:00,smart_email_reply,True,True,True,2,1,0.23333333333333334,1.15,7
u_00052,lp_business_emails,2026-02-04 22:26:16+00:00,2026-02-04,,,,False,False,False,0,0,,,7
u_00053,lp_business_emails,2026-02-11 21:34:23+00:00,2026-02-11,,,,False,False,False,0,0,,,7
u_00054,lp_business_emails,2026-02-02 02:20:23+00:00,2026-02-02,2026-02-02 02:30:23+00:00,,,True,False,False,0,0,0.16666666666666666,,7
u_00055,lp_academic_writing,2026-02-04 06:54:30+00:00,2026-02-04,,,,False,False,False,0,0,,,7
u_00056,lp_academic_writing,2026-02-01 13:41:10+00:00,2026-02-01,,,,False,False,False,0,0,,,7
u_00057,lp_business_emails,2026-02-24 10:15:38+00:00,2026-02-24,,,,False,False,False,0,0,,,7
u_00058,lp_business_emails,2026-02-04 02:05:50+00:00,2026-02-04,,,,False,False,False,0,0,,,7
u_00059,lp_academic_writing,2026-02-11 00:38:58+00:00,2026-02-11,,,,False,False,False,0,0,,,7
u_00060,lp_business_emails,2026-02-21 01:38:07+00:00,2026-02-21,2026-02-21 01:39:07+00:00,,,True,False,False,0,0,0.016666666666666666,,7
u_00061,lp_business_emails,2026-02-13 02:30:48+00:00,2026-02-13,,,,False,False,False,0,0,,,7
u_00062,lp_academic_writing,2026-02-12 03:55:18+00:00,2026-02-12,,,,False,False,False,0,0,,,7
u_00063,lp_business_emails,2026-02-12 16:57:53+00:00,2026-02-12,2026-02-12 17:01:53+00:00,2026-02-12 17:04:53+00:00,smart_email_reply,True,True,True,1,0,0.06666666666666667,0.11666666666666667,7
u_00064,lp_business_emails,2026-02-02 16:55:51+00:00,2026-02-02,2026-02-02 17:04:51+00:00,2026-02-02 17:43:51+00:00,smart_email_reply,True,True,True,1,0,0.15,0.8,7
u_00065,lp_academic_writing,2026-02-01 06:30:04+00:00,2026-02-01,2026-02-01 06:34:04+00:00,2026-02-01 07:07:04+00:00,academic_citation_helper,True,True,True,3,1,0.06666666666666667,0.6166666666666667,7
u_00066,lp_academic_writing,2026-02-13 12:27:34+00:00,2026-02-13,2026-02-13 12:30:34+00:00,2026-02-13 12:47:34+00:00,academic_citation_helper,True,True,True,4,1,0.05,0.3333333333333333,7
u_00067,lp_academic_writing,2026-02-11 08:09:55+00:00,2026-02-11,,,,False,False,False,0,0,,,7
u_00068,lp_business_emails,2026-02-06 12:12:16+00:00,2026-02-06,,,,False,False,False,0,0,,,7
u_00069,lp_academic_writing,2026-02-26 11:04:09+00:00,2026-02-26,2026-02-26 11:05:09+00:00,2026-02-26 11:34:09+00:00,academic_citation_helper,True,True,True,3,1,0.016666666666666666,0.5,7
u_00070,lp_academic_writing,2026-02-10 09:29:46+00:00,2026-02-10,,,,False,False,False,0,0,,,7
u_00071,lp_business_emails,2026-02-03 08:34:52+00:00,2026-02-03,,,,False,False,False,0,0,,,7
u_00072,lp_academic_writing,2026-02-22 04:09:24+00:00,2026-02-22,,,,False,False,False,0,0,,,7
u_00073,lp_academic_writing,2026-02-22 05:59:47+00:00,2026-02-22,2026-02-22 06:02:47+00:00,,,True,False,False,0,0,0.05,,7
u_00074,lp_academic_writing,2026-02-15 20:28:05+00:00,2026-02-15,,,,False,False,False,0,0,,,7
u_00075,lp_academic_writing,2026-02-17 14:32:45+00:00,2026-02-17,,,,False,False,False,0,0,,,7
u_00076,lp_academic_writing,2026-02-20 17:13:52+00:00,2026-02-20,,,,False,False,False,0,0,,,7
u_00077,lp_business_emails,2026-02-22 18:20:55+00:00,2026-02-22,2026-02-22 18:30:55+00:00,2026-02-22 19:21:55+00:00,smart_email_reply,True,True,True,1,0,0.16666666666666666,1.0166666666666666,7
u_00078,lp_academic_writing,2026-02-03 07:49:34+00:00,2026-02-03,2026-02-03 07:59:34+00:00,2026-02-03 08:43:34+00:00,academic_citation_helper,True,True,True,2,1,0.16666666666666666,0.9,7
u_00079,lp_academic_writing,2026-02-19 19:09:20+00:00,2026-02-19,,,,False,False,False,0,0,,,7
u_00080,lp_business_emails,2026-02-18 13:35:35+00:00,2026-02-18,,,,False,False,False,0,0,,,7
u_00081,lp_business_emails,2026-02-05 11:46:46+00:00,2026-02-05,,,,False,False,False,0,0,,,7
u_00082,lp_academic_writing,2026-02-11 08:40:20+00:00,2026-02-11,,,,False,False,False,0,0,,,7
u_00083,lp_academic_writing,2026-02-19 13:50:27+00:00,2026-02-19,,,,False,False,False,0,0,,,7
u_00084,lp_business_emails,2026-02-18 05:42:48+00:00,2026-02-18,,,,False,False,False,0,0,,,7
u_00085,lp_business_emails,2026-02-09 03:24:52+00:00,2026-02-09,,,,False,False,False,0,0,,,7
u_00086,lp_academic_writing,2026-02-10 10:03:40+00:00,2026-02-10,,,,False,False,False,0,0,,,7
u_00087,lp_business_emails,2026-02-05 08:39:57+00:00,2026-02-05,2026-02-05 08:53:57+00:00,2026-02-05 09:15:57+00:00,smart_email_reply,True,True,True,2,1,0.23333333333333334,0.6,7
u_00088,lp_academic_writing,2026-02-25 20:39:53+00:00,2026-02-25,,,,False,False,False,0,0,,,7
u_00089,lp_business_emails,2026-02-20 12:01:00+00:00,2026-02-20,2026-02-20 12:08:00+00:00,2026-02-20 13:05:00+00:00,smart_email_reply,True,True,True,1,0,0.11666666666666667,1.0666666666666667,7
u_00090,lp_business_emails,2026-02-23 15:38:45+00:00,2026-02-23,2026-02-23 15:43:45+00:00,,,True,False,False,0,0,0.08333333333333333,,7
u_00091,lp_academic_writing,2026-02-15 05:19:21+00:00,2026-02-15,,,,False,False,False,0,0,,,7
u_00092,lp_academic_writing,2026-02-06 03:13:09+00:00,2026-02-06,,,,False,False,False,0,0,,,7
u_00093,lp_business_emails,2026-02-24 05:46:12+00:00,2026-02-24,2026-02-24 05:56:12+00:00,,,True,False,False,0,0,0.16666666666666666,,7
u_00094,lp_business_emails,2026-02-28 22:59:30+00:00,2026-02-28,,,,False,False,False,0,0,,,7
u_00095,lp_academic_writing,2026-02-07 06:34:33+00:00,2026-02-07,,,,False,False,False,0,0,,,7
u_00096,lp_academic_writing,2026-02-14 11:34:43+00:00,2026-02-14,2026-02-14 11:42:43+00:00,,,True,False,False,0,0,0.13333333333333333,,7
u_00097,lp_business_emails,2026-02-11 06:06:13+00:00,2026-02-11,,,,False,False,False,0,0,,,7
u_00098,lp_academic_writing,2026-02-13 07:13:39+00:00,2026-02-13,,,,False,False,False,0,0,,,7
u_00099,lp_academic_writing,2026-02-28 17:18:40+00:00,2026-02-28,2026-02-28 17:24:40+00:00,,,True,False,False,0,0,0.1,,7
u_00100,lp_academic_writing,2026-02-28 22:47:34+00:00,2026-02-28,,,,False,False,False,0,0,,,7
u_00101,lp_business_emails,2026-02-05 06:51:33+00:00,2026-02-05,2026-02-05 06:57:33+00:00,,,True,False,False,0,0,0.1,,7
u_00102,lp_business_emails,2026-02-02 01:09:51+00:00,2026-02-02,2026-02-02 01:20:51+00:00,2026-02-02 02:04:51+00:00,smart_email_reply,True,True,True,1,0,0.18333333333333332,0.9166666666666666,7
u_00103,lp_business_emails,2026-02-27 14:59:34+00:00,2026-02-27,2026-02-27 15:14:34+00:00,,,True,False,False,0,0,0.25,,7
u_00104,lp_business_emails,2026-02-01 20:07:33+00:00,2026-02-01,2026-02-01 20:09:33+00:00,,,True,False,False,0,0,0.03333333333333333,,7
u_00105,lp_academic_writing,2026-02-04 20:36:22+00:00,2026-02-04,,,,False,False,False,0,0,,,7
u_00106,lp_business_emails,2026-02-22 17:54:39+00:00,2026-02-22,,,,False,False,False,0,0,,,7
u_00107,lp_academic_writing,2026-02-16 19:38:34+00:00,2026-02-16,2026-02-16 19:47:34+00:00,,,True,False,False,0,0,0.15,,7
u_00108,lp_business_emails,2026-02-13 15:01:17+00:00,2026-02-13,,,,False,False,False,0,0,,,7
u_00109,lp_business_emails,2026-02-20 09:32:05+00:00,2026-02-20,,,,False,False,False,0,0,,,7
u_00110,lp_academic_writing,2026-02-26 01:42:18+00:00,2026-02-26,,,,False,False,False,0,0,,,7
u_00111,lp_business_emails,2026-02-21 18:05:05+00:00,2026-02-21,,,,False,False,False,0,0,,,7
u_00112,lp_business_emails,2026-02-24 10:29:10+00:00,2026-02-24,,,,False,False,False,0,0,,,7
u_00113,lp_business_emails,2026-02-01 06:28:23+00:00,2026-02-01,,,,False,False,False,0,0,,,7
u_00114,lp_business_emails,2026-02-27 07:55:12+00:00,2026-02-27,,,,False,False,False,0,0,,,7
u_00115,lp_academic_writing,2026-02-05 17:49:27+00:00,2026-02-05,2026-02-05 17:51:27+00:00,,,True,False,False,0,0,0.03333333333333333,,7
u_00116,lp_academic_writing,2026-02-01 21:54:54+00:00,2026-02-01,,,,False,False,False,0,0,,,7
u_00117,lp_academic_writing,2026-02-15 23:59:15+00:00,2026-02-15,2026-02-16 00:00:15+00:00,2026-02-16 00:48:15+00:00,academic_citation_helper,True,True,True,1,0,0.016666666666666666,0.8166666666666667,7
u_00118,lp_business_emails,2026-02-01 21:59:23+00:00,2026-02-01,,,,False,False,False,0,0,,,7
u_00119,lp_business_emails,2026-02-01 01:38:03+00:00,2026-02-01,2026-02-01 01:43:03+00:00,,,True,False,False,0,0,0.08333333333333333,,7
u_00120,lp_academic_writing,2026-02-11 08:17:51+00:00,2026-02-11,2026-02-11 08:27:51+00:00,2026-02-11 09:21:51+00:00,academic_citation_helper,True,True,True,3,1,0.16666666666666666,1.0666666666666667,7
u_00121,lp_academic_writing,2026-02-03 20:52:50+00:00,2026-02-03,2026-02-03 20:59:50+00:00,2026-02-03 21:19:50+00:00,academic_citation_helper,True,True,True,3,1,0.11666666666666667,0.45,7
u_00122,lp_academic_writing,2026-02-21 02:55:10+00:00,2026-02-21,,,,False,False,False,0,0,,,7
u_00123,lp_business_emails,2026-02-21 17:37:12+00:00,2026-02-21,2026-02-21 17:52:12+00:00,2026-02-21 18:21:12+00:00,smart_email_reply,True,True,True,1,0,0.25,0.7333333333333333,7
u_00124,lp_academic_writing,2026-02-26 14:39:09+00:00,2026-02-26,,,,False,False,False,0,0,,,7
u_00125,lp_business_emails,2026-02-20 16:55:59+00:00,2026-02-20,,,,False,False,False,0,0,,,7
u_00126,lp_academic_writing,2026-02-18 14:46:52+00:00,2026-02-18,,,,False,False,False,0,0,,,7
u_00127,lp_academic_writing,2026-02-08 13:47:48+00:00,2026-02-08,,,,False,False,False,0,0,,,7
u_00128,lp_business_emails,2026-02-19 08:00:27+00:00,2026-02-19,,,,False,False,False,0,0,,,7
u_00129,lp_business_emails,2026-02-09 09:41:23+00:00,2026-02-09,2026-02-09 09:49:23+00:00,2026-02-09 10:01:23+00:00,smart_email_reply,True,True,True,1,0,0.13333333333333333,0.3333333333333333,7
u_00130,lp_business_emails,2026-02-18 06:22:06+00:00,2026-02-18,,,,False,False,False,0,0,,,7
u_00131,lp_business_emails,2026-02-10 10:56:19+00:00,2026-02-10,2026-02-10 11:09:19+00:00,2026-02-10 11:48:19+00:00,smart_email_reply,True,True,True,1,0,0.21666666666666667,0.8666666666666667,7
u_00132,lp_business_emails,2026-02-15 12:48:54+00:00,2026-02-15,,,,False,False,False,0,0,,,7
u_00133,lp_academic_writing,2026-02-11 04:52:18+00:00,2026-02-11,,,,False,False,False,0,0,,,7
u_00134,lp_business_emails,2026-02-14 05:15:01+00:00,2026-02-14,,,,False,False,False,0,0,,,7
u_00135,lp_academic_writing,2026-02-21 12:43:48+00:00,2026-02-21,,,,False,False,False,0,0,,,7
u_00136,lp_academic_writing,2026-02-16 05:51:33+00:00,2026-02-16,,,,False,False,False,0,0,,,7
u_00137,lp_business_emails,2026-02-20 18:26:10+00:00,2026-02-20,2026-02-20 18:31:10+00:00,2026-02-20 18:51:10+00:00,smart_email_reply,True,True,True,1,0,0.08333333333333333,0.4166666666666667,7
u_00138,lp_business_emails,2026-02-20 01:48:08+00:00,2026-02-20,2026-02-20 01:53:08+00:00,2026-02-20 02:52:08+00:00,smart_email_reply,True,True,True,1,0,0.08333333333333333,1.0666666666666667,7
u_00139,lp_academic_writing,2026-02-14 07:13:52+00:00,2026-02-14,2026-02-14 07:16:52+00:00,2026-02-14 08:05:52+00:00,academic_citation_helper,True,True,True,2,1,0.05,0.8666666666666667,7
u_00140,lp_academic_writing,2026-02-24 13:34:46+00:00,2026-02-24,2026-02-24 13:43:46+00:00,,,True,False,False,0,0,0.15,,7
u_00141,lp_business_emails,2026-02-14 15:29:20+00:00,2026-02-14,,,,False,False,False,0,0,,,7
u_00142,lp_academic_writing,2026-02-19 07:01:01+00:00,2026-02-19,,,,False,False,False,0,0,,,7
u_00143,lp_business_emails,2026-02-21 12:51:51+00:00,2026-02-21,2026-02-21 12:57:51+00:00,2026-02-21 13:32:51+00:00,smart_email_reply,True,True,True,1,0,0.1,0.6833333333333333,7
u_00144,lp_academic_writing,2026-02-10 16:10:05+00:00,2026-02-10,2026-02-10 16:17:05+00:00,2026-02-10 17:04:05+00:00,academic_citation_helper,True,True,True,3,1,0.11666666666666667,0.9,7
u_00145,lp_academic_writing,2026-02-01 09:18:52+00:00,2026-02-01,2026-02-01 09:25:52+00:00,,,True,False,False,0,0,0.11666666666666667,,7
u_00146,lp_academic_writing,2026-02-03 15:28:20+00:00,2026-02-03,2026-02-03 15:36:20+00:00,,,True,False,False,0,0,0.13333333333333333,,7
u_00147,lp_academic_writing,2026-02-28 16:40:01+00:00,2026-02-28,,,,False,False,False,0,0,,,7
u_00148,lp_business_emails,2026-02-06 02:29:43+00:00,2026-02-06,2026-02-06 02:37:43+00:00,,,True,False,False,0,0,0.13333333333333333,,7
u_00149,lp_academic_writing,2026-02-12 01:05:49+00:00,2026-02-12,2026-02-12 01:11:49+00:00,,,True,False,False,0,0,0.1,,7
u_00150,lp_academic_writing,2026-02-13 01:00:16+00:00,2026-02-13,2026-02-13 01:03:16+00:00,2026-02-13 01:55:16+00:00,academic_citation_helper,True,True,True,4,1,0.05,0.9166666666666666,7
u_00151,lp_business_emails,2026-02-01 06:42:46+00:00,2026-02-01,,,,False,False,False,0,0,,,7
u_00152,lp_business_emails,2026-02-09 06:32:01+00:00,2026-02-09,2026-02-09 06:36:01+00:00,,,True,False,False,0,0,0.06666666666666667,,7
u_00153,lp_academic_writing,2026-02-19 01:40:45+00:00,2026-02-19,,,,False,False,False,0,0,,,7
u_00154,lp_academic_writing,2026-02-24 04:30:31+00:00,2026-02-24,,,,False,False,False,0,0,,,7
u_00155,lp_business_emails,2026-02-12 01:09:57+00:00,2026-02-12,2026-02-12 01:13:57+00:00,2026-02-12 01:16:57+00:00,smart_email_reply,True,True,True,1,0,0.06666666666666667,0.11666666666666667,7
u_00156,lp_academic_writing,2026-02-16 11:38:42+00:00,2026-02-16,,,,False,False,False,0,0,,,7
u_00157,lp_business_emails,2026-02-20 10:43:29+00:00,2026-02-20,,,,False,False,False,0,0,,,7
u_00158,lp_academic_writing,2026-02-24 21:18:54+00:00,2026-02-24,,,,False,False,False,0,0,,,7
u_00159,lp_business_emails,2026-02-11 17:51:58+00:00,2026-02-11,,,,False,False,False,0,0,,,7
u_00160,lp_academic_writing,2026-02-28 00:17:44+00:00,2026-02-28,2026-02-28 00:26:44+00:00,,,True,False,False,0,0,0.15,,7
u_00161,lp_academic_writing,2026-02-13 07:48:36+00:00,2026-02-13,2026-02-13 07:57:36+00:00,,,True,False,False,0,0,0.15,,7
u_00162,lp_business_emails,2026-02-25 21:29:42+00:00,2026-02-25,2026-02-25 21:38:42+00:00,2026-02-25 22:36:42+00:00,smart_email_reply,True,True,True,1,0,0.15,1.1166666666666667,7
u_00163,lp_business_emails,2026-02-17 01:51:37+00:00,2026-02-17,2026-02-17 02:05:37+00:00,,,True,False,False,0,0,0.23333333333333334,,7
u_00164,lp_business_emails,2026-02-14 08:31:10+00:00,2026-02-14,,,,False,False,False,0,0,,,7
u_00165,lp_business_emails,2026-02-12 14:35:44+00:00,2026-02-12,2026-02-12 14:47:44+00:00,2026-02-12 15:30:44+00:00,smart_email_reply,True,True,True,1,0,0.2,0.9166666666666666,7
u_00166,lp_business_emails,2026-02-04 15:08:56+00:00,2026-02-04,,,,False,False,False,0,0,,,7
u_00167,lp_academic_writing,2026-02-23 01:44:13+00:00,2026-02-23,,,,False,False,False,0,0,,,7
u_00168,lp_business_emails,2026-02-10 06:21:44+00:00,2026-02-10,,,,False,False,False,0,0,,,7
u_00169,lp_business_emails,2026-02-28 11:20:26+00:00,2026-02-28,2026-02-28 11:29:26+00:00,,,True,False,False,0,0,0.15,,7
u_00170,lp_academic_writing,2026-02-14 15:18:18+00:00,2026-02-14,,,,False,False,False,0,0,,,7
u_00171,lp_academic_writing,2026-02-05 01:17:49+00:00,2026-02-05,2026-02-05 01:26:49+00:00,2026-02-05 01:43:49+00:00,academic_citation_helper,True,True,True,1,0,0.15,0.43333333333333335,7
u_00172,lp_business_emails,2026-02-22 14:11:50+00:00,2026-02-22,2026-02-22 14:17:50+00:00,2026-02-22 14:40:50+00:00,smart_email_reply,True,True,True,1,0,0.1,0.48333333333333334,7
u_00173,lp_academic_writing,2026-02-10 07:01:59+00:00,2026-02-10,2026-02-10 07:05:59+00:00,2026-02-10 07:34:59+00:00,academic_citation_helper,True,True,True,3,1,0.06666666666666667,0.55,7
u_00174,lp_business_emails,2026-02-16 07:16:46+00:00,2026-02-16,2026-02-16 07:22:46+00:00,2026-02-16 07:50:46+00:00,smart_email_reply,True,True,True,1,0,0.1,0.5666666666666667,7
u_00175,lp_business_emails,2026-02-03 14:57:45+00:00,2026-02-03,,,,False,False,False,0,0,,,7
u_00176,lp_academic_writing,2026-02-24 10:28:50+00:00,2026-02-24,,,,False,False,False,0,0,,,7
u_00177,lp_academic_writing,2026-02-20 15:25:47+00:00,2026-02-20,,,,False,False,False,0,0,,,7
u_00178,lp_business_emails,2026-02-25 01:24:14+00:00,2026-02-25,,,,False,False,False,0,0,,,7
u_00179,lp_business_emails,2026-02-09 00:19:28+00:00,2026-02-09,,,,False,False,False,0,0,,,7
u_00180,lp_academic_writing,2026-02-23 01:38:20+00:00,2026-02-23,2026-02-23 01:40:20+00:00,2026-02-23 02:30:20+00:00,academic_citation_helper,True,True,True,3,1,0.03333333333333333,0.8666666666666667,7
u_00181,lp_business_emails,2026-02-07 15:45:57+00:00,2026-02-07,,,,False,False,False,0,0,,,7
u_00182,lp_academic_writing,2026-02-18 10:09:00+00:00,2026-02-18,2026-02-18 20:10:41+00:00,2026-02-18 20:47:41+00:00,smart_email_reply,True,True,True,1,0,10.028055555555556,10.644722222222223,7
u_00183,lp_academic_writing,2026-02-26 10:29:31+00:00,2026-02-26,2026-02-26 10:37:31+00:00,2026-02-26 11:12:31+00:00,academic_citation_helper,True,True,True,4,1,0.13333333333333333,0.7166666666666667,7
u_00184,lp_academic_writing,2026-02-24 18:33:28+00:00,2026-02-24,,,,False,False,False,0,0,,,7
u_00185,lp_business_emails,2026-02-19 11:56:21+00:00,2026-02-19,,,,False,False,False,0,0,,,7
u_00186,lp_academic_writing,2026-02-20 08:56:46+00:00,2026-02-20,2026-02-20 09:02:46+00:00,2026-02-20 09:32:46+00:00,academic_citation_helper,True,True,True,3,1,0.1,0.6,7
u_00187,lp_business_emails,2026-02-04 09:15:31+00:00,2026-02-04,,,,False,False,False,0,0,,,7
u_00188,lp_business_emails,2026-02-24 20:47:00+00:00,2026-02-24,2026-02-24 20:58:00+00:00,2026-02-24 21:04:00+00:00,smart_email_reply,True,True,True,1,0,0.18333333333333332,0.2833333333333333,7
u_00189,lp_business_emails,2026-02-18 04:50:17+00:00,2026-02-18,,,,False,False,False,0,0,,,7
u_00190,lp_business_emails,2026-02-14 03:43:53+00:00,2026-02-14,,,,False,False,False,0,0,,,7
u_00191,lp_business_emails,2026-02-07 08:06:21+00:00,2026-02-07,,,,False,False,False,0,0,,,7
u_00192,lp_academic_writing,2026-02-17 09:39:35+00:00,2026-02-17,,,,False,False,False,0,0,,,7
u_00193,lp_business_emails,2026-02-09 22:03:25+00:00,2026-02-09,2026-02-09 22:13:25+00:00,2026-02-09 22:21:25+00:00,smart_email_reply,True,True,True,1,0,0.16666666666666666,0.3,7
u_00194,lp_academic_writing,2026-02-15 08:00:10+00:00,2026-02-15,2026-02-15 08:09:10+00:00,2026-02-15 08:59:10+00:00,academic_citation_helper,True,True,True,2,1,0.15,0.9833333333333333,7
u_00195,lp_business_emails,2026-02-06 15:57:24+00:00,2026-02-06,2026-02-06 15:59:24+00:00,2026-02-06 16:21:24+00:00,smart_email_reply,True,True,True,1,0,0.03333333333333333,0.4,7
u_00196,lp_academic_writing,2026-02-09 16:20:27+00:00,2026-02-09,,,,False,False,False,0,0,,,7
u_00197,lp_academic_writing,2026-02-11 17:27:30+00:00,2026-02-11,,,,False,False,False,0,0,,,7
u_00198,lp_business_emails,2026-02-04 04:54:16+00:00,2026-02-04,,,,False,False,False,0,0,,,7
u_00199,lp_academic_writing,2026-02-27 23:20:38+00:00,2026-02-27,2026-02-27 23:29:38+00:00,2026-02-28 00:23:38+00:00,academic_citation_helper,True,True,True,2,1,0.15,1.05,7
u_00200,lp_business_emails,2026-02-23 19:31:27+00:00,2026-02-23,,,,False,False,False,0,0,,,7
u_00201,lp_business_emails,2026-02-28 14:40:55+00:00,2026-02-28,2026-02-28 14:51:55+00:00,2026-02-28 15:01:55+00:00,smart_email_reply,True,True,True,2,1,0.18333333333333332,0.35,7
u_00202,lp_academic_writing,2026-02-18 05:23:20+00:00,2026-02-18,2026-02-18 05:25:20+00:00,2026-02-18 06:01:20+00:00,academic_citation_helper,True,True,True,4,1,0.03333333333333333,0.6333333333333333,7
u_00203,lp_business_emails,2026-02-13 04:58:24+00:00,2026-02-13,2026-02-13 05:10:24+00:00,,,True,False,False,0,0,0.2,,7
u_00204,lp_business_emails,2026-02-01 06:36:11+00:00,2026-02-01,2026-02-01 06:42:11+00:00,2026-02-01 07:11:11+00:00,smart_email_reply,True,True,True,1,0,0.1,0.5833333333333334,7
u_00205,lp_academic_writing,2026-02-20 16:48:21+00:00,2026-02-20,2026-02-20 16:53:21+00:00,2026-02-20 17:05:21+00:00,academic_citation_helper,True,True,True,3,1,0.08333333333333333,0.2833333333333333,7
u_00206,lp_business_emails,2026-02-08 15:12:02+00:00,2026-02-08,,,,False,False,False,0,0,,,7
u_00207,lp_academic_writing,2026-02-17 01:25:16+00:00,2026-02-17,,,,False,False,False,0,0,,,7
u_00208,lp_business_emails,2026-02-24 00:55:25+00:00,2026-02-24,,,,False,False,False,0,0,,,7
u_00209,lp_business_emails,2026-02-06 01:56:02+00:00,2026-02-06,2026-02-06 02:05:02+00:00,2026-02-06 02:59:02+00:00,smart_email_reply,True,True,True,1,0,0.15,1.05,7
u_00210,lp_academic_writing,2026-02-22 11:55:06+00:00,2026-02-22,2026-02-22 12:02:06+00:00,2026-02-22 12:31:06+00:00,academic_citation_helper,True,True,True,4,1,0.11666666666666667,0.6,7
u_00211,lp_business_emails,2026-02-06 21:31:07+00:00,2026-02-06,2026-02-06 21:39:07+00:00,,,True,False,False,0,0,0.13333333333333333,,7
u_00212,lp_business_emails,2026-02-23 03:06:10+00:00,2026-02-23,2026-02-23 03:18:10+00:00,,,True,False,False,0,0,0.2,,7
u_00213,lp_business_emails,2026-02-14 19:17:20+00:00,2026-02-14,,,,False,False,False,0,0,,,7
u_00214,lp_business_emails,2026-02-02 03:46:58+00:00,2026-02-02,,,,False,False,False,0,0,,,7
u_00215,lp_academic_writing,2026-02-05 01:27:05+00:00,2026-02-05,,,,False,False,False,0,0,,,7
u_00216,lp_academic_writing,2026-02-12 01:32:50+00:00,2026-02-12,2026-02-12 01:37:50+00:00,,,True,False,False,0,0,0.08333333333333333,,7
u_00217,lp_academic_writing,2026-02-01 12:05:49+00:00,2026-02-01,,,,False,False,False,0,0,,,7
u_00218,lp_academic_writing,2026-02-20 22:48:15+00:00,2026-02-20,2026-02-20 22:54:15+00:00,,,True,False,False,0,0,0.1,,7
u_00219,lp_academic_writing,2026-02-14 13:19:28+00:00,2026-02-14,,,,False,False,False,0,0,,,7
u_00220,lp_business_emails,2026-02-05 12:21:42+00:00,2026-02-05,,,,False,False,False,0,0,,,7
u_00221,lp_academic_writing,2026-02-27 01:52:21+00:00,2026-02-27,,,,False,False,False,0,0,,,7
u_00222,lp_business_emails,2026-02-26 19:01:27+00:00,2026-02-26,2026-02-26 19:15:27+00:00,,,True,False,False,0,0,0.23333333333333334,,7
u_00223,lp_business_emails,2026-02-08 04:07:01+00:00,2026-02-08,2026-02-08 04:17:01+00:00,2026-02-08 04:32:01+00:00,smart_email_reply,True,True,True,1,0,0.16666666666666666,0.4166666666666667,7
u_00224,lp_business_emails,2026-02-14 15:01:21+00:00,2026-02-14,,,,False,False,False,0,0,,,7
u_00225,lp_academic_writing,2026-02-26 06:48:02+00:00,2026-02-26,,,,False,False,False,0,0,,,7
u_00226,lp_business_emails,2026-02-05 07:42:05+00:00,2026-02-05,,,,False,False,False,0,0,,,7
u_00227,lp_academic_writing,2026-02-11 02:07:17+00:00,2026-02-11,2026-02-11 02:14:17+00:00,2026-02-11 02:42:17+00:00,academic_citation_helper,True,True,True,3,1,0.11666666666666667,0.5833333333333334,7
u_00228,lp_business_emails,2026-02-12 16:00:42+00:00,2026-02-12,,,,False,False,False,0,0,,,7
u_00229,lp_academic_writing,2026-02-22 17:05:59+00:00,2026-02-22,,,,False,False,False,0,0,,,7
u_00230,lp_business_emails,2026-02-03 15:13:24+00:00,2026-02-03,2026-02-03 15:16:24+00:00,,,True,False,False,0,0,0.05,,7
u_00231,lp_academic_writing,2026-02-04 16:42:53+00:00,2026-02-04,,,,False,False,False,0,0,,,7
u_00232,lp_academic_writing,2026-02-19 03:47:59+00:00,2026-02-19,,,,False,False,False,0,0,,,7
u_00233,lp_business_emails,2026-02-09 03:54:59+00:00,2026-02-09,,,,False,False,False,0,0,,,7
u_00234,lp_business_emails,2026-02-14 05:40:47+00:00,2026-02-14,,,,False,False,False,0,0,,,7
u_00235,lp_business_emails,2026-02-09 09:34:08+00:00,2026-02-09,2026-02-09 09:36:08+00:00,2026-02-09 10:35:08+00:00,smart_email_reply,True,True,True,1,0,0.03333333333333333,1.0166666666666666,7
u_00236,lp_business_emails,2026-02-19 20:24:18+00:00,2026-02-19,,,,False,False,False,0,0,,,7
u_00237,lp_academic_writing,2026-02-07 08:48:50+00:00,2026-02-07,2026-02-07 08:53:50+00:00,,,True,False,False,0,0,0.08333333333333333,,7
u_00238,lp_business_emails,2026-02-19 08:49:39+00:00,2026-02-19,,,,False,False,False,0,0,,,7
u_00239,lp_business_emails,2026-02-24 03:21:05+00:00,2026-02-24,2026-02-24 03:28:05+00:00,,,True,False,False,0,0,0.11666666666666667,,7
u_00240,lp_business_emails,2026-02-03 05:32:57+00:00,2026-02-03,,,,False,False,False,0,0,,,7
u_00241,lp_business_emails,2026-02-25 16:28:38+00:00,2026-02-25,,,,False,False,False,0,0,,,7
u_00242,lp_business_emails,2026-02-20 23:46:31+00:00,2026-02-20,,,,False,False,False,0,0,,,7
u_00243,lp_academic_writing,2026-02-27 07:12:43+00:00,2026-02-27,2026-02-27 07:14:43+00:00,2026-02-27 07:22:43+00:00,academic_citation_helper,True,True,True,2,1,0.03333333333333333,0.16666666666666666,7
u_00244,lp_academic_writing,2026-02-16 17:52:48+00:00,2026-02-16,,,,False,False,False,0,0,,,7
u_00245,lp_business_emails,2026-02-20 12:53:28+00:00,2026-02-20,,,,False,False,False,0,0,,,7
u_00246,lp_academic_writing,2026-02-05 05:30:55+00:00,2026-02-05,2026-02-05 05:32:55+00:00,,,True,False,False,0,0,0.03333333333333333,,7
u_00247,lp_business_emails,2026-02-25 20:48:09+00:00,2026-02-25,,,,False,False,False,0,0,,,7
u_00248,lp_academic_writing,2026-02-01 11:08:36+00:00,2026-02-01,,,,False,False,False,0,0,,,7
u_00249,lp_business_emails,2026-02-14 01:20:50+00:00,2026-02-14,,,,False,False,False,0,0,,,7
u_00250,lp_business_emails,2026-02-12 14:59:00+00:00,2026-02-12,,,,False,False,False,0,0,,,7
u_00251,lp_business_emails,2026-02-21 16:21:26+00:00,2026-02-21,,,,False,False,False,0,0,,,7
u_00252,lp_academic_writing,2026-02-19 04:28:44+00:00,2026-02-19,,,,False,False,False,0,0,,,7
u_00253,lp_academic_writing,2026-02-24 07:59:27+00:00,2026-02-24,2026-02-24 08:01:27+00:00,2026-02-24 08:23:27+00:00,academic_citation_helper,True,True,True,3,1,0.03333333333333333,0.4,7
u_00254,lp_business_emails,2026-02-09 13:43:36+00:00,2026-02-09,,,,False,False,False,0,0,,,7
u_00255,lp_academic_writing,2026-02-20 10:19:46+00:00,2026-02-20,,,,False,False,False,0,0,,,7
u_00256,lp_business_emails,2026-02-10 06:55:58+00:00,2026-02-10,,,,False,False,False,0,0,,,7
u_00257,lp_academic_writing,2026-02-13 19:33:48+00:00,2026-02-13,2026-02-13 19:41:48+00:00,2026-02-13 20:07:48+00:00,academic_citation_helper,True,True,True,2,1,0.13333333333333333,0.5666666666666667,7
u_00258,lp_business_emails,2026-02-05 15:52:10+00:00,2026-02-05,,,,False,False,False,0,0,,,7
u_00259,lp_business_emails,2026-02-15 08:06:04+00:00,2026-02-15,2026-02-15 08:12:04+00:00,,,True,False,False,0,0,0.1,,7
u_00260,lp_business_emails,2026-02-08 22:05:41+00:00,2026-02-08,,,,False,False,False,0,0,,,7
u_00261,lp_business_emails,2026-02-27 07:21:55+00:00,2026-02-27,,,,False,False,False,0,0,,,7
u_00262,lp_academic_writing,2026-02-26 16:42:49+00:00,2026-02-26,,,,False,False,False,0,0,,,7
u_00263,lp_business_emails,2026-02-17 02:53:27+00:00,2026-02-17,2026-02-17 02:56:27+00:00,2026-02-17 03:15:27+00:00,smart_email_reply,True,True,True,1,0,0.05,0.36666666666666664,7
u_00264,lp_business_emails,2026-02-07 16:16:37+00:00,2026-02-07,2026-02-07 16:28:37+00:00,2026-02-07 17:17:37+00:00,smart_email_reply,True,True,True,1,0,0.2,1.0166666666666666,7
u_00265,lp_academic_writing,2026-02-19 23:19:23+00:00,2026-02-19,,,,False,False,False,0,0,,,7
u_00266,lp_academic_writing,2026-02-03 11:27:59+00:00,2026-02-03,,,,False,False,False,0,0,,,7
u_00267,lp_business_emails,2026-02-05 18:47:59+00:00,2026-02-05,,,,False,False,False,0,0,,,7
u_00268,lp_business_emails,2026-02-07 13:36:12+00:00,2026-02-07,,,,False,False,False,0,0,,,7
u_00269,lp_academic_writing,2026-02-02 14:17:23+00:00,2026-02-02,2026-02-02 14:24:23+00:00,,,True,False,False,0,0,0.11666666666666667,,7
u_00270,lp_business_emails,2026-02-12 02:11:08+00:00,2026-02-12,,,,False,False,False,0,0,,,7
u_00271,lp_business_emails,2026-02-10 09:06:51+00:00,2026-02-10,,,,False,False,False,0,0,,,7
u_00272,lp_business_emails,2026-02-16 16:17:44+00:00,2026-02-16,,,,False,False,False,0,0,,,7
u_00273,lp_academic_writing,2026-02-19 21:55:09+00:00,2026-02-19,,,,False,False,False,0,0,,,7
u_00274,lp_academic_writing,2026-02-08 01:34:44+00:00,2026-02-08,2026-02-08 01:43:44+00:00,2026-02-08 01:50:44+00:00,academic_citation_helper,True,True,True,2,1,0.15,0.26666666666666666,7
u_00275,lp_academic_writing,2026-02-17 19:44:37+00:00,2026-02-17,2026-02-17 19:50:37+00:00,2026-02-17 20:40:37+00:00,academic_citation_helper,True,True,True,2,1,0.1,0.9333333333333333,7
u_00276,lp_academic_writing,2026-02-27 09:00:21+00:00,2026-02-27,,,,False,False,False,0,0,,,7
u_00277,lp_business_emails,2026-02-28 02:07:08+00:00,2026-02-28,,,,False,False,False,0,0,,,7
u_00278,lp_business_emails,2026-02-14 02:10:01+00:00,2026-02-14,,,,False,False,False,0,0,,,7
u_00279,lp_business_emails,2026-02-04 19:28:51+00:00,2026-02-04,2026-02-04 19:40:51+00:00,,,True,False,False,0,0,0.2,,7
u_00280,lp_academic_writing,2026-02-24 14:21:44+00:00,2026-02-24,2026-02-24 14:29:44+00:00,,,True,False,False,0,0,0.13333333333333333,,7
u_00281,lp_business_emails,2026-02-22 04:01:13+00:00,2026-02-22,,,,False,False,False,0,0,,,7
u_00282,lp_business_emails,2026-02-02 13:07:23+00:00,2026-02-02,,,,False,False,False,0,0,,,7
u_00283,lp_business_emails,2026-02-27 20:37:07+00:00,2026-02-27,,,,False,False,False,0,0,,,7
u_00284,lp_business_emails,2026-02-03 10:01:57+00:00,2026-02-03,,,,False,False,False,0,0,,,7
u_00285,lp_business_emails,2026-02-23 22:09:14+00:00,2026-02-23,,,,False,False,False,0,0,,,7
u_00286,lp_business_emails,2026-02-27 23:10:54+00:00,2026-02-27,,,,False,False,False,0,0,,,7
u_00287,lp_business_emails,2026-02-25 19:02:35+00:00,2026-02-25,,,,False,False,False,0,0,,,7
u_00288,lp_academic_writing,2026-02-23 18:52:58+00:00,2026-02-23,2026-02-23 18:57:58+00:00,2026-02-23 19:38:58+00:00,academic_citation_helper,True,True,True,3,1,0.08333333333333333,0.7666666666666667,7
u_00289,lp_business_emails,2026-02-20 23:10:46+00:00,2026-02-20,,,,False,False,False,0,0,,,7
u_00290,lp_academic_writing,2026-02-05 12:42:00+00:00,2026-02-05,,,,False,False,False,0,0,,,7
u_00291,lp_business_emails,2026-02-22 23:10:31+00:00,2026-02-22,2026-02-22 23:14:31+00:00,,,True,False,False,0,0,0.06666666666666667,,7
u_00292,lp_business_emails,2026-02-03 19:44:35+00:00,2026-02-03,2026-02-03 19:46:35+00:00,,,True,False,False,0,0,0.03333333333333333,,7
u_00293,lp_business_emails,2026-02-25 17:00:11+00:00,2026-02-25,2026-02-25 17:12:11+00:00,,,True,False,False,0,0,0.2,,7
u_00294,lp_business_emails,2026-02-17 11:49:30+00:00,2026-02-17,,,,False,False,False,0,0,,,7
u_00295,lp_academic_writing,2026-02-03 06:38:00+00:00,2026-02-03,,,,False,False,False,0,0,,,7
u_00296,lp_academic_writing,2026-02-01 13:40:14+00:00,2026-02-01,,,,False,False,False,0,0,,,7
u_00297,lp_business_emails,2026-02-24 12:40:03+00:00,2026-02-24,,,,False,False,False,0,0,,,7
u_00298,lp_business_emails,2026-02-26 13:35:14+00:00,2026-02-26,2026-02-26 13:42:14+00:00,2026-02-26 13:50:14+00:00,smart_email_reply,True,True,True,1,0,0.11666666666666667,0.25,7
u_00299,lp_business_emails,2026-02-19 19:27:21+00:00,2026-02-19,2026-02-19 19:40:21+00:00,,,True,False,False,0,0,0.21666666666666667,,7
u_00300,lp_academic_writing,2026-02-24 06:27:33+00:00,2026-02-24,2026-02-24 06:37:33+00:00,2026-02-24 07:04:33+00:00,academic_citation_helper,True,True,True,4,1,0.16666666666666666,0.6166666666666667,7
u_00301,lp_business_emails,2026-02-16 18:58:49+00:00,2026-02-16,,,,False,False,False,0,0,,,7
u_00302,lp_academic_writing,2026-02-27 16:52:47+00:00,2026-02-27,,,,False,False,False,0,0,,,7
u_00303,lp_business_emails,2026-02-11 12:29:55+00:00,2026-02-11,,,,False,False,False,0,0,,,7
u_00304,lp_business_emails,2026-02-24 23:40:17+00:00,2026-02-24,2026-02-24 23:53:17+00:00,,,True,False,False,0,0,0.21666666666666667,,7
u_00305,lp_academic_writing,2026-02-13 23:53:08+00:00,2026-02-13,2026-02-14 00:03:08+00:00,,,True,False,False,0,0,0.16666666666666666,,7
u_00306,lp_academic_writing,2026-02-25 16:16:31+00:00,2026-02-25,,,,False,False,False,0,0,,,7
u_00307,lp_business_emails,2026-02-05 04:32:20+00:00,2026-02-05,2026-02-05 04:45:20+00:00,,,True,False,False,0,0,0.21666666666666667,,7
u_00308,lp_business_emails,2026-02-12 18:50:17+00:00,2026-02-12,,,,False,False,False,0,0,,,7
u_00309,lp_business_emails,2026-02-20 21:34:39+00:00,2026-02-20,,,,False,False,False,0,0,,,7
u_00310,lp_academic_writing,2026-02-11 08:12:53+00:00,2026-02-11,,,,False,False,False,0,0,,,7
u_00311,lp_academic_writing,2026-02-20 20:19:56+00:00,2026-02-20,,,,False,False,False,0,0,,,7
u_00312,lp_business_emails,2026-02-09 05:30:14+00:00,2026-02-09,,,,False,False,False,0,0,,,7
u_00313,lp_business_emails,2026-02-15 21:18:09+00:00,2026-02-15,,,,False,False,False,0,0,,,7
u_00314,lp_academic_writing,2026-02-24 18:58:52+00:00,2026-02-24,,,,False,False,False,0,0,,,7
u_00315,lp_academic_writing,2026-02-05 10:50:27+00:00,2026-02-05,2026-02-05 11:00:27+00:00,2026-02-05 11:22:27+00:00,academic_citation_helper,True,True,True,3,1,0.16666666666666666,0.5333333333333333,7
u_00316,lp_academic_writing,2026-02-19 20:06:09+00:00,2026-02-19,,,,False,False,False,0,0,,,7
u_00317,lp_business_emails,2026-02-16 14:26:35+00:00,2026-02-16,,,,False,False,False,0,0,,,7
u_00318,lp_business_emails,2026-02-01 07:44:24+00:00,2026-02-01,2026-02-01 07:55:24+00:00,,,True,False,False,0,0,0.18333333333333332,,7
u_00319,lp_business_emails,2026-02-25 00:28:51+00:00,2026-02-25,,,,False,False,False,0,0,,,7
u_00320,lp_academic_writing,2026-02-08 08:41:05+00:00,2026-02-08,2026-02-08 08:51:05+00:00,,,True,False,False,0,0,0.16666666666666666,,7
u_00321,lp_academic_writing,2026-02-08 16:21:58+00:00,2026-02-08,,,,False,False,False,0,0,,,7
u_00322,lp_academic_writing,2026-02-11 14:08:05+00:00,2026-02-11,2026-02-11 14:17:05+00:00,2026-02-11 14:38:05+00:00,academic_citation_helper,True,True,True,2,1,0.15,0.5,7
u_00323,lp_business_emails,2026-02-24 02:30:19+00:00,2026-02-24,2026-02-24 02:40:19+00:00,2026-02-24 02:53:19+00:00,smart_email_reply,True,True,True,1,0,0.16666666666666666,0.38333333333333336,7
u_00324,lp_business_emails,2026-02-20 03:38:08+00:00,2026-02-20,,,,False,False,False,0,0,,,7
u_00325,lp_academic_writing,2026-02-21 06:54:26+00:00,2026-02-21,2026-02-21 06:59:26+00:00,,,True,False,False,0,0,0.08333333333333333,,7
u_00326,lp_academic_writing,2026-02-16 16:22:22+00:00,2026-02-16,,,,False,False,False,0,0,,,7
u_00327,lp_business_emails,2026-02-02 08:05:17+00:00,2026-02-02,2026-02-02 08:10:17+00:00,,,True,False,False,0,0,0.08333333333333333,,7
u_00328,lp_academic_writing,2026-02-12 14:32:18+00:00,2026-02-12,2026-02-12 14:39:18+00:00,2026-02-12 15:29:18+00:00,academic_citation_helper,True,True,True,1,0,0.11666666666666667,0.95,7
u_00329,lp_business_emails,2026-02-06 03:05:26+00:00,2026-02-06,2026-02-06 03:08:26+00:00,,,True,False,False,0,0,0.05,,7
u_00330,lp_business_emails,2026-02-09 04:50:06+00:00,2026-02-09,,,,False,False,False,0,0,,,7
u_00331,lp_business_emails,2026-02-24 02:05:58+00:00,2026-02-24,,,,False,False,False,0,0,,,7
u_00332,lp_academic_writing,2026-02-25 18:19:10+00:00,2026-02-25,,,,False,False,False,0,0,,,7
u_00333,lp_business_emails,2026-02-21 16:22:50+00:00,2026-02-21,,,,False,False,False,0,0,,,7
u_00334,lp_academic_writing,2026-02-18 15:37:36+00:00,2026-02-18,,,,False,False,False,0,0,,,7
u_00335,lp_academic_writing,2026-02-05 18:06:09+00:00,2026-02-05,2026-02-05 18:14:09+00:00,2026-02-05 18:45:09+00:00,academic_citation_helper,True,True,True,4,1,0.13333333333333333,0.65,7
u_00336,lp_business_emails,2026-02-23 20:44:17+00:00,2026-02-23,,,,False,False,False,0,0,,,7
u_00337,lp_business_emails,2026-02-28 19:26:03+00:00,2026-02-28,2026-02-28 19:32:03+00:00,,,True,False,False,0,0,0.1,,7
u_00338,lp_academic_writing,2026-02-21 22:23:44+00:00,2026-02-21,2026-02-21 22:30:44+00:00,,,True,False,False,0,0,0.11666666666666667,,7
u_00339,lp_academic_writing,2026-02-25 10:07:29+00:00,2026-02-25,2026-02-25 10:10:29+00:00,2026-02-25 10:38:29+00:00,academic_citation_helper,True,True,True,4,1,0.05,0.5166666666666667,7
u_00340,lp_academic_writing,2026-02-08 02:16:49+00:00,2026-02-08,2026-02-08 02:18:49+00:00,2026-02-08 02:38:49+00:00,academic_citation_helper,True,True,True,2,1,0.03333333333333333,0.36666666666666664,7
u_00341,lp_academic_writing,2026-02-09 06:00:45+00:00,2026-02-09,,,,False,False,False,0,0,,,7
u_00342,lp_academic_writing,2026-02-06 11:07:21+00:00,2026-02-06,,,,False,False,False,0,0,,,7
u_00343,lp_academic_writing,2026-02-23 19:50:22+00:00,2026-02-23,2026-02-23 20:00:22+00:00,,,True,False,False,0,0,0.16666666666666666,,7
u_00344,lp_business_emails,2026-02-03 13:46:40+00:00,2026-02-03,,,,False,False,False,0,0,,,7
u_00345,lp_academic_writing,2026-02-09 19:24:40+00:00,2026-02-09,,,,False,False,False,0,0,,,7
u_00346,lp_academic_writing,2026-02-20 14:47:56+00:00,2026-02-20,2026-02-20 14:52:56+00:00,2026-02-20 15:47:56+00:00,academic_citation_helper,True,True,True,1,0,0.08333333333333333,1.0,7
u_00347,lp_academic_writing,2026-02-21 23:15:14+00:00,2026-02-21,,,,False,False,False,0,0,,,7
u_00348,lp_business_emails,2026-02-05 01:46:23+00:00,2026-02-05,2026-02-05 01:51:23+00:00,2026-02-05 02:51:23+00:00,smart_email_reply,True,True,True,1,0,0.08333333333333333,1.0833333333333333,7
u_00349,lp_business_emails,2026-02-11 19:29:22+00:00,2026-02-11,,,,False,False,False,0,0,,,7
u_00350,lp_academic_writing,2026-02-15 07:58:40+00:00,2026-02-15,,,,False,False,False,0,0,,,7
u_00351,lp_business_emails,2026-02-09 02:04:00+00:00,2026-02-09,,,,False,False,False,0,0,,,7
u_00352,lp_academic_writing,2026-02-24 13:01:00+00:00,2026-02-24,,,,False,False,False,0,0,,,7
u_00353,lp_academic_writing,2026-02-16 21:27:08+00:00,2026-02-16,2026-02-16 21:34:08+00:00,,,True,False,False,0,0,0.11666666666666667,,7
u_00354,lp_academic_writing,2026-02-25 21:58:56+00:00,2026-02-25,2026-02-25 22:06:56+00:00,2026-02-25 22:47:56+00:00,academic_citation_helper,True,True,True,1,0,0.13333333333333333,0.8166666666666667,7
u_00355,lp_business_emails,2026-02-17 11:04:31+00:00,2026-02-17,2026-02-17 11:09:31+00:00,2026-02-17 11:13:31+00:00,smart_email_reply,True,True,True,1,0,0.08333333333333333,0.15,7
u_00356,lp_academic_writing,2026-02-12 21:41:29+00:00,2026-02-12,2026-02-12 21:49:29+00:00,2026-02-12 22:40:29+00:00,academic_citation_helper,True,True,True,3,1,0.13333333333333333,0.9833333333333333,7
u_00357,lp_business_emails,2026-02-24 03:31:33+00:00,2026-02-24,,,,False,False,False,0,0,,,7
u_00358,lp_business_emails,2026-02-23 12:18:56+00:00,2026-02-23,,,,False,False,False,0,0,,,7
u_00359,lp_academic_writing,2026-02-26 00:38:06+00:00,2026-02-26,2026-02-26 00:39:06+00:00,2026-02-26 00:44:06+00:00,academic_citation_helper,True,True,True,1,0,0.016666666666666666,0.1,7
u_00360,lp_business_emails,2026-02-20 13:10:35+00:00,2026-02-20,,,,False,False,False,0,0,,,7
u_00361,lp_business_emails,2026-02-25 13:53:40+00:00,2026-02-25,2026-02-25 13:57:40+00:00,,,True,False,False,0,0,0.06666666666666667,,7
u_00362,lp_academic_writing,2026-02-19 20:59:21+00:00,2026-02-19,,,,False,False,False,0,0,,,7
u_00363,lp_academic_writing,2026-02-20 03:46:02+00:00,2026-02-20,2026-02-20 03:52:02+00:00,,,True,False,False,0,0,0.1,,7
u_00364,lp_academic_writing,2026-02-05 01:44:50+00:00,2026-02-05,2026-02-05 01:53:50+00:00,2026-02-05 02:26:50+00:00,academic_citation_helper,True,True,True,2,1,0.15,0.7,7
u_00365,lp_academic_writing,2026-02-06 07:53:26+00:00,2026-02-06,,,,False,False,False,0,0,,,7
u_00366,lp_academic_writing,2026-02-11 08:46:26+00:00,2026-02-11,,,,False,False,False,0,0,,,7
u_00367,lp_academic_writing,2026-02-20 00:55:43+00:00,2026-02-20,,,,False,False,False,0,0,,,7
u_00368,lp_academic_writing,2026-02-03 06:28:13+00:00,2026-02-03,,,,False,False,False,0,0,,,7
u_00369,lp_academic_writing,2026-02-09 00:46:27+00:00,2026-02-09,,,,False,False,False,0,0,,,7
u_00370,lp_business_emails,2026-02-25 00:34:17+00:00,2026-02-25,2026-02-25 00:40:17+00:00,2026-02-25 01:11:17+00:00,smart_email_reply,True,True,True,1,0,0.1,0.6166666666666667,7
u_00371,lp_business_emails,2026-02-20 14:48:20+00:00,2026-02-20,2026-02-20 14:53:20+00:00,2026-02-20 15:08:20+00:00,smart_email_reply,True,True,True,1,0,0.08333333333333333,0.3333333333333333,7
u_00372,lp_business_emails,2026-02-28 17:23:07+00:00,2026-02-28,,,,False,False,False,0,0,,,7
u_00373,lp_business_emails,2026-02-13 05:13:36+00:00,2026-02-13,2026-02-13 05:27:36+00:00,2026-02-13 05:32:36+00:00,smart_email_reply,True,True,True,1,0,0.23333333333333334,0.31666666666666665,7
u_00374,lp_business_emails,2026-02-08 10:59:57+00:00,2026-02-08,2026-02-08 11:03:57+00:00,,,True,False,False,0,0,0.06666666666666667,,7
u_00375,lp_business_emails,2026-02-09 15:29:59+00:00,2026-02-09,,,,False,False,False,0,0,,,7
u_00376,lp_academic_writing,2026-02-28 23:05:46+00:00,2026-02-28,,,,False,False,False,0,0,,,7
u_00377,lp_academic_writing,2026-02-20 12:49:10+00:00,2026-02-20,2026-02-20 12:57:10+00:00,2026-02-20 13:02:10+00:00,academic_citation_helper,True,True,True,3,1,0.13333333333333333,0.21666666666666667,7
u_00378,lp_academic_writing,2026-02-28 14:37:15+00:00,2026-02-28,2026-02-28 14:47:15+00:00,,,True,False,False,0,0,0.16666666666666666,,7
u_00379,lp_business_emails,2026-02-26 23:55:03+00:00,2026-02-26,,,,False,False,False,0,0,,,7
u_00380,lp_business_emails,2026-02-13 04:27:56+00:00,2026-02-13,,,,False,False,False,0,0,,,7
u_00381,lp_academic_writing,2026-02-19 14:09:20+00:00,2026-02-19,,,,False,False,False,0,0,,,7
u_00382,lp_business_emails,2026-02-15 07:25:00+00:00,2026-02-15,,,,False,False,False,0,0,,,7
u_00383,lp_business_emails,2026-02-28 06:44:18+00:00,2026-02-28,2026-02-28 06:57:18+00:00,,,True,False,False,0,0,0.21666666666666667,,7
u_00384,lp_business_emails,2026-02-27 09:03:42+00:00,2026-02-27,,,,False,False,False,0,0,,,7
u_00385,lp_academic_writing,2026-02-11 17:44:15+00:00,2026-02-11,2026-02-11 17:46:15+00:00,,,True,False,False,0,0,0.03333333333333333,,7
u_00386,lp_academic_writing,2026-02-15 22:19:23+00:00,2026-02-15,,,,False,False,False,0,0,,,7
u_00387,lp_business_emails,2026-02-13 00:06:05+00:00,2026-02-13,2026-02-13 00:18:05+00:00,,,True,False,False,0,0,0.2,,7
u_00388,lp_academic_writing,2026-02-18 00:41:46+00:00,2026-02-18,,,,False,False,False,0,0,,,7
u_00389,lp_business_emails,2026-02-09 11:05:00+00:00,2026-02-09,2026-02-09 11:18:00+00:00,2026-02-09 11:58:00+00:00,smart_email_reply,True,True,True,1,0,0.21666666666666667,0.8833333333333333,7
u_00390,lp_academic_writing,2026-02-11 00:18:43+00:00,2026-02-11,,,,False,False,False,0,0,,,7
u_00391,lp_academic_writing,2026-02-11 09:20:08+00:00,2026-02-11,,,,False,False,False,0,0,,,7
u_00392,lp_academic_writing,2026-02-18 12:25:38+00:00,2026-02-18,2026-02-18 12:28:38+00:00,2026-02-18 13:09:38+00:00,academic_citation_helper,True,True,True,2,1,0.05,0.7333333333333333,7
u_00393,lp_academic_writing,2026-02-11 16:02:18+00:00,2026-02-11,,,,False,False,False,0,0,,,7
u_00394,lp_academic_writing,2026-02-17 16:10:48+00:00,2026-02-17,2026-02-17 16:12:48+00:00,2026-02-17 17:04:48+00:00,academic_citation_helper,True,True,True,2,1,0.03333333333333333,0.9,7
u_00395,lp_academic_writing,2026-02-17 21:52:06+00:00,2026-02-17,2026-02-17 21:59:06+00:00,,,True,False,False,0,0,0.11666666666666667,,7
u_00396,lp_academic_writing,2026-02-06 00:45:03+00:00,2026-02-06,2026-02-06 00:47:03+00:00,2026-02-06 01:18:03+00:00,academic_citation_helper,True,True,True,1,0,0.03333333333333333,0.55,7
u_00397,lp_business_emails,2026-02-12 00:19:41+00:00,2026-02-12,,,,False,False,False,0,0,,,7
u_00398,lp_business_emails,2026-02-22 15:19:25+00:00,2026-02-22,2026-02-22 15:25:25+00:00,,,True,False,False,0,0,0.1,,7
u_00399,lp_academic_writing,2026-02-19 18:39:04+00:00,2026-02-19,,,,False,False,False,0,0,,,7
u_00400,lp_academic_writing,2026-02-22 10:35:03+00:00,2026-02-22,2026-02-22 10:40:03+00:00,2026-02-22 11:34:03+00:00,academic_citation_helper,True,True,True,1,0,0.08333333333333333,0.9833333333333333,7
u_00401,lp_academic_writing,2026-02-05 10:57:31+00:00,2026-02-05,2026-02-05 11:01:31+00:00,2026-02-05 11:31:31+00:00,academic_citation_helper,True,True,True,4,1,0.06666666666666667,0.5666666666666667,7
u_00402,lp_business_emails,2026-02-18 04:06:17+00:00,2026-02-18,2026-02-18 04:11:17+00:00,2026-02-18 05:08:17+00:00,smart_email_reply,True,True,True,1,0,0.08333333333333333,1.0333333333333334,7
u_00403,lp_academic_writing,2026-02-24 13:48:09+00:00,2026-02-24,,,,False,False,False,0,0,,,7
u_00404,lp_business_emails,2026-02-06 00:52:50+00:00,2026-02-06,,,,False,False,False,0,0,,,7
u_00405,lp_academic_writing,2026-02-19 16:54:59+00:00,2026-02-19,,,,False,False,False,0,0,,,7
u_00406,lp_academic_writing,2026-02-03 04:46:46+00:00,2026-02-03,,,,False,False,False,0,0,,,7
u_00407,lp_business_emails,2026-02-13 12:19:23+00:00,2026-02-13,2026-02-13 12:27:23+00:00,2026-02-13 12:31:23+00:00,smart_email_reply,True,True,True,1,0,0.13333333333333333,0.2,7
u_00408,lp_academic_writing,2026-02-02 23:30:58+00:00,2026-02-02,2026-02-02 23:36:58+00:00,2026-02-03 00:31:58+00:00,academic_citation_helper,True,True,True,2,1,0.1,1.0166666666666666,7
u_00409,lp_business_emails,2026-02-17 12:10:53+00:00,2026-02-17,2026-02-17 12:20:53+00:00,2026-02-17 12:35:53+00:00,smart_email_reply,True,True,True,1,0,0.16666666666666666,0.4166666666666667,7
u_00410,lp_business_emails,2026-02-12 13:57:50+00:00,2026-02-12,2026-02-12 13:59:50+00:00,2026-02-12 14:39:50+00:00,smart_email_reply,True,True,True,1,0,0.03333333333333333,0.7,7
u_00411,lp_academic_writing,2026-02-27 04:46:35+00:00,2026-02-27,,,,False,False,False,0,0,,,7
u_00412,lp_business_emails,2026-02-27 15:06:17+00:00,2026-02-27,,,,False,False,False,0,0,,,7
u_00413,lp_academic_writing,2026-02-28 18:06:46+00:00,2026-02-28,,,,False,False,False,0,0,,,7
u_00414,lp_business_emails,2026-02-01 01:11:35+00:00,2026-02-01,2026-02-01 01:16:35+00:00,,,True,False,False,0,0,0.08333333333333333,,7
u_00415,lp_academic_writing,2026-02-24 09:08:29+00:00,2026-02-24,,,,False,False,False,0,0,,,7
u_00416,lp_academic_writing,2026-02-17 20:01:18+00:00,2026-02-17,,,,False,False,False,0,0,,,7
u_00417,lp_academic_writing,2026-02-07 18:57:12+00:00,2026-02-07,2026-02-07 19:03:12+00:00,2026-02-07 19:17:12+00:00,academic_citation_helper,True,True,True,1,0,0.1,0.3333333333333333,7
u_00418,lp_business_emails,2026-02-09 13:03:16+00:00,2026-02-09,2026-02-09 13:11:16+00:00,2026-02-09 14:04:16+00:00,smart_email_reply,True,True,True,1,0,0.13333333333333333,1.0166666666666666,7
u_00419,lp_business_emails,2026-02-03 09:09:16+00:00,2026-02-03,2026-02-03 09:16:16+00:00,,,True,False,False,0,0,0.11666666666666667,,7
u_00420,lp_business_emails,2026-02-26 14:16:17+00:00,2026-02-26,,,,False,False,False,0,0,,,7
u_00421,lp_business_emails,2026-02-05 03:44:34+00:00,2026-02-05,,,,False,False,False,0,0,,,7
u_00422,lp_business_emails,2026-02-24 00:08:23+00:00,2026-02-24,,,,False,False,False,0,0,,,7
u_00423,lp_academic_writing,2026-02-09 02:06:35+00:00,2026-02-09,2026-02-09 02:12:35+00:00,,,True,False,False,0,0,0.1,,7
u_00424,lp_academic_writing,2026-02-27 14:14:35+00:00,2026-02-27,,,,False,False,False,0,0,,,7
u_00425,lp_business_emails,2026-02-05 05:02:07+00:00,2026-02-05,,,,False,False,False,0,0,,,7
u_00426,lp_academic_writing,2026-02-02 12:07:13+00:00,2026-02-02,,,,False,False,False,0,0,,,7
u_00427,lp_academic_writing,2026-02-23 06:54:01+00:00,2026-02-23,2026-02-23 06:57:01+00:00,,,True,False,False,0,0,0.05,,7
u_00428,lp_academic_writing,2026-02-12 18:30:36+00:00,2026-02-12,,,,False,False,False,0,0,,,7
u_00429,lp_business_emails,2026-02-10 15:32:31+00:00,2026-02-10,,,,False,False,False,0,0,,,7
u_00430,lp_academic_writing,2026-02-25 06:58:05+00:00,2026-02-25,,,,False,False,False,0,0,,,7
u_00431,lp_academic_writing,2026-02-21 00:48:09+00:00,2026-02-21,,,,False,False,False,0,0,,,7
u_00432,lp_academic_writing,2026-02-25 19:31:06+00:00,2026-02-25,,,,False,False,False,0,0,,,7
u_00433,lp_business_emails,2026-02-07 15:35:15+00:00,2026-02-07,2026-02-07 15:39:15+00:00,,,True,False,False,0,0,0.06666666666666667,,7
u_00434,lp_academic_writing,2026-02-26 22:38:59+00:00,2026-02-26,,,,False,False,False,0,0,,,7
u_00435,lp_business_emails,2026-02-09 03:40:29+00:00,2026-02-09,,,,False,False,False,0,0,,,7
u_00436,lp_business_emails,2026-02-16 10:32:37+00:00,2026-02-16,2026-02-16 10:33:37+00:00,,,True,False,False,0,0,0.016666666666666666,,7
u_00437,lp_business_emails,2026-02-21 18:15:09+00:00,2026-02-21,2026-02-21 18:17:09+00:00,2026-02-21 19:09:09+00:00,smart_email_reply,True,True,True,1,0,0.03333333333333333,0.9,7
u_00438,lp_academic_writing,2026-02-03 12:57:11+00:00,2026-02-03,2026-02-03 12:59:11+00:00,2026-02-03 13:21:11+00:00,academic_citation_helper,True,True,True,2,1,0.03333333333333333,0.4,7
u_00439,lp_business_emails,2026-02-21 04:46:09+00:00,2026-02-21,2026-02-21 04:49:09+00:00,2026-02-21 05:35:09+00:00,smart_email_reply,True,True,True,1,0,0.05,0.8166666666666667,7
u_00440,lp_academic_writing,2026-02-05 12:27:43+00:00,2026-02-05,,,,False,False,False,0,0,,,7
u_00441,lp_business_emails,2026-02-05 16:19:03+00:00,2026-02-05,2026-02-05 16:23:03+00:00,,,True,False,False,0,0,0.06666666666666667,,7
u_00442,lp_business_emails,2026-02-06 23:05:11+00:00,2026-02-06,2026-02-06 23:16:11+00:00,,,True,False,False,0,0,0.18333333333333332,,7
u_00443,lp_business_emails,2026-02-19 16:26:50+00:00,2026-02-19,,,,False,False,False,0,0,,,7
u_00444,lp_academic_writing,2026-02-14 14:02:04+00:00,2026-02-14,2026-02-14 14:08:04+00:00,2026-02-14 14:56:04+00:00,academic_citation_helper,True,True,True,3,1,0.1,0.9,7
u_00445,lp_business_emails,2026-02-28 11:48:24+00:00,2026-02-28,,,,False,False,False,0,0,,,7
u_00446,lp_academic_writing,2026-02-07 21:40:49+00:00,2026-02-07,2026-02-07 21:47:49+00:00,,,True,False,False,0,0,0.11666666666666667,,7
u_00447,lp_academic_writing,2026-02-07 17:53:44+00:00,2026-02-07,,,,False,False,False,0,0,,,7
u_00448,lp_business_emails,2026-02-09 05:03:18+00:00,2026-02-09,,,,False,False,False,0,0,,,7
u_00449,lp_academic_writing,2026-02-04 05:49:37+00:00,2026-02-04,,,,False,False,False,0,0,,,7
u_00450,lp_business_emails,2026-02-05 17:03:21+00:00,2026-02-05,2026-02-05 17:11:21+00:00,,,True,False,False,0,0,0.13333333333333333,,7
u_00451,lp_academic_writing,2026-02-25 06:04:11+00:00,2026-02-25,,,,False,False,False,0,0,,,7
u_00452,lp_business_emails,2026-02-13 01:44:45+00:00,2026-02-13,2026-02-13 01:55:45+00:00,2026-02-13 02:34:45+00:00,smart_email_reply,True,True,True,1,0,0.18333333333333332,0.8333333333333334,7
u_00453,lp_academic_writing,2026-02-14 11:03:42+00:00,2026-02-14,2026-02-14 11:07:42+00:00,,,True,False,False,0,0,0.06666666666666667,,7
u_00454,lp_business_emails,2026-02-25 05:32:09+00:00,2026-02-25,,,,False,False,False,0,0,,,7
u_00455,lp_academic_writing,2026-02-26 07:32:18+00:00,2026-02-26,2026-02-26 07:37:18+00:00,2026-02-26 08:32:18+00:00,academic_citation_helper,True,True,True,1,0,0.08333333333333333,1.0,7
u_00456,lp_academic_writing,2026-02-05 05:11:14+00:00,2026-02-05,,,,False,False,False,0,0,,,7
u_00457,lp_business_emails,2026-02-11 20:33:42+00:00,2026-02-11,,,,False,False,False,0,0,,,7
u_00458,lp_academic_writing,2026-02-26 11:40:29+00:00,2026-02-26,,,,False,False,False,0,0,,,7
u_00459,lp_business_emails,2026-02-19 18:39:25+00:00,2026-02-19,2026-02-19 18:49:25+00:00,2026-02-19 18:52:25+00:00,smart_email_reply,True,True,True,1,0,0.16666666666666666,0.21666666666666667,7
u_00460,lp_business_emails,2026-02-03 06:47:33+00:00,2026-02-03,2026-02-03 06:52:33+00:00,,,True,False,False,0,0,0.08333333333333333,,7
u_00461,lp_academic_writing,2026-02-05 12:14:14+00:00,2026-02-05,,,,False,False,False,0,0,,,7
u_00462,lp_academic_writing,2026-02-24 11:24:31+00:00,2026-02-24,2026-02-24 11:34:31+00:00,2026-02-24 11:41:31+00:00,academic_citation_helper,True,True,True,1,0,0.16666666666666666,0.2833333333333333,7
u_00463,lp_business_emails,2026-02-11 21:46:28+00:00,2026-02-11,2026-02-11 21:54:28+00:00,2026-02-11 22:12:28+00:00,smart_email_reply,True,True,True,1,0,0.13333333333333333,0.43333333333333335,7
u_00464,lp_business_emails,2026-02-01 13:42:08+00:00,2026-02-01,2026-02-01 13:50:08+00:00,,,True,False,False,0,0,0.13333333333333333,,7
u_00465,lp_business_emails,2026-02-18 03:27:44+00:00,2026-02-18,,,,False,False,False,0,0,,,7
u_00466,lp_academic_writing,2026-02-14 11:24:23+00:00,2026-02-14,2026-02-14 11:30:23+00:00,2026-02-14 12:03:23+00:00,academic_citation_helper,True,True,True,1,0,0.1,0.65,7
u_00467,lp_academic_writing,2026-02-21 11:11:54+00:00,2026-02-21,2026-02-21 11:19:54+00:00,2026-02-21 11:36:54+00:00,academic_citation_helper,True,True,True,2,1,0.13333333333333333,0.4166666666666667,7
u_00468,lp_business_emails,2026-02-27 04:27:35+00:00,2026-02-27,,,,False,False,False,0,0,,,7
u_00469,lp_business_emails,2026-02-05 07:47:13+00:00,2026-02-05,2026-02-05 07:49:13+00:00,2026-02-05 07:52:13+00:00,smart_email_reply,True,True,True,1,0,0.03333333333333333,0.08333333333333333,7
u_00470,lp_business_emails,2026-02-21 02:56:32+00:00,2026-02-21,,,,False,False,False,0,0,,,7
u_00471,lp_business_emails,2026-02-16 13:46:28+00:00,2026-02-16,,,,False,False,False,0,0,,,7
u_00472,lp_academic_writing,2026-02-24 23:54:59+00:00,2026-02-24,2026-02-25 00:03:59+00:00,,,True,False,False,0,0,0.15,,7
u_00473,lp_business_emails,2026-02-15 13:29:48+00:00,2026-02-15,,,,False,False,False,0,0,,,7
u_00474,lp_business_emails,2026-02-09 12:49:04+00:00,2026-02-09,,,,False,False,False,0,0,,,7
u_00475,lp_business_emails,2026-02-11 07:55:30+00:00,2026-02-11,,,,False,False,False,0,0,,,7
u_00476,lp_academic_writing,2026-02-07 20:42:29+00:00,2026-02-07,,,,False,False,False,0,0,,,7
u_00477,lp_academic_writing,2026-02-15 05:24:23+00:00,2026-02-15,2026-02-15 05:28:23+00:00,,,True,False,False,0,0,0.06666666666666667,,7
u_00478,lp_business_emails,2026-02-03 16:11:25+00:00,2026-02-03,,,,False,False,False,0,0,,,7
u_00479,lp_business_emails,2026-02-19 22:34:33+00:00,2026-02-19,,,,False,False,False,0,0,,,7
u_00480,lp_academic_writing,2026-02-16 19:03:25+00:00,2026-02-16,2026-02-16 19:11:25+00:00,2026-02-16 19:57:25+00:00,academic_citation_helper,True,True,True,1,0,0.13333333333333333,0.9,7
u_00481,lp_business_emails,2026-02-09 18:16:57+00:00,2026-02-09,,,,False,False,False,0,0,,,7
u_00482,lp_business_emails,2026-02-21 19:37:02+00:00,2026-02-21,,,,False,False,False,0,0,,,7
u_00483,lp_academic_writing,2026-02-28 03:05:51+00:00,2026-02-28,,,,False,False,False,0,0,,,7
u_00484,lp_business_emails,2026-02-11 14:44:40+00:00,2026-02-11,2026-02-11 14:57:40+00:00,2026-02-11 15:35:40+00:00,smart_email_reply,True,True,True,1,0,0.21666666666666667,0.85,7
u_00485,lp_academic_writing,2026-02-08 23:16:42+00:00,2026-02-08,,,,False,False,False,0,0,,,7
u_00486,lp_business_emails,2026-02-18 08:03:01+00:00,2026-02-18,,,,False,False,False,0,0,,,7
u_00487,lp_academic_writing,2026-02-09 01:07:03+00:00,2026-02-09,,,,False,False,False,0,0,,,7
u_00488,lp_business_emails,2026-02-27 08:39:20+00:00,2026-02-27,2026-02-27 08:40:20+00:00,2026-02-27 09:39:20+00:00,smart_email_reply,True,True,True,1,0,0.016666666666666666,1.0,7
u_00489,lp_academic_writing,2026-02-14 01:57:45+00:00,2026-02-14,,,,False,False,False,0,0,,,7
u_00490,lp_business_emails,2026-02-15 04:09:46+00:00,2026-02-15,2026-02-15 04:22:46+00:00,2026-02-15 04:45:46+00:00,smart_email_reply,True,True,True,1,0,0.21666666666666667,0.6,7
u_00491,lp_academic_writing,2026-02-10 10:03:01+00:00,2026-02-10,,,,False,False,False,0,0,,,7
u_00492,lp_business_emails,2026-02-13 03:09:13+00:00,2026-02-13,,,,False,False,False,0,0,,,7
u_00493,lp_academic_writing,2026-02-02 07:25:11+00:00,2026-02-02,,,,False,False,False,0,0,,,7
u_00494,lp_academic_writing,2026-02-02 19:09:11+00:00,2026-02-02,,,,False,False,False,0,0,,,7
u_00495,lp_business_emails,2026-02-12 05:25:12+00:00,2026-02-12,2026-02-12 05:26:12+00:00,2026-02-12 06:23:12+00:00,smart_email_reply,True,True,True,1,0,0.016666666666666666,0.9666666666666667,7
u_00496,lp_business_emails,2026-02-15 22:50:35+00:00,2026-02-15,2026-02-15 23:01:35+00:00,,,True,False,False,0,0,0.18333333333333332,,7
u_00497,lp_academic_writing,2026-02-13 13:30:24+00:00,2026-02-13,2026-02-13 13:39:24+00:00,2026-02-13 14:07:24+00:00,academic_citation_helper,True,True,True,1,0,0.15,0.6166666666666667,7
u_00498,lp_business_emails,2026-02-02 16:23:36+00:00,2026-02-02,,,,False,False,False,0,0,,,7
u_00499,lp_business_emails,2026-02-26 07:25:50+00:00,2026-02-26,2026-02-26 07:32:50+00:00,2026-02-26 07:47:50+00:00,smart_email_reply,True,True,True,1,0,0.11666666666666667,0.36666666666666664,7
u_00500,lp_academic_writing,2026-02-01 03:42:22+00:00,2026-02-01,,,,False,False,False,0,0,,,7
u_00501,lp_academic_writing,2026-02-09 21:38:15+00:00,2026-02-09,,,,False,False,False,0,0,,,7
u_00502,lp_academic_writing,2026-02-26 16:41:42+00:00,2026-02-26,,,,False,False,False,0,0,,,7
u_00503,lp_academic_writing,2026-02-15 14:22:49+00:00,2026-02-15,2026-02-15 14:31:49+00:00,2026-02-15 15:17:49+00:00,academic_citation_helper,True,True,True,3,1,0.15,0.9166666666666666,7
u_00504,lp_academic_writing,2026-02-13 20:13:44+00:00,2026-02-13,,,,False,False,False,0,0,,,7
u_00505,lp_academic_writing,2026-02-12 09:13:48+00:00,2026-02-12,,,,False,False,False,0,0,,,7
u_00506,lp_academic_writing,2026-02-09 06:01:05+00:00,2026-02-09,,,,False,False,False,0,0,,,7
u_00507,lp_academic_writing,2026-02-08 01:17:58+00:00,2026-02-08,,,,False,False,False,0,0,,,7
u_00508,lp_academic_writing,2026-02-18 22:57:07+00:00,2026-02-18,,,,False,False,False,0,0,,,7
u_00509,lp_academic_writing,2026-02-22 09:59:20+00:00,2026-02-22,2026-02-22 10:00:20+00:00,,,True,False,False,0,0,0.016666666666666666,,7
u_00510,lp_business_emails,2026-02-28 12:28:13+00:00,2026-02-28,2026-02-28 12:42:13+00:00,2026-02-28 13:30:13+00:00,smart_email_reply,True,True,True,1,0,0.23333333333333334,1.0333333333333334,7
u_00511,lp_business_emails,2026-02-22 21:23:00+00:00,2026-02-22,,,,False,False,False,0,0,,,7
u_00512,lp_business_emails,2026-02-24 17:52:17+00:00,2026-02-24,2026-02-24 17:59:17+00:00,2026-02-24 18:11:17+00:00,smart_email_reply,True,True,True,1,0,0.11666666666666667,0.31666666666666665,7
u_00513,lp_academic_writing,2026-02-04 06:38:01+00:00,2026-02-04,,,,False,False,False,0,0,,,7
u_00514,lp_business_emails,2026-02-10 10:45:29+00:00,2026-02-10,,,,False,False,False,0,0,,,7
u_00515,lp_academic_writing,2026-02-22 15:31:11+00:00,2026-02-22,2026-02-22 15:32:11+00:00,2026-02-22 16:00:11+00:00,academic_citation_helper,True,True,True,2,1,0.016666666666666666,0.48333333333333334,7
u_00516,lp_business_emails,2026-02-15 12:58:11+00:00,2026-02-15,2026-02-15 13:12:11+00:00,,,True,False,False,0,0,0.23333333333333334,,7
u_00517,lp_academic_writing,2026-02-21 00:11:09+00:00,2026-02-21,,,,False,False,False,0,0,,,7
u_00518,lp_business_emails,2026-02-15 06:05:21+00:00,2026-02-15,,,,False,False,False,0,0,,,7
u_00519,lp_business_emails,2026-02-28 07:18:15+00:00,2026-02-28,,,,False,False,False,0,0,,,7
u_00520,lp_academic_writing,2026-02-03 00:55:59+00:00,2026-02-03,,,,False,False,False,0,0,,,7
u_00521,lp_academic_writing,2026-02-02 07:33:34+00:00,2026-02-02,2026-02-02 07:34:34+00:00,,,True,False,False,0,0,0.016666666666666666,,7
u_00522,lp_business_emails,2026-02-15 07:48:27+00:00,2026-02-15,,,,False,False,False,0,0,,,7
u_00523,lp_business_emails,2026-02-12 17:40:17+00:00,2026-02-12,,,,False,False,False,0,0,,,7
u_00524,lp_business_emails,2026-02-04 07:35:25+00:00,2026-02-04,2026-02-04 07:42:25+00:00,,,True,False,False,0,0,0.11666666666666667,,7
u_00525,lp_academic_writing,2026-02-11 12:20:48+00:00,2026-02-11,2026-02-11 12:23:48+00:00,2026-02-11 13:15:48+00:00,academic_citation_helper,True,True,True,1,0,0.05,0.9166666666666666,7
u_00526,lp_business_emails,2026-02-22 03:02:00+00:00,2026-02-22,2026-02-22 03:15:00+00:00,,,True,False,False,0,0,0.21666666666666667,,7
u_00527,lp_business_emails,2026-02-15 09:57:53+00:00,2026-02-15,,,,False,False,False,0,0,,,7
u_00528,lp_academic_writing,2026-02-10 10:37:01+00:00,2026-02-10,,,,False,False,False,0,0,,,7
u_00529,lp_academic_writing,2026-02-14 10:23:16+00:00,2026-02-14,,,,False,False,False,0,0,,,7
u_00530,lp_academic_writing,2026-02-03 15:20:15+00:00,2026-02-03,2026-02-03 15:25:15+00:00,2026-02-03 15:44:15+00:00,academic_citation_helper,True,True,True,3,1,0.08333333333333333,0.4,7
u_00531,lp_academic_writing,2026-02-26 17:25:13+00:00,2026-02-26,,,,False,False,False,0,0,,,7
u_00532,lp_academic_writing,2026-02-23 17:55:19+00:00,2026-02-23,,,,False,False,False,0,0,,,7
u_00533,lp_academic_writing,2026-02-27 02:00:26+00:00,2026-02-27,2026-02-27 02:02:26+00:00,,,True,False,False,0,0,0.03333333333333333,,7
u_00534,lp_academic_writing,2026-02-13 07:02:07+00:00,2026-02-13,2026-02-13 07:10:07+00:00,2026-02-13 07:53:07+00:00,academic_citation_helper,True,True,True,1,0,0.13333333333333333,0.85,7
u_00535,lp_academic_writing,2026-02-25 09:10:22+00:00,2026-02-25,,,,False,False,False,0,0,,,7
u_00536,lp_business_emails,2026-02-19 14:00:11+00:00,2026-02-19,,,,False,False,False,0,0,,,7
u_00537,lp_business_emails,2026-02-27 09:23:33+00:00,2026-02-27,,,,False,False,False,0,0,,,7
u_00538,lp_academic_writing,2026-02-02 15:23:39+00:00,2026-02-02,2026-02-02 15:33:39+00:00,,,True,False,False,0,0,0.16666666666666666,,7
u_00539,lp_academic_writing,2026-02-06 20:28:50+00:00,2026-02-06,,,,False,False,False,0,0,,,7
u_00540,lp_academic_writing,2026-02-18 15:03:05+00:00,2026-02-18,2026-02-18 15:06:05+00:00,2026-02-18 15:52:05+00:00,academic_citation_helper,True,True,True,1,0,0.05,0.8166666666666667,7
u_00541,lp_academic_writing,2026-02-24 02:34:14+00:00,2026-02-24,2026-02-24 02:42:14+00:00,2026-02-24 03:21:14+00:00,academic_citation_helper,True,True,True,1,0,0.13333333333333333,0.7833333333333333,7
u_00542,lp_business_emails,2026-02-26 08:28:08+00:00,2026-02-26,,,,False,False,False,0,0,,,7
u_00543,lp_business_emails,2026-02-02 14:46:46+00:00,2026-02-02,,,,False,False,False,0,0,,,7
u_00544,lp_business_emails,2026-02-11 01:09:54+00:00,2026-02-11,2026-02-11 01:19:54+00:00,2026-02-11 01:55:54+00:00,smart_email_reply,True,True,True,1,0,0.16666666666666666,0.7666666666666667,7
u_00545,lp_academic_writing,2026-02-10 10:31:25+00:00,2026-02-10,,,,False,False,False,0,0,,,7
u_00546,lp_academic_writing,2026-02-15 04:56:18+00:00,2026-02-15,,,,False,False,False,0,0,,,7
u_00547,lp_business_emails,2026-02-24 03:03:06+00:00,2026-02-24,,,,False,False,False,0,0,,,7
u_00548,lp_business_emails,2026-02-13 07:11:05+00:00,2026-02-13,,,,False,False,False,0,0,,,7
u_00549,lp_academic_writing,2026-02-12 04:39:36+00:00,2026-02-12,,,,False,False,False,0,0,,,7
u_00550,lp_academic_writing,2026-02-23 19:13:00+00:00,2026-02-23,2026-02-23 19:20:00+00:00,2026-02-23 19:42:00+00:00,academic_citation_helper,True,True,True,3,1,0.11666666666666667,0.48333333333333334,7
u_00551,lp_business_emails,2026-02-03 03:07:24+00:00,2026-02-03,,,,False,False,False,0,0,,,7
u_00552,lp_academic_writing,2026-02-19 15:30:35+00:00,2026-02-19,,,,False,False,False,0,0,,,7
u_00553,lp_academic_writing,2026-02-03 10:07:02+00:00,2026-02-03,,,,False,False,False,0,0,,,7
u_00554,lp_academic_writing,2026-02-24 20:35:24+00:00,2026-02-24,2026-02-24 20:40:24+00:00,,,True,False,False,0,0,0.08333333333333333,,7
u_00555,lp_academic_writing,2026-02-08 13:44:37+00:00,2026-02-08,2026-02-08 13:50:37+00:00,,,True,False,False,0,0,0.1,,7
u_00556,lp_business_emails,2026-02-09 08:21:35+00:00,2026-02-09,2026-02-09 08:24:35+00:00,2026-02-09 08:58:35+00:00,smart_email_reply,True,True,True,1,0,0.05,0.6166666666666667,7
u_00557,lp_academic_writing,2026-02-10 16:51:19+00:00,2026-02-10,,,,False,False,False,0,0,,,7
u_00558,lp_business_emails,2026-02-14 11:41:51+00:00,2026-02-14,,,,False,False,False,0,0,,,7
u_00559,lp_business_emails,2026-02-06 14:01:44+00:00,2026-02-06,2026-02-06 14:11:44+00:00,,,True,False,False,0,0,0.16666666666666666,,7
u_00560,lp_business_emails,2026-02-05 06:52:44+00:00,2026-02-05,,,,False,False,False,0,0,,,7
u_00561,lp_business_emails,2026-02-02 22:43:17+00:00,2026-02-02,,,,False,False,False,0,0,,,7
u_00562,lp_academic_writing,2026-02-02 17:29:02+00:00,2026-02-02,,,,False,False,False,0,0,,,7
u_00563,lp_academic_writing,2026-02-03 20:27:56+00:00,2026-02-03,2026-02-03 20:28:56+00:00,2026-02-03 21:23:56+00:00,academic_citation_helper,True,True,True,4,1,0.016666666666666666,0.9333333333333333,7
u_00564,lp_business_emails,2026-02-11 17:35:47+00:00,2026-02-11,2026-02-11 17:39:47+00:00,,,True,False,False,0,0,0.06666666666666667,,7
u_00565,lp_academic_writing,2026-02-19 06:21:46+00:00,2026-02-19,,,,False,False,False,0,0,,,7
u_00566,lp_business_emails,2026-02-19 13:42:17+00:00,2026-02-19,2026-02-19 13:55:17+00:00,,,True,False,False,0,0,0.21666666666666667,,7
u_00567,lp_business_emails,2026-02-20 03:56:14+00:00,2026-02-20,2026-02-20 03:58:14+00:00,,,True,False,False,0,0,0.03333333333333333,,7
u_00568,lp_business_emails,2026-02-19 15:30:54+00:00,2026-02-19,2026-02-19 15:41:54+00:00,,,True,False,False,0,0,0.18333333333333332,,7
u_00569,lp_academic_writing,2026-02-10 10:52:12+00:00,2026-02-10,,,,False,False,False,0,0,,,7
u_00570,lp_academic_writing,2026-02-15 03:30:03+00:00,2026-02-15,,,,False,False,False,0,0,,,7
u_00571,lp_business_emails,2026-02-24 22:38:52+00:00,2026-02-24,,,,False,False,False,0,0,,,7
u_00572,lp_business_emails,2026-02-06 20:59:52+00:00,2026-02-06,,,,False,False,False,0,0,,,7
u_00573,lp_business_emails,2026-02-16 11:21:51+00:00,2026-02-16,,,,False,False,False,0,0,,,7
u_00574,lp_academic_writing,2026-02-19 23:40:03+00:00,2026-02-19,,,,False,False,False,0,0,,,7
u_00575,lp_business_emails,2026-02-22 05:03:54+00:00,2026-02-22,,,,False,False,False,0,0,,,7
u_00576,lp_business_emails,2026-02-12 04:46:23+00:00,2026-02-12,,,,False,False,False,0,0,,,7
u_00577,lp_academic_writing,2026-02-08 22:03:33+00:00,2026-02-08,2026-02-08 22:13:33+00:00,2026-02-08 22:22:33+00:00,academic_citation_helper,True,True,True,4,1,0.16666666666666666,0.31666666666666665,7
u_00578,lp_academic_writing,2026-02-21 16:22:25+00:00,2026-02-21,2026-02-21 16:25:25+00:00,,,True,False,False,0,0,0.05,,7
u_00579,lp_academic_writing,2026-02-14 11:22:12+00:00,2026-02-14,2026-02-14 11:32:12+00:00,,,True,False,False,0,0,0.16666666666666666,,7
u_00580,lp_academic_writing,2026-02-12 13:36:34+00:00,2026-02-12,,,,False,False,False,0,0,,,7
u_00581,lp_business_emails,2026-02-11 21:54:57+00:00,2026-02-11,2026-02-11 22:06:57+00:00,2026-02-11 22:46:57+00:00,smart_email_reply,True,True,True,1,0,0.2,0.8666666666666667,7
u_00582,lp_academic_writing,2026-02-22 07:10:32+00:00,2026-02-22,,,,False,False,False,0,0,,,7
u_00583,lp_business_emails,2026-02-23 21:24:10+00:00,2026-02-23,,,,False,False,False,0,0,,,7
u_00584,lp_academic_writing,2026-02-05 03:20:55+00:00,2026-02-05,,,,False,False,False,0,0,,,7
u_00585,lp_academic_writing,2026-02-19 03:43:50+00:00,2026-02-19,,,,False,False,False,0,0,,,7
u_00586,lp_business_emails,2026-02-10 21:39:13+00:00,2026-02-10,,,,False,False,False,0,0,,,7
u_00587,lp_business_emails,2026-02-22 01:22:06+00:00,2026-02-22,2026-02-22 01:28:06+00:00,,,True,False,False,0,0,0.1,,7
u_00588,lp_academic_writing,2026-02-18 14:27:36+00:00,2026-02-18,,,,False,False,False,0,0,,,7
u_00589,lp_academic_writing,2026-02-03 09:38:56+00:00,2026-02-03,,,,False,False,False,0,0,,,7
u_00590,lp_business_emails,2026-02-15 09:52:59+00:00,2026-02-15,,,,False,False,False,0,0,,,7
u_00591,lp_business_emails,2026-02-01 11:44:05+00:00,2026-02-01,,,,False,False,False,0,0,,,7
u_00592,lp_academic_writing,2026-02-07 06:18:11+00:00,2026-02-07,2026-02-07 06:23:11+00:00,,,True,False,False,0,0,0.08333333333333333,,7
u_00593,lp_business_emails,2026-02-22 22:50:21+00:00,2026-02-22,,,,False,False,False,0,0,,,7
u_00594,lp_academic_writing,2026-02-12 07:12:05+00:00,2026-02-12,2026-02-12 07:13:05+00:00,,,True,False,False,0,0,0.016666666666666666,,7
u_00595,lp_academic_writing,2026-02-05 16:42:38+00:00,2026-02-05,,,,False,False,False,0,0,,,7
u_00596,lp_academic_writing,2026-02-11 01:05:04+00:00,2026-02-11,2026-02-11 01:10:04+00:00,,,True,False,False,0,0,0.08333333333333333,,7
u_00597,lp_business_emails,2026-02-11 22:12:57+00:00,2026-02-11,2026-02-11 22:18:57+00:00,,,True,False,False,0,0,0.1,,7
u_00598,lp_academic_writing,2026-02-08 03:30:15+00:00,2026-02-08,,,,False,False,False,0,0,,,7
u_00599,lp_academic_writing,2026-02-27 21:56:35+00:00,2026-02-27,2026-02-27 21:58:35+00:00,2026-02-27 22:50:35+00:00,academic_citation_helper,True,True,True,3,1,0.03333333333333333,0.9,7
u_00600,lp_academic_writing,2026-02-19 00:11:12+00:00,2026-02-19,,,,False,False,False,0,0,,,7
u_00601,lp_academic_writing,2026-02-13 20:16:55+00:00,2026-02-13,,,,False,False,False,0,0,,,7
u_00602,lp_academic_writing,2026-02-14 15:35:31+00:00,2026-02-14,,,,False,False,False,0,0,,,7
u_00603,lp_academic_writing,2026-02-04 03:33:42+00:00,2026-02-04,2026-02-04 03:36:42+00:00,2026-02-04 03:43:42+00:00,academic_citation_helper,True,True,True,3,1,0.05,0.16666666666666666,7
u_00604,lp_business_emails,2026-02-25 03:16:53+00:00,2026-02-25,2026-02-25 03:21:53+00:00,2026-02-25 03:33:53+00:00,smart_email_reply,True,True,True,1,0,0.08333333333333333,0.2833333333333333,7
u_00605,lp_business_emails,2026-02-07 05:56:12+00:00,2026-02-07,2026-02-07 06:10:12+00:00,,,True,False,False,0,0,0.23333333333333334,,7
u_00606,lp_academic_writing,2026-02-24 00:06:11+00:00,2026-02-24,,,,False,False,False,0,0,,,7
u_00607,lp_business_emails,2026-02-11 04:39:05+00:00,2026-02-11,,,,False,False,False,0,0,,,7
u_00608,lp_academic_writing,2026-02-25 01:49:56+00:00,2026-02-25,,,,False,False,False,0,0,,,7
u_00609,lp_business_emails,2026-02-28 13:35:44+00:00,2026-02-28,,,,False,False,False,0,0,,,7
u_00610,lp_academic_writing,2026-02-06 02:42:48+00:00,2026-02-06,2026-02-06 02:47:48+00:00,2026-02-06 03:14:48+00:00,academic_citation_helper,True,True,True,2,1,0.08333333333333333,0.5333333333333333,7
u_00611,lp_business_emails,2026-02-06 00:20:11+00:00,2026-02-06,2026-02-06 00:30:11+00:00,,,True,False,False,0,0,0.16666666666666666,,7
u_00612,lp_business_emails,2026-02-17 01:42:49+00:00,2026-02-17,,,,False,False,False,0,0,,,7
u_00613,lp_academic_writing,2026-02-09 08:08:39+00:00,2026-02-09,2026-02-09 08:13:39+00:00,2026-02-09 08:25:39+00:00,academic_citation_helper,True,True,True,2,1,0.08333333333333333,0.2833333333333333,7
u_00614,lp_academic_writing,2026-02-26 08:26:12+00:00,2026-02-26,,,,False,False,False,0,0,,,7
u_00615,lp_academic_writing,2026-02-11 11:51:43+00:00,2026-02-11,,,,False,False,False,0,0,,,7
u_00616,lp_academic_writing,2026-02-13 16:18:40+00:00,2026-02-13,,,,False,False,False,0,0,,,7
u_00617,lp_academic_writing,2026-02-03 02:11:45+00:00,2026-02-03,,,,False,False,False,0,0,,,7
u_00618,lp_business_emails,2026-02-16 06:08:25+00:00,2026-02-16,,,,False,False,False,0,0,,,7
u_00619,lp_business_emails,2026-02-09 15:05:11+00:00,2026-02-09,2026-02-09 15:09:11+00:00,2026-02-09 15:53:11+00:00,smart_email_reply,True,True,True,1,0,0.06666666666666667,0.8,7
u_00620,lp_academic_writing,2026-02-25 09:20:05+00:00,2026-02-25,,,,False,False,False,0,0,,,7
u_00621,lp_academic_writing,2026-02-19 00:06:38+00:00,2026-02-19,2026-02-19 00:12:38+00:00,2026-02-19 01:06:38+00:00,academic_citation_helper,True,True,True,2,1,0.1,1.0,7
u_00622,lp_business_emails,2026-02-24 18:32:04+00:00,2026-02-24,,,,False,False,False,0,0,,,7
u_00623,lp_academic_writing,2026-02-24 07:15:30+00:00,2026-02-24,2026-02-24 07:21:30+00:00,,,True,False,False,0,0,0.1,,7
u_00624,lp_business_emails,2026-02-13 23:20:29+00:00,2026-02-13,,,,False,False,False,0,0,,,7
u_00625,lp_business_emails,2026-02-21 07:02:30+00:00,2026-02-21,,,,False,False,False,0,0,,,7
u_00626,lp_business_emails,2026-02-15 16:29:46+00:00,2026-02-15,,,,False,False,False,0,0,,,7
u_00627,lp_business_emails,2026-02-13 20:54:19+00:00,2026-02-13,,,,False,False,False,0,0,,,7
u_00628,lp_academic_writing,2026-02-19 12:13:59+00:00,2026-02-19,2026-02-19 12:22:59+00:00,,,True,False,False,0,0,0.15,,7
u_00629,lp_academic_writing,2026-02-21 02:46:04+00:00,2026-02-21,,,,False,False,False,0,0,,,7
u_00630,lp_academic_writing,2026-02-21 02:50:19+00:00,2026-02-21,,,,False,False,False,0,0,,,7
u_00631,lp_business_emails,2026-02-10 13:39:37+00:00,2026-02-10,,,,False,False,False,0,0,,,7
u_00632,lp_business_emails,2026-02-21 14:31:11+00:00,2026-02-21,,,,False,False,False,0,0,,,7
u_00633,lp_business_emails,2026-02-13 00:32:48+00:00,2026-02-13,2026-02-13 00:33:48+00:00,,,True,False,False,0,0,0.016666666666666666,,7
u_00634,lp_business_emails,2026-02-22 03:18:19+00:00,2026-02-22,2026-02-22 03:27:19+00:00,,,True,False,False,0,0,0.15,,7
u_00635,lp_business_emails,2026-02-08 22:07:16+00:00,2026-02-08,,,,False,False,False,0,0,,,7
u_00636,lp_academic_writing,2026-02-14 14:20:15+00:00,2026-02-14,,,,False,False,False,0,0,,,7
u_00637,lp_business_emails,2026-02-20 21:39:06+00:00,2026-02-20,,,,False,False,False,0,0,,,7
u_00638,lp_academic_writing,2026-02-09 19:58:55+00:00,2026-02-09,,,,False,False,False,0,0,,,7
u_00639,lp_business_emails,2026-02-22 04:12:56+00:00,2026-02-22,2026-02-22 04:17:56+00:00,2026-02-22 04:35:56+00:00,smart_email_reply,True,True,True,1,0,0.08333333333333333,0.38333333333333336,7
u_00640,lp_business_emails,2026-02-21 20:20:32+00:00,2026-02-21,,,,False,False,False,0,0,,,7
u_00641,lp_business_emails,2026-02-16 20:10:55+00:00,2026-02-16,,,,False,False,False,0,0,,,7
u_00642,lp_academic_writing,2026-02-22 23:36:09+00:00,2026-02-22,,,,False,False,False,0,0,,,7
u_00643,lp_academic_writing,2026-02-24 13:41:52+00:00,2026-02-24,,,,False,False,False,0,0,,,7
u_00644,lp_business_emails,2026-02-18 23:25:56+00:00,2026-02-18,,,,False,False,False,0,0,,,7
u_00645,lp_business_emails,2026-02-18 02:15:23+00:00,2026-02-18,,,,False,False,False,0,0,,,7
u_00646,lp_academic_writing,2026-02-13 03:44:10+00:00,2026-02-13,2026-02-13 03:49:10+00:00,2026-02-13 04:34:10+00:00,academic_citation_helper,True,True,True,3,1,0.08333333333333333,0.8333333333333334,7
u_00647,lp_business_emails,2026-02-27 00:49:06+00:00,2026-02-27,2026-02-27 00:57:06+00:00,2026-02-27 01:17:06+00:00,smart_email_reply,True,True,True,1,0,0.13333333333333333,0.4666666666666667,7
u_00648,lp_business_emails,2026-02-27 16:11:10+00:00,2026-02-27,,,,False,False,False,0,0,,,7
u_00649,lp_business_emails,2026-02-28 14:13:39+00:00,2026-02-28,,,,False,False,False,0,0,,,7
u_00650,lp_academic_writing,2026-02-22 18:50:02+00:00,2026-02-22,2026-02-22 18:59:02+00:00,,,True,False,False,0,0,0.15,,7
u_00651,lp_academic_writing,2026-02-25 17:09:39+00:00,2026-02-25,2026-02-25 17:16:39+00:00,,,True,False,False,0,0,0.11666666666666667,,7
u_00652,lp_business_emails,2026-02-14 13:50:47+00:00,2026-02-14,2026-02-14 14:02:47+00:00,2026-02-14 14:52:47+00:00,smart_email_reply,True,True,True,2,1,0.2,1.0333333333333334,7
u_00653,lp_business_emails,2026-02-18 14:17:19+00:00,2026-02-18,,,,False,False,False,0,0,,,7
u_00654,lp_business_emails,2026-02-06 11:42:03+00:00,2026-02-06,2026-02-06 11:46:03+00:00,2026-02-06 12:05:03+00:00,smart_email_reply,True,True,True,1,0,0.06666666666666667,0.38333333333333336,7
u_00655,lp_academic_writing,2026-02-05 23:42:54+00:00,2026-02-05,,,,False,False,False,0,0,,,7
u_00656,lp_business_emails,2026-02-09 09:59:34+00:00,2026-02-09,,,,False,False,False,0,0,,,7
u_00657,lp_academic_writing,2026-02-17 01:58:42+00:00,2026-02-17,2026-02-17 02:01:42+00:00,,,True,False,False,0,0,0.05,,7
u_00658,lp_academic_writing,2026-02-05 11:47:27+00:00,2026-02-05,2026-02-05 11:51:27+00:00,2026-02-05 12:14:27+00:00,academic_citation_helper,True,True,True,4,1,0.06666666666666667,0.45,7
u_00659,lp_business_emails,2026-02-11 09:53:34+00:00,2026-02-11,,,,False,False,False,0,0,,,7
u_00660,lp_business_emails,2026-02-09 17:23:28+00:00,2026-02-09,,,,False,False,False,0,0,,,7
u_00661,lp_academic_writing,2026-02-04 12:59:36+00:00,2026-02-04,2026-02-04 13:06:36+00:00,,,True,False,False,0,0,0.11666666666666667,,7
u_00662,lp_business_emails,2026-02-12 14:54:40+00:00,2026-02-12,,,,False,False,False,0,0,,,7
u_00663,lp_academic_writing,2026-02-25 15:44:08+00:00,2026-02-25,2026-02-25 15:49:08+00:00,2026-02-25 16:20:08+00:00,academic_citation_helper,True,True,True,3,1,0.08333333333333333,0.6,7
u_00664,lp_business_emails,2026-02-24 21:11:23+00:00,2026-02-24,,,,False,False,False,0,0,,,7
u_00665,lp_business_emails,2026-02-05 21:21:50+00:00,2026-02-05,,,,False,False,False,0,0,,,7
u_00666,lp_business_emails,2026-02-03 06:00:20+00:00,2026-02-03,2026-02-03 06:01:20+00:00,,,True,False,False,0,0,0.016666666666666666,,7
u_00667,lp_business_emails,2026-02-23 01:48:49+00:00,2026-02-23,2026-02-23 01:52:49+00:00,2026-02-23 02:43:49+00:00,smart_email_reply,True,True,True,1,0,0.06666666666666667,0.9166666666666666,7
u_00668,lp_academic_writing,2026-02-27 21:51:19+00:00,2026-02-27,2026-02-27 21:57:19+00:00,2026-02-27 22:39:19+00:00,academic_citation_helper,True,True,True,3,1,0.1,0.8,7
u_00669,lp_academic_writing,2026-02-21 21:04:23+00:00,2026-02-21,,,,False,False,False,0,0,,,7
u_00670,lp_business_emails,2026-02-15 10:48:56+00:00,2026-02-15,,,,False,False,False,0,0,,,7
u_00671,lp_business_emails,2026-02-24 13:16:44+00:00,2026-02-24,,,,False,False,False,0,0,,,7
u_00672,lp_business_emails,2026-02-17 05:57:06+00:00,2026-02-17,,,,False,False,False,0,0,,,7
u_00673,lp_business_emails,2026-02-05 11:19:28+00:00,2026-02-05,,,,False,False,False,0,0,,,7
u_00674,lp_academic_writing,2026-02-01 18:33:07+00:00,2026-02-01,,,,False,False,False,0,0,,,7
u_00675,lp_business_emails,2026-02-20 01:56:27+00:00,2026-02-20,2026-02-20 02:01:27+00:00,2026-02-20 02:13:27+00:00,smart_email_reply,True,True,True,1,0,0.08333333333333333,0.2833333333333333,7
u_00676,lp_business_emails,2026-02-22 19:28:15+00:00,2026-02-22,,,,False,False,False,0,0,,,7
u_00677,lp_business_emails,2026-02-24 07:57:35+00:00,2026-02-24,2026-02-24 08:03:35+00:00,,,True,False,False,0,0,0.1,,7
u_00678,lp_academic_writing,2026-02-04 21:14:00+00:00,2026-02-04,2026-02-04 21:19:00+00:00,2026-02-04 21:47:00+00:00,academic_citation_helper,True,True,True,3,1,0.08333333333333333,0.55,7
u_00679,lp_academic_writing,2026-02-05 19:43:26+00:00,2026-02-05,,,,False,False,False,0,0,,,7
u_00680,lp_business_emails,2026-02-17 10:20:01+00:00,2026-02-17,,,,False,False,False,0,0,,,7
u_00681,lp_academic_writing,2026-02-14 04:00:58+00:00,2026-02-14,2026-02-14 04:04:58+00:00,2026-02-14 04:18:58+00:00,academic_citation_helper,True,True,True,2,1,0.06666666666666667,0.3,7
u_00682,lp_business_emails,2026-02-25 22:01:58+00:00,2026-02-25,2026-02-25 22:16:58+00:00,,,True,False,False,0,0,0.25,,7
u_00683,lp_academic_writing,2026-02-21 11:30:33+00:00,2026-02-21,,,,False,False,False,0,0,,,7
u_00684,lp_business_emails,2026-02-12 02:14:17+00:00,2026-02-12,2026-02-12 02:21:17+00:00,2026-02-12 03:11:17+00:00,smart_email_reply,True,True,True,1,0,0.11666666666666667,0.95,7
u_00685,lp_academic_writing,2026-02-22 20:41:05+00:00,2026-02-22,,,,False,False,False,0,0,,,7
u_00686,lp_academic_writing,2026-02-19 22:59:32+00:00,2026-02-19,,,,False,False,False,0,0,,,7
u_00687,lp_academic_writing,2026-02-05 15:55:20+00:00,2026-02-05,2026-02-05 16:02:20+00:00,2026-02-05 16:53:20+00:00,academic_citation_helper,True,True,True,4,1,0.11666666666666667,0.9666666666666667,7
u_00688,lp_business_emails,2026-02-20 18:36:22+00:00,2026-02-20,2026-02-20 18:44:22+00:00,,,True,False,False,0,0,0.13333333333333333,,7
u_00689,lp_academic_writing,2026-02-23 21:34:39+00:00,2026-02-23,2026-02-23 21:43:39+00:00,,,True,False,False,0,0,0.15,,7
u_00690,lp_academic_writing,2026-02-20 08:33:38+00:00,2026-02-20,,,,False,False,False,0,0,,,7
u_00691,lp_academic_writing,2026-02-19 15:49:15+00:00,2026-02-19,,,,False,False,False,0,0,,,7
u_00692,lp_academic_writing,2026-02-01 07:01:39+00:00,2026-02-01,,,,False,False,False,0,0,,,7
u_00693,lp_academic_writing,2026-02-07 08:31:28+00:00,2026-02-07,,,,False,False,False,0,0,,,7
u_00694,lp_business_emails,2026-02-12 20:29:30+00:00,2026-02-12,,,,False,False,False,0,0,,,7
u_00695,lp_business_emails,2026-02-11 16:04:17+00:00,2026-02-11,,,,False,False,False,0,0,,,7
u_00696,lp_business_emails,2026-02-15 19:18:25+00:00,2026-02-15,2026-02-15 19:30:25+00:00,,,True,False,False,0,0,0.2,,7
u_00697,lp_business_emails,2026-02-05 11:36:30+00:00,2026-02-05,2026-02-05 11:44:30+00:00,2026-02-05 12:02:30+00:00,smart_email_reply,True,True,True,1,0,0.13333333333333333,0.43333333333333335,7
u_00698,lp_academic_writing,2026-02-07 18:00:33+00:00,2026-02-07,,,,False,False,False,0,0,,,7
u_00699,lp_business_emails,2026-02-07 15:42:24+00:00,2026-02-07,,,,False,False,False,0,0,,,7
u_00700,lp_academic_writing,2026-02-10 22:21:57+00:00,2026-02-10,,,,False,False,False,0,0,,,7
u_00701,lp_business_emails,2026-02-08 07:26:42+00:00,2026-02-08,,,,False,False,False,0,0,,,7
u_00702,lp_academic_writing,2026-02-01 03:01:29+00:00,2026-02-01,,,,False,False,False,0,0,,,7
u_00703,lp_academic_writing,2026-02-01 10:29:45+00:00,2026-02-01,,,,False,False,False,0,0,,,7
u_00704,lp_academic_writing,2026-02-14 22:27:35+00:00,2026-02-14,2026-02-14 22:35:35+00:00,2026-02-14 23:19:35+00:00,academic_citation_helper,True,True,True,1,0,0.13333333333333333,0.8666666666666667,7
u_00705,lp_academic_writing,2026-02-15 19:51:16+00:00,2026-02-15,2026-02-15 19:54:16+00:00,2026-02-15 20:04:16+00:00,academic_citation_helper,True,True,True,2,1,0.05,0.21666666666666667,7
u_00706,lp_academic_writing,2026-02-13 22:19:00+00:00,2026-02-13,,,,False,False,False,0,0,,,7
u_00707,lp_business_emails,2026-02-05 23:17:05+00:00,2026-02-05,2026-02-05 23:18:05+00:00,2026-02-05 23:33:05+00:00,smart_email_reply,True,True,True,1,0,0.016666666666666666,0.26666666666666666,7
u_00708,lp_academic_writing,2026-02-13 21:13:45+00:00,2026-02-13,2026-02-13 21:20:45+00:00,,,True,False,False,0,0,0.11666666666666667,,7
u_00709,lp_academic_writing,2026-02-16 12:59:26+00:00,2026-02-16,,,,False,False,False,0,0,,,7
u_00710,lp_academic_writing,2026-02-02 22:58:50+00:00,2026-02-02,,,,False,False,False,0,0,,,7
u_00711,lp_academic_writing,2026-02-14 17:43:55+00:00,2026-02-14,,,,False,False,False,0,0,,,7
u_00712,lp_business_emails,2026-02-06 20:38:48+00:00,2026-02-06,2026-02-06 20:45:48+00:00,2026-02-06 21:06:48+00:00,smart_email_reply,True,True,True,1,0,0.11666666666666667,0.4666666666666667,7
u_00713,lp_business_emails,2026-02-17 05:58:11+00:00,2026-02-17,2026-02-17 06:12:11+00:00,2026-02-17 06:20:11+00:00,smart_email_reply,True,True,True,1,0,0.23333333333333334,0.36666666666666664,7
u_00714,lp_academic_writing,2026-02-15 02:38:38+00:00,2026-02-15,2026-02-15 02:47:38+00:00,2026-02-15 03:32:38+00:00,academic_citation_helper,True,True,True,4,1,0.15,0.9,7
u_00715,lp_academic_writing,2026-02-28 10:03:01+00:00,2026-02-28,2026-02-28 10:06:01+00:00,,,True,False,False,0,0,0.05,,7
u_00716,lp_academic_writing,2026-02-24 07:46:04+00:00,2026-02-24,2026-02-24 07:55:04+00:00,2026-02-24 08:29:04+00:00,academic_citation_helper,True,True,True,3,1,0.15,0.7166666666666667,7
u_00717,lp_academic_writing,2026-02-19 09:03:48+00:00,2026-02-19,,,,False,False,False,0,0,,,7
u_00718,lp_business_emails,2026-02-21 10:11:56+00:00,2026-02-21,,,,False,False,False,0,0,,,7
u_00719,lp_business_emails,2026-02-03 04:00:21+00:00,2026-02-03,,,,False,False,False,0,0,,,7
u_00720,lp_academic_writing,2026-02-24 21:07:22+00:00,2026-02-24,,,,False,False,False,0,0,,,7
u_00721,lp_business_emails,2026-02-24 23:43:43+00:00,2026-02-24,,,,False,False,False,0,0,,,7
u_00722,lp_business_emails,2026-02-18 03:16:10+00:00,2026-02-18,,,,False,False,False,0,0,,,7
u_00723,lp_academic_writing,2026-02-18 19:53:04+00:00,2026-02-18,,,,False,False,False,0,0,,,7
u_00724,lp_academic_writing,2026-02-13 08:34:46+00:00,2026-02-13,2026-02-13 08:43:46+00:00,,,True,False,False,0,0,0.15,,7
u_00725,lp_business_emails,2026-02-01 23:38:56+00:00,2026-02-01,,,,False,False,False,0,0,,,7
u_00726,lp_business_emails,2026-02-27 03:51:20+00:00,2026-02-27,,,,False,False,False,0,0,,,7
u_00727,lp_academic_writing,2026-02-03 20:59:56+00:00,2026-02-03,2026-02-03 21:03:56+00:00,2026-02-03 21:26:56+00:00,academic_citation_helper,True,True,True,2,1,0.06666666666666667,0.45,7
u_00728,lp_academic_writing,2026-02-12 07:46:18+00:00,2026-02-12,2026-02-12 07:47:18+00:00,2026-02-12 07:57:18+00:00,academic_citation_helper,True,True,True,2,1,0.016666666666666666,0.18333333333333332,7
u_00729,lp_academic_writing,2026-02-14 09:10:02+00:00,2026-02-14,,,,False,False,False,0,0,,,7
u_00730,lp_academic_writing,2026-02-15 00:11:29+00:00,2026-02-15,,,,False,False,False,0,0,,,7
u_00731,lp_academic_writing,2026-02-23 11:56:51+00:00,2026-02-23,,,,False,False,False,0,0,,,7
u_00732,lp_business_emails,2026-02-10 11:31:53+00:00,2026-02-10,,,,False,False,False,0,0,,,7
u_00733,lp_academic_writing,2026-02-01 12:50:45+00:00,2026-02-01,2026-02-01 12:59:45+00:00,,,True,False,False,0,0,0.15,,7
u_00734,lp_business_emails,2026-02-03 13:04:07+00:00,2026-02-03,,,,False,False,False,0,0,,,7
u_00735,lp_business_emails,2026-02-03 22:27:21+00:00,2026-02-03,2026-02-03 22:42:21+00:00,,,True,False,False,0,0,0.25,,7
u_00736,lp_academic_writing,2026-02-15 08:12:00+00:00,2026-02-15,,,,False,False,False,0,0,,,7
u_00737,lp_academic_writing,2026-02-24 20:31:31+00:00,2026-02-24,,,,False,False,False,0,0,,,7
u_00738,lp_business_emails,2026-02-11 22:14:58+00:00,2026-02-11,,,,False,False,False,0,0,,,7
u_00739,lp_academic_writing,2026-02-14 11:03:44+00:00,2026-02-14,2026-02-14 11:13:44+00:00,2026-02-14 11:56:44+00:00,academic_citation_helper,True,True,True,1,0,0.16666666666666666,0.8833333333333333,7
u_00740,lp_academic_writing,2026-02-19 22:32:02+00:00,2026-02-19,2026-02-19 22:34:02+00:00,2026-02-19 23:22:02+00:00,academic_citation_helper,True,True,True,1,0,0.03333333333333333,0.8333333333333334,7
u_00741,lp_academic_writing,2026-02-08 08:07:18+00:00,2026-02-08,2026-02-08 08:09:18+00:00,2026-02-08 08:51:18+00:00,academic_citation_helper,True,True,True,1,0,0.03333333333333333,0.7333333333333333,7
u_00742,lp_business_emails,2026-02-08 06:49:22+00:00,2026-02-08,2026-02-08 07:04:22+00:00,,,True,False,False,0,0,0.25,,7
u_00743,lp_business_emails,2026-02-24 14:54:57+00:00,2026-02-24,2026-02-24 15:08:57+00:00,,,True,False,False,0,0,0.23333333333333334,,7
u_00744,lp_business_emails,2026-02-26 04:51:49+00:00,2026-02-26,,,,False,False,False,0,0,,,7
u_00745,lp_business_emails,2026-02-26 04:15:58+00:00,2026-02-26,2026-02-26 04:29:58+00:00,,,True,False,False,0,0,0.23333333333333334,,7
u_00746,lp_academic_writing,2026-02-24 20:33:31+00:00,2026-02-24,2026-02-24 20:37:31+00:00,,,True,False,False,0,0,0.06666666666666667,,7
u_00747,lp_academic_writing,2026-02-03 08:21:44+00:00,2026-02-03,,,,False,False,False,0,0,,,7
u_00748,lp_business_emails,2026-02-22 06:40:20+00:00,2026-02-22,2026-02-22 06:53:20+00:00,,,True,False,False,0,0,0.21666666666666667,,7
u_00749,lp_academic_writing,2026-02-06 10:35:00+00:00,2026-02-06,,,,False,False,False,0,0,,,7
u_00750,lp_business_emails,2026-02-25 19:33:47+00:00,2026-02-25,,,,False,False,False,0,0,,,7
u_00751,lp_academic_writing,2026-02-06 16:46:56+00:00,2026-02-06,2026-02-06 16:54:56+00:00,2026-02-06 17:21:56+00:00,academic_citation_helper,True,True,True,2,1,0.13333333333333333,0.5833333333333334,7
u_00752,lp_business_emails,2026-02-11 10:37:16+00:00,2026-02-11,,,,False,False,False,0,0,,,7
u_00753,lp_business_emails,2026-02-15 18:55:33+00:00,2026-02-15,2026-02-15 19:02:33+00:00,,,True,False,False,0,0,0.11666666666666667,,7
u_00754,lp_academic_writing,2026-02-14 21:48:27+00:00,2026-02-14,2026-02-14 21:54:27+00:00,2026-02-14 22:02:27+00:00,academic_citation_helper,True,True,True,1,0,0.1,0.23333333333333334,7
u_00755,lp_business_emails,2026-02-27 10:11:24+00:00,2026-02-27,,,,False,False,False,0,0,,,7
u_00756,lp_business_emails,2026-02-11 19:46:23+00:00,2026-02-11,,,,False,False,False,0,0,,,7
u_00757,lp_academic_writing,2026-02-25 01:48:46+00:00,2026-02-25,,,,False,False,False,0,0,,,7
u_00758,lp_business_emails,2026-02-14 02:46:15+00:00,2026-02-14,,,,False,False,False,0,0,,,7
u_00759,lp_business_emails,2026-02-27 12:26:51+00:00,2026-02-27,,,,False,False,False,0,0,,,7
u_00760,lp_business_emails,2026-02-08 23:22:45+00:00,2026-02-08,,,,False,False,False,0,0,,,7
u_00761,lp_business_emails,2026-02-03 15:01:31+00:00,2026-02-03,2026-02-03 15:10:31+00:00,2026-02-03 15:37:31+00:00,smart_email_reply,True,True,True,1,0,0.15,0.6,7
u_00762,lp_business_emails,2026-02-17 14:52:57+00:00,2026-02-17,,,,False,False,False,0,0,,,7
u_00763,lp_academic_writing,2026-02-11 11:26:48+00:00,2026-02-11,,,,False,False,False,0,0,,,7
u_00764,lp_business_emails,2026-02-24 01:18:51+00:00,2026-02-24,,,,False,False,False,0,0,,,7
u_00765,lp_academic_writing,2026-02-25 20:09:20+00:00,2026-02-25,2026-02-25 20:17:20+00:00,,,True,False,False,0,0,0.13333333333333333,,7
u_00766,lp_academic_writing,2026-02-03 20:01:39+00:00,2026-02-03,,,,False,False,False,0,0,,,7
u_00767,lp_business_emails,2026-02-23 04:09:38+00:00,2026-02-23,2026-02-23 04:16:38+00:00,2026-02-23 04:33:38+00:00,smart_email_reply,True,True,True,2,1,0.11666666666666667,0.4,7
u_00768,lp_academic_writing,2026-02-15 13:26:22+00:00,2026-02-15,2026-02-15 13:35:22+00:00,2026-02-15 14:28:22+00:00,academic_citation_helper,True,True,True,3,1,0.15,1.0333333333333334,7
u_00769,lp_business_emails,2026-02-22 11:30:25+00:00,2026-02-22,,,,False,False,False,0,0,,,7
u_00770,lp_academic_writing,2026-02-13 11:34:24+00:00,2026-02-13,2026-02-13 11:42:24+00:00,,,True,False,False,0,0,0.13333333333333333,,7
u_00771,lp_business_emails,2026-02-14 19:25:34+00:00,2026-02-14,2026-02-14 19:33:34+00:00,,,True,False,False,0,0,0.13333333333333333,,7
u_00772,lp_academic_writing,2026-02-20 09:11:36+00:00,2026-02-20,,,,False,False,False,0,0,,,7
u_00773,lp_business_emails,2026-02-22 00:56:59+00:00,2026-02-22,,,,False,False,False,0,0,,,7
u_00774,lp_academic_writing,2026-02-04 19:54:26+00:00,2026-02-04,2026-02-04 20:00:26+00:00,,,True,False,False,0,0,0.1,,7
u_00775,lp_academic_writing,2026-02-04 04:12:01+00:00,2026-02-04,2026-02-04 04:17:01+00:00,2026-02-04 04:57:01+00:00,academic_citation_helper,True,True,True,1,0,0.08333333333333333,0.75,7
u_00776,lp_academic_writing,2026-02-15 09:40:11+00:00,2026-02-15,2026-02-15 09:43:11+00:00,,,True,False,False,0,0,0.05,,7
u_00777,lp_academic_writing,2026-02-25 14:29:42+00:00,2026-02-25,,,,False,False,False,0,0,,,7
u_00778,lp_business_emails,2026-02-22 15:42:40+00:00,2026-02-22,2026-02-22 15:43:40+00:00,,,True,False,False,0,0,0.016666666666666666,,7
u_00779,lp_business_emails,2026-02-12 05:15:57+00:00,2026-02-12,,,,False,False,False,0,0,,,7
u_00780,lp_business_emails,2026-02-03 11:58:54+00:00,2026-02-03,,,,False,False,False,0,0,,,7
u_00781,lp_business_emails,2026-02-18 01:33:06+00:00,2026-02-18,,,,False,False,False,0,0,,,7
u_00782,lp_academic_writing,2026-02-06 03:29:56+00:00,2026-02-06,,,,False,False,False,0,0,,,7
u_00783,lp_business_emails,2026-02-03 02:09:55+00:00,2026-02-03,2026-02-03 02:24:55+00:00,2026-02-03 02:42:55+00:00,smart_email_reply,True,True,True,2,1,0.25,0.55,7
u_00784,lp_academic_writing,2026-02-01 11:43:22+00:00,2026-02-01,2026-02-01 11:48:22+00:00,2026-02-01 12:25:22+00:00,academic_citation_helper,True,True,True,2,1,0.08333333333333333,0.7,7
u_00785,lp_business_emails,2026-02-04 16:37:16+00:00,2026-02-04,2026-02-04 16:47:16+00:00,2026-02-04 17:21:16+00:00,smart_email_reply,True,True,True,2,1,0.16666666666666666,0.7333333333333333,7
u_00786,lp_business_emails,2026-02-27 15:50:46+00:00,2026-02-27,,,,False,False,False,0,0,,,7
u_00787,lp_academic_writing,2026-02-11 04:24:55+00:00,2026-02-11,,,,False,False,False,0,0,,,7
u_00788,lp_business_emails,2026-02-25 04:32:05+00:00,2026-02-25,,,,False,False,False,0,0,,,7
u_00789,lp_business_emails,2026-02-22 17:46:37+00:00,2026-02-22,2026-02-22 17:58:37+00:00,2026-02-22 18:31:37+00:00,smart_email_reply,True,True,True,1,0,0.2,0.75,7
u_00790,lp_academic_writing,2026-02-18 19:54:49+00:00,2026-02-18,,,,False,False,False,0,0,,,7
u_00791,lp_academic_writing,2026-02-14 20:18:44+00:00,2026-02-14,,,,False,False,False,0,0,,,7
u_00792,lp_business_emails,2026-02-11 18:15:17+00:00,2026-02-11,,,,False,False,False,0,0,,,7
u_00793,lp_academic_writing,2026-02-26 15:52:04+00:00,2026-02-26,2026-02-26 15:59:04+00:00,,,True,False,False,0,0,0.11666666666666667,,7
u_00794,lp_academic_writing,2026-02-17 06:05:37+00:00,2026-02-17,2026-02-17 06:07:37+00:00,2026-02-17 06:20:37+00:00,academic_citation_helper,True,True,True,1,0,0.03333333333333333,0.25,7
u_00795,lp_academic_writing,2026-02-10 14:27:05+00:00,2026-02-10,,,,False,False,False,0,0,,,7
u_00796,lp_business_emails,2026-02-27 06:50:10+00:00,2026-02-27,,,,False,False,False,0,0,,,7
u_00797,lp_business_emails,2026-02-24 07:33:38+00:00,2026-02-24,2026-02-24 07:44:38+00:00,,,True,False,False,0,0,0.18333333333333332,,7
u_00798,lp_academic_writing,2026-02-16 14:32:23+00:00,2026-02-16,2026-02-16 14:42:23+00:00,2026-02-16 14:57:23+00:00,academic_citation_helper,True,True,True,2,1,0.16666666666666666,0.4166666666666667,7
u_00799,lp_academic_writing,2026-02-05 14:10:11+00:00,2026-02-05,,,,False,False,False,0,0,,,7
u_00800,lp_academic_writing,2026-02-16 22:26:38+00:00,2026-02-16,,,,False,False,False,0,0,,,7
u_00801,lp_academic_writing,2026-02-10 03:29:39+00:00,2026-02-10,2026-02-10 03:39:39+00:00,2026-02-10 03:50:39+00:00,academic_citation_helper,True,True,True,3,1,0.16666666666666666,0.35,7
u_00802,lp_academic_writing,2026-02-16 09:09:08+00:00,2026-02-16,,,,False,False,False,0,0,,,7
u_00803,lp_academic_writing,2026-02-12 14:22:27+00:00,2026-02-12,,,,False,False,False,0,0,,,7
u_00804,lp_academic_writing,2026-02-27 18:42:31+00:00,2026-02-27,2026-02-27 18:44:31+00:00,,,True,False,False,0,0,0.03333333333333333,,7
u_00805,lp_academic_writing,2026-02-09 21:35:11+00:00,2026-02-09,,,,False,False,False,0,0,,,7
u_00806,lp_academic_writing,2026-02-04 05:20:53+00:00,2026-02-04,,,,False,False,False,0,0,,,7
u_00807,lp_academic_writing,2026-02-03 04:39:27+00:00,2026-02-03,,,,False,False,False,0,0,,,7
u_00808,lp_business_emails,2026-02-01 05:08:57+00:00,2026-02-01,,,,False,False,False,0,0,,,7
u_00809,lp_business_emails,2026-02-27 15:16:38+00:00,2026-02-27,2026-02-27 15:28:38+00:00,2026-02-27 16:15:38+00:00,smart_email_reply,True,True,True,1,0,0.2,0.9833333333333333,7
u_00810,lp_business_emails,2026-02-17 00:38:17+00:00,2026-02-17,2026-02-17 00:43:17+00:00,,,True,False,False,0,0,0.08333333333333333,,7
u_00811,lp_business_emails,2026-02-09 15:10:10+00:00,2026-02-09,2026-02-09 15:20:10+00:00,,,True,False,False,0,0,0.16666666666666666,,7
u_00812,lp_academic_writing,2026-02-18 03:40:28+00:00,2026-02-18,,,,False,False,False,0,0,,,7
u_00813,lp_business_emails,2026-02-05 00:49:15+00:00,2026-02-05,,,,False,False,False,0,0,,,7
u_00814,lp_business_emails,2026-02-03 22:51:04+00:00,2026-02-03,2026-02-03 23:01:04+00:00,2026-02-03 23:51:04+00:00,smart_email_reply,True,True,True,2,1,0.16666666666666666,1.0,7
u_00815,lp_business_emails,2026-02-05 02:11:21+00:00,2026-02-05,2026-02-05 02:12:21+00:00,,,True,False,False,0,0,0.016666666666666666,,7
u_00816,lp_business_emails,2026-02-26 09:54:32+00:00,2026-02-26,2026-02-26 10:09:32+00:00,2026-02-26 10:13:32+00:00,smart_email_reply,True,True,True,1,0,0.25,0.31666666666666665,7
u_00817,lp_business_emails,2026-02-01 15:52:13+00:00,2026-02-01,,,,False,False,False,0,0,,,7
u_00818,lp_business_emails,2026-02-18 01:38:46+00:00,2026-02-18,,,,False,False,False,0,0,,,7
u_00819,lp_academic_writing,2026-02-19 12:49:37+00:00,2026-02-19,2026-02-19 12:50:37+00:00,,,True,False,False,0,0,0.016666666666666666,,7
u_00820,lp_academic_writing,2026-02-25 04:21:23+00:00,2026-02-25,,,,False,False,False,0,0,,,7
u_00821,lp_business_emails,2026-02-15 00:31:41+00:00,2026-02-15,,,,False,False,False,0,0,,,7
u_00822,lp_academic_writing,2026-02-12 13:38:46+00:00,2026-02-12,,,,False,False,False,0,0,,,7
u_00823,lp_business_emails,2026-02-22 22:16:16+00:00,2026-02-22,,,,False,False,False,0,0,,,7
u_00824,lp_business_emails,2026-02-05 03:41:42+00:00,2026-02-05,,,,False,False,False,0,0,,,7
u_00825,lp_academic_writing,2026-02-22 07:26:15+00:00,2026-02-22,,,,False,False,False,0,0,,,7
u_00826,lp_academic_writing,2026-02-25 02:01:37+00:00,2026-02-25,2026-02-25 02:06:37+00:00,2026-02-25 02:14:37+00:00,academic_citation_helper,True,True,True,1,0,0.08333333333333333,0.21666666666666667,7
u_00827,lp_academic_writing,2026-02-21 21:44:22+00:00,2026-02-21,,,,False,False,False,0,0,,,7
u_00828,lp_academic_writing,2026-02-14 01:02:30+00:00,2026-02-14,,,,False,False,False,0,0,,,7
u_00829,lp_academic_writing,2026-02-03 03:35:10+00:00,2026-02-03,2026-02-03 03:43:10+00:00,,,True,False,False,0,0,0.13333333333333333,,7
u_00830,lp_academic_writing,2026-02-14 16:47:01+00:00,2026-02-14,2026-02-14 16:55:01+00:00,2026-02-14 17:16:01+00:00,academic_citation_helper,True,True,True,1,0,0.13333333333333333,0.48333333333333334,7
u_00831,lp_academic_writing,2026-02-23 11:57:51+00:00,2026-02-23,,,,False,False,False,0,0,,,7
u_00832,lp_academic_writing,2026-02-21 02:04:46+00:00,2026-02-21,2026-02-21 02:06:46+00:00,2026-02-21 02:14:46+00:00,academic_citation_helper,True,True,True,3,1,0.03333333333333333,0.16666666666666666,7
u_00833,lp_academic_writing,2026-02-23 15:44:38+00:00,2026-02-23,2026-02-23 15:46:38+00:00,2026-02-23 16:22:38+00:00,academic_citation_helper,True,True,True,2,1,0.03333333333333333,0.6333333333333333,7
u_00834,lp_business_emails,2026-02-27 18:54:50+00:00,2026-02-27,,,,False,False,False,0,0,,,7
u_00835,lp_academic_writing,2026-02-25 21:25:31+00:00,2026-02-25,2026-02-25 21:30:31+00:00,,,True,False,False,0,0,0.08333333333333333,,7
u_00836,lp_business_emails,2026-02-12 05:10:20+00:00,2026-02-12,2026-02-12 05:14:20+00:00,,,True,False,False,0,0,0.06666666666666667,,7
u_00837,lp_business_emails,2026-02-15 08:53:27+00:00,2026-02-15,,,,False,False,False,0,0,,,7
u_00838,lp_academic_writing,2026-02-08 06:47:10+00:00,2026-02-08,,,,False,False,False,0,0,,,7
u_00839,lp_academic_writing,2026-02-26 03:00:29+00:00,2026-02-26,,,,False,False,False,0,0,,,7
u_00840,lp_academic_writing,2026-02-14 10:55:53+00:00,2026-02-14,,,,False,False,False,0,0,,,7
u_00841,lp_academic_writing,2026-02-01 03:25:26+00:00,2026-02-01,2026-02-01 03:34:26+00:00,2026-02-01 03:44:26+00:00,academic_citation_helper,True,True,True,1,0,0.15,0.31666666666666665,7
u_00842,lp_business_emails,2026-02-13 17:32:55+00:00,2026-02-13,2026-02-13 17:47:55+00:00,2026-02-13 18:13:55+00:00,smart_email_reply,True,True,True,1,0,0.25,0.6833333333333333,7
u_00843,lp_academic_writing,2026-02-15 10:46:46+00:00,2026-02-15,,,,False,False,False,0,0,,,7
u_00844,lp_academic_writing,2026-02-08 16:25:22+00:00,2026-02-08,,,,False,False,False,0,0,,,7
u_00845,lp_academic_writing,2026-02-24 22:04:58+00:00,2026-02-24,2026-02-24 22:09:58+00:00,,,True,False,False,0,0,0.08333333333333333,,7
u_00846,lp_academic_writing,2026-02-19 16:12:48+00:00,2026-02-19,,,,False,False,False,0,0,,,7
u_00847,lp_academic_writing,2026-02-25 23:37:02+00:00,2026-02-25,,,,False,False,False,0,0,,,7
u_00848,lp_business_emails,2026-02-02 05:25:50+00:00,2026-02-02,2026-02-02 05:36:50+00:00,2026-02-02 06:13:50+00:00,smart_email_reply,True,True,True,1,0,0.18333333333333332,0.8,7
u_00849,lp_business_emails,2026-02-08 09:53:43+00:00,2026-02-08,,,,False,False,False,0,0,,,7
u_00850,lp_business_emails,2026-02-11 07:28:52+00:00,2026-02-11,2026-02-11 07:37:52+00:00,2026-02-11 07:57:52+00:00,smart_email_reply,True,True,True,2,1,0.15,0.48333333333333334,7
u_00851,lp_business_emails,2026-02-16 22:17:44+00:00,2026-02-16,,,,False,False,False,0,0,,,7
u_00852,lp_business_emails,2026-02-12 09:07:38+00:00,2026-02-12,,,,False,False,False,0,0,,,7
u_00853,lp_academic_writing,2026-02-27 11:35:41+00:00,2026-02-27,,,,False,False,False,0,0,,,7
u_00854,lp_academic_writing,2026-02-06 16:10:00+00:00,2026-02-06,2026-02-06 16:17:00+00:00,,,True,False,False,0,0,0.11666666666666667,,7
u_00855,lp_academic_writing,2026-02-06 04:18:07+00:00,2026-02-06,,,,False,False,False,0,0,,,7
u_00856,lp_academic_writing,2026-02-23 17:32:15+00:00,2026-02-23,2026-02-23 17:40:15+00:00,,,True,False,False,0,0,0.13333333333333333,,7
u_00857,lp_academic_writing,2026-02-07 10:01:09+00:00,2026-02-07,2026-02-07 10:10:09+00:00,2026-02-07 10:21:09+00:00,academic_citation_helper,True,True,True,2,1,0.15,0.3333333333333333,7
u_00858,lp_academic_writing,2026-02-24 15:27:56+00:00,2026-02-24,,,,False,False,False,0,0,,,7
u_00859,lp_business_emails,2026-02-07 17:23:21+00:00,2026-02-07,,,,False,False,False,0,0,,,7
u_00860,lp_business_emails,2026-02-11 09:52:43+00:00,2026-02-11,,,,False,False,False,0,0,,,7
u_00861,lp_business_emails,2026-02-23 17:51:52+00:00,2026-02-23,2026-02-23 17:54:52+00:00,2026-02-23 18:01:52+00:00,smart_email_reply,True,True,True,2,1,0.05,0.16666666666666666,7
u_00862,lp_academic_writing,2026-02-18 00:57:49+00:00,2026-02-18,,,,False,False,False,0,0,,,7
u_00863,lp_business_emails,2026-02-06 06:55:46+00:00,2026-02-06,,,,False,False,False,0,0,,,7
u_00864,lp_academic_writing,2026-02-02 10:27:54+00:00,2026-02-02,,,,False,False,False,0,0,,,7
u_00865,lp_business_emails,2026-02-23 14:30:16+00:00,2026-02-23,2026-02-23 14:42:16+00:00,,,True,False,False,0,0,0.2,,7
u_00866,lp_academic_writing,2026-02-18 07:54:28+00:00,2026-02-18,2026-02-18 08:01:28+00:00,,,True,False,False,0,0,0.11666666666666667,,7
u_00867,lp_business_emails,2026-02-03 18:07:50+00:00,2026-02-03,,,,False,False,False,0,0,,,7
u_00868,lp_business_emails,2026-02-23 18:35:59+00:00,2026-02-23,2026-02-23 18:38:59+00:00,2026-02-23 19:33:59+00:00,smart_email_reply,True,True,True,3,1,0.05,0.9666666666666667,7
u_00869,lp_business_emails,2026-02-13 06:10:12+00:00,2026-02-13,,,,False,False,False,0,0,,,7
u_00870,lp_academic_writing,2026-02-08 01:43:53+00:00,2026-02-08,2026-02-08 01:53:53+00:00,,,True,False,False,0,0,0.16666666666666666,,7
u_00871,lp_business_emails,2026-02-21 10:56:39+00:00,2026-02-21,,,,False,False,False,0,0,,,7
u_00872,lp_academic_writing,2026-02-16 15:47:26+00:00,2026-02-16,,,,False,False,False,0,0,,,7
u_00873,lp_academic_writing,2026-02-08 17:54:49+00:00,2026-02-08,,,,False,False,False,0,0,,,7
u_00874,lp_business_emails,2026-02-21 00:14:44+00:00,2026-02-21,,,,False,False,False,0,0,,,7
u_00875,lp_business_emails,2026-02-11 16:23:24+00:00,2026-02-11,,,,False,False,False,0,0,,,7
u_00876,lp_business_emails,2026-02-20 20:52:10+00:00,2026-02-20,,,,False,False,False,0,0,,,7
u_00877,lp_business_emails,2026-02-05 03:05:06+00:00,2026-02-05,,,,False,False,False,0,0,,,7
u_00878,lp_business_emails,2026-02-14 02:09:46+00:00,2026-02-14,,,,False,False,False,0,0,,,7
u_00879,lp_business_emails,2026-02-06 08:32:42+00:00,2026-02-06,2026-02-06 08:39:42+00:00,,,True,False,False,0,0,0.11666666666666667,,7
u_00880,lp_academic_writing,2026-02-17 23:53:36+00:00,2026-02-17,,,,False,False,False,0,0,,,7
u_00881,lp_business_emails,2026-02-02 19:17:35+00:00,2026-02-02,2026-02-02 19:29:35+00:00,2026-02-02 20:25:35+00:00,smart_email_reply,True,True,True,1,0,0.2,1.1333333333333333,7
u_00882,lp_business_emails,2026-02-21 01:34:47+00:00,2026-02-21,,,,False,False,False,0,0,,,7
u_00883,lp_academic_writing,2026-02-15 02:52:25+00:00,2026-02-15,,,,False,False,False,0,0,,,7
u_00884,lp_academic_writing,2026-02-09 06:07:11+00:00,2026-02-09,,,,False,False,False,0,0,,,7
u_00885,lp_business_emails,2026-02-19 03:46:10+00:00,2026-02-19,2026-02-19 03:57:10+00:00,2026-02-19 04:15:10+00:00,smart_email_reply,True,True,True,1,0,0.18333333333333332,0.48333333333333334,7
u_00886,lp_academic_writing,2026-02-12 21:44:51+00:00,2026-02-12,,,,False,False,False,0,0,,,7
u_00887,lp_business_emails,2026-02-22 05:44:30+00:00,2026-02-22,,,,False,False,False,0,0,,,7
u_00888,lp_academic_writing,2026-02-03 06:57:56+00:00,2026-02-03,,,,False,False,False,0,0,,,7
u_00889,lp_academic_writing,2026-02-14 07:47:42+00:00,2026-02-14,,,,False,False,False,0,0,,,7
u_00890,lp_academic_writing,2026-02-01 01:44:07+00:00,2026-02-01,,,,False,False,False,0,0,,,7
u_00891,lp_academic_writing,2026-02-23 13:44:34+00:00,2026-02-23,,,,False,False,False,0,0,,,7
u_00892,lp_business_emails,2026-02-27 18:17:50+00:00,2026-02-27,2026-02-27 18:28:50+00:00,2026-02-27 19:28:50+00:00,smart_email_reply,True,True,True,1,0,0.18333333333333332,1.1833333333333333,7
u_00893,lp_business_emails,2026-02-07 14:26:34+00:00,2026-02-07,,,,False,False,False,0,0,,,7
u_00894,lp_academic_writing,2026-02-03 03:27:44+00:00,2026-02-03,2026-02-03 03:30:44+00:00,,,True,False,False,0,0,0.05,,7
u_00895,lp_academic_writing,2026-02-12 17:04:41+00:00,2026-02-12,2026-02-12 17:08:41+00:00,2026-02-12 17:25:41+00:00,academic_citation_helper,True,True,True,1,0,0.06666666666666667,0.35,7
u_00896,lp_business_emails,2026-02-19 03:17:11+00:00,2026-02-19,,,,False,False,False,0,0,,,7
u_00897,lp_business_emails,2026-02-28 14:05:56+00:00,2026-02-28,,,,False,False,False,0,0,,,7
u_00898,lp_business_emails,2026-02-18 06:31:18+00:00,2026-02-18,2026-02-18 06:46:18+00:00,2026-02-18 07:31:18+00:00,smart_email_reply,True,True,True,2,1,0.25,1.0,7
u_00899,lp_business_emails,2026-02-15 16:24:06+00:00,2026-02-15,,,,False,False,False,0,0,,,7
u_00900,lp_business_emails,2026-02-05 07:50:14+00:00,2026-02-05,2026-02-05 08:04:14+00:00,2026-02-05 08:07:14+00:00,smart_email_reply,True,True,True,1,0,0.23333333333333334,0.2833333333333333,7
u_00901,lp_academic_writing,2026-02-20 15:42:33+00:00,2026-02-20,,,,False,False,False,0,0,,,7
u_00902,lp_academic_writing,2026-02-14 13:02:21+00:00,2026-02-14,2026-02-14 13:06:21+00:00,2026-02-14 13:23:21+00:00,academic_citation_helper,True,True,True,3,1,0.06666666666666667,0.35,7
u_00903,lp_business_emails,2026-02-13 18:45:57+00:00,2026-02-13,,,,False,False,False,0,0,,,7
u_00904,lp_business_emails,2026-02-21 15:03:26+00:00,2026-02-21,2026-02-21 15:10:26+00:00,,,True,False,False,0,0,0.11666666666666667,,7
u_00905,lp_academic_writing,2026-02-17 20:40:34+00:00,2026-02-17,2026-02-17 20:46:34+00:00,2026-02-17 21:05:34+00:00,academic_citation_helper,True,True,True,1,0,0.1,0.4166666666666667,7
u_00906,lp_business_emails,2026-02-28 06:47:48+00:00,2026-02-28,,,,False,False,False,0,0,,,7
u_00907,lp_academic_writing,2026-02-09 20:08:44+00:00,2026-02-09,,,,False,False,False,0,0,,,7
u_00908,lp_business_emails,2026-02-02 07:42:57+00:00,2026-02-02,,,,False,False,False,0,0,,,7
u_00909,lp_business_emails,2026-02-12 05:54:31+00:00,2026-02-12,,,,False,False,False,0,0,,,7
u_00910,lp_academic_writing,2026-02-18 00:59:44+00:00,2026-02-18,,,,False,False,False,0,0,,,7
u_00911,lp_business_emails,2026-02-18 20:20:47+00:00,2026-02-18,,,,False,False,False,0,0,,,7
u_00912,lp_business_emails,2026-02-25 15:00:17+00:00,2026-02-25,2026-02-25 15:04:17+00:00,,,True,False,False,0,0,0.06666666666666667,,7
u_00913,lp_academic_writing,2026-02-09 08:28:56+00:00,2026-02-09,2026-02-09 08:38:56+00:00,,,True,False,False,0,0,0.16666666666666666,,7
u_00914,lp_business_emails,2026-02-12 19:56:13+00:00,2026-02-12,,,,False,False,False,0,0,,,7
u_00915,lp_business_emails,2026-02-23 16:26:50+00:00,2026-02-23,2026-02-23 16:38:50+00:00,,,True,False,False,0,0,0.2,,7
u_00916,lp_academic_writing,2026-02-06 21:59:56+00:00,2026-02-06,,,,False,False,False,0,0,,,7
u_00917,lp_academic_writing,2026-02-14 14:47:41+00:00,2026-02-14,2026-02-14 14:51:41+00:00,2026-02-14 15:10:41+00:00,academic_citation_helper,True,True,True,1,0,0.06666666666666667,0.38333333333333336,7
u_00918,lp_academic_writing,2026-02-10 23:44:48+00:00,2026-02-10,2026-02-10 23:46:48+00:00,,,True,False,False,0,0,0.03333333333333333,,7
u_00919,lp_business_emails,2026-02-08 23:02:46+00:00,2026-02-08,2026-02-08 23:16:46+00:00,2026-02-08 23:27:46+00:00,smart_email_reply,True,True,True,1,0,0.23333333333333334,0.4166666666666667,7
u_00920,lp_academic_writing,2026-02-26 09:21:20+00:00,2026-02-26,2026-02-26 09:28:20+00:00,2026-02-26 09:42:20+00:00,academic_citation_helper,True,True,True,4,1,0.11666666666666667,0.35,7
u_00921,lp_business_emails,2026-02-12 08:16:27+00:00,2026-02-12,2026-02-12 08:25:27+00:00,2026-02-12 09:02:27+00:00,smart_email_reply,True,True,True,1,0,0.15,0.7666666666666667,7
u_00922,lp_academic_writing,2026-02-23 19:31:17+00:00,2026-02-23,2026-02-23 19:34:17+00:00,,,True,False,False,0,0,0.05,,7
u_00923,lp_academic_writing,2026-02-02 07:14:05+00:00,2026-02-02,,,,False,False,False,0,0,,,7
u_00924,lp_academic_writing,2026-02-23 23:25:00+00:00,2026-02-23,,,,False,False,False,0,0,,,7
u_00925,lp_business_emails,2026-02-18 15:02:59+00:00,2026-02-18,,,,False,False,False,0,0,,,7
u_00926,lp_business_emails,2026-02-07 09:11:06+00:00,2026-02-07,2026-02-07 09:21:06+00:00,,,True,False,False,0,0,0.16666666666666666,,7
u_00927,lp_academic_writing,2026-02-08 11:14:47+00:00,2026-02-08,,,,False,False,False,0,0,,,7
u_00928,lp_academic_writing,2026-02-14 11:42:42+00:00,2026-02-14,,,,False,False,False,0,0,,,7
u_00929,lp_business_emails,2026-02-28 16:57:14+00:00,2026-02-28,,,,False,False,False,0,0,,,7
u_00930,lp_business_emails,2026-02-18 07:29:17+00:00,2026-02-18,,,,False,False,False,0,0,,,7
u_00931,lp_academic_writing,2026-02-04 00:13:10+00:00,2026-02-04,,,,False,False,False,0,0,,,7
u_00932,lp_business_emails,2026-02-23 11:42:36+00:00,2026-02-23,2026-02-23 11:45:36+00:00,,,True,False,False,0,0,0.05,,7
u_00933,lp_business_emails,2026-02-16 23:54:33+00:00,2026-02-16,2026-02-17 00:07:33+00:00,2026-02-17 01:04:33+00:00,smart_email_reply,True,True,True,1,0,0.21666666666666667,1.1666666666666667,7
u_00934,lp_business_emails,2026-02-24 03:04:26+00:00,2026-02-24,,,,False,False,False,0,0,,,7
u_00935,lp_academic_writing,2026-02-27 03:30:45+00:00,2026-02-27,,,,False,False,False,0,0,,,7
u_00936,lp_academic_writing,2026-02-17 03:46:03+00:00,2026-02-17,,,,False,False,False,0,0,,,7
u_00937,lp_academic_writing,2026-02-25 22:10:32+00:00,2026-02-25,,,,False,False,False,0,0,,,7
u_00938,lp_business_emails,2026-02-05 22:28:18+00:00,2026-02-05,,,,False,False,False,0,0,,,7
u_00939,lp_business_emails,2026-02-11 10:00:13+00:00,2026-02-11,2026-02-11 10:06:13+00:00,,,True,False,False,0,0,0.1,,7
u_00940,lp_academic_writing,2026-02-11 21:21:40+00:00,2026-02-11,2026-02-11 21:29:40+00:00,2026-02-11 22:16:40+00:00,academic_citation_helper,True,True,True,1,0,0.13333333333333333,0.9166666666666666,7
u_00941,lp_academic_writing,2026-02-02 12:39:27+00:00,2026-02-02,,,,False,False,False,0,0,,,7
u_00942,lp_academic_writing,2026-02-18 15:20:41+00:00,2026-02-18,2026-02-18 15:28:41+00:00,,,True,False,False,0,0,0.13333333333333333,,7
u_00943,lp_business_emails,2026-02-08 01:16:21+00:00,2026-02-08,,,,False,False,False,0,0,,,7
u_00944,lp_academic_writing,2026-02-19 16:14:50+00:00,2026-02-19,,,,False,False,False,0,0,,,7
u_00945,lp_business_emails,2026-02-13 05:52:31+00:00,2026-02-13,,,,False,False,False,0,0,,,7
u_00946,lp_academic_writing,2026-02-28 05:28:29+00:00,2026-02-28,2026-02-28 05:29:29+00:00,2026-02-28 05:56:29+00:00,academic_citation_helper,True,True,True,3,1,0.016666666666666666,0.4666666666666667,7
u_00947,lp_academic_writing,2026-02-19 21:55:09+00:00,2026-02-19,2026-02-19 21:58:09+00:00,2026-02-19 22:48:09+00:00,academic_citation_helper,True,True,True,2,1,0.05,0.8833333333333333,7
u_00948,lp_business_emails,2026-02-08 18:05:40+00:00,2026-02-08,,,,False,False,False,0,0,,,7
u_00949,lp_business_emails,2026-02-28 23:11:18+00:00,2026-02-28,,,,False,False,False,0,0,,,7
u_00950,lp_academic_writing,2026-02-23 03:26:29+00:00,2026-02-23,,,,False,False,False,0,0,,,7
u_00951,lp_business_emails,2026-02-17 00:00:20+00:00,2026-02-17,,,,False,False,False,0,0,,,7
u_00952,lp_business_emails,2026-02-14 13:54:10+00:00,2026-02-14,,,,False,False,False,0,0,,,7
u_00953,lp_business_emails,2026-02-01 14:55:17+00:00,2026-02-01,2026-02-01 15:01:17+00:00,,,True,False,False,0,0,0.1,,7
u_00954,lp_business_emails,2026-02-21 07:08:42+00:00,2026-02-21,,,,False,False,False,0,0,,,7
u_00955,lp_academic_writing,2026-02-17 03:28:36+00:00,2026-02-17,,,,False,False,False,0,0,,,7
u_00956,lp_academic_writing,2026-02-09 11:16:37+00:00,2026-02-09,2026-02-09 11:25:37+00:00,2026-02-09 12:17:37+00:00,academic_citation_helper,True,True,True,2,1,0.15,1.0166666666666666,7
u_00957,lp_business_emails,2026-02-13 11:03:48+00:00,2026-02-13,2026-02-13 11:15:48+00:00,,,True,False,False,0,0,0.2,,7
u_00958,lp_academic_writing,2026-02-16 21:54:44+00:00,2026-02-16,,,,False,False,False,0,0,,,7
u_00959,lp_academic_writing,2026-02-16 08:48:45+00:00,2026-02-16,,,,False,False,False,0,0,,,7
u_00960,lp_business_emails,2026-02-02 18:34:04+00:00,2026-02-02,2026-02-02 18:48:04+00:00,,,True,False,False,0,0,0.23333333333333334,,7
u_00961,lp_business_emails,2026-02-01 18:06:21+00:00,2026-02-01,,,,False,False,False,0,0,,,7
u_00962,lp_business_emails,2026-02-13 17:01:40+00:00,2026-02-13,,,,False,False,False,0,0,,,7
u_00963,lp_business_emails,2026-02-03 01:07:53+00:00,2026-02-03,,,,False,False,False,0,0,,,7
u_00964,lp_business_emails,2026-02-25 10:27:11+00:00,2026-02-25,2026-02-25 10:39:11+00:00,,,True,False,False,0,0,0.2,,7
u_00965,lp_academic_writing,2026-02-25 13:27:44+00:00,2026-02-25,,,,False,False,False,0,0,,,7
u_00966,lp_business_emails,2026-02-22 20:20:58+00:00,2026-02-22,,,,False,False,False,0,0,,,7
u_00967,lp_academic_writing,2026-02-12 05:46:18+00:00,2026-02-12,,,,False,False,False,0,0,,,7
u_00968,lp_academic_writing,2026-02-11 09:10:12+00:00,2026-02-11,2026-02-11 09:17:12+00:00,2026-02-11 09:56:12+00:00,academic_citation_helper,True,True,True,3,1,0.11666666666666667,0.7666666666666667,7
u_00969,lp_business_emails,2026-02-25 09:31:09+00:00,2026-02-25,2026-02-25 09:41:09+00:00,2026-02-25 10:04:09+00:00,smart_email_reply,True,True,True,1,0,0.16666666666666666,0.55,7
u_00970,lp_business_emails,2026-02-21 20:27:35+00:00,2026-02-21,,,,False,False,False,0,0,,,7
u_00971,lp_academic_writing,2026-02-13 02:56:29+00:00,2026-02-13,,,,False,False,False,0,0,,,7
u_00972,lp_business_emails,2026-02-08 05:25:40+00:00,2026-02-08,,,,False,False,False,0,0,,,7
u_00973,lp_academic_writing,2026-02-06 10:40:03+00:00,2026-02-06,2026-02-06 10:45:03+00:00,2026-02-06 11:39:03+00:00,academic_citation_helper,True,True,True,2,1,0.08333333333333333,0.9833333333333333,7
u_00974,lp_academic_writing,2026-02-20 18:50:35+00:00,2026-02-20,2026-02-20 18:58:35+00:00,,,True,False,False,0,0,0.13333333333333333,,7
u_00975,lp_business_emails,2026-02-27 20:10:23+00:00,2026-02-27,,,,False,False,False,0,0,,,7
u_00976,lp_business_emails,2026-02-13 06:13:49+00:00,2026-02-13,,,,False,False,False,0,0,,,7
u_00977,lp_academic_writing,2026-02-25 04:09:30+00:00,2026-02-25,2026-02-25 04:15:30+00:00,2026-02-25 04:20:30+00:00,academic_citation_helper,True,True,True,3,1,0.1,0.18333333333333332,7
u_00978,lp_business_emails,2026-02-22 11:28:27+00:00,2026-02-22,,,,False,False,False,0,0,,,7
u_00979,lp_business_emails,2026-02-07 03:58:40+00:00,2026-02-07,,,,False,False,False,0,0,,,7
u_00980,lp_business_emails,2026-02-20 21:13:25+00:00,2026-02-20,2026-02-20 21:26:25+00:00,2026-02-20 22:25:25+00:00,smart_email_reply,True,True,True,2,1,0.21666666666666667,1.2,7
u_00981,lp_business_emails,2026-02-17 19:00:23+00:00,2026-02-17,,,,False,False,False,0,0,,,7
u_00982,lp_academic_writing,2026-02-12 21:06:53+00:00,2026-02-12,2026-02-12 21:10:53+00:00,2026-02-12 21:39:53+00:00,academic_citation_helper,True,True,True,3,1,0.06666666666666667,0.55,7
u_00983,lp_business_emails,2026-02-26 15:43:48+00:00,2026-02-26,,,,False,False,False,0,0,,,7
u_00984,lp_academic_writing,2026-02-17 13:44:57+00:00,2026-02-17,2026-02-17 13:46:57+00:00,,,True,False,False,0,0,0.03333333333333333,,7
u_00985,lp_business_emails,2026-02-25 03:54:15+00:00,2026-02-25,,,,False,False,False,0,0,,,7
u_00986,lp_academic_writing,2026-02-26 21:39:04+00:00,2026-02-26,2026-02-26 21:46:04+00:00,,,True,False,False,0,0,0.11666666666666667,,7
u_00987,lp_business_emails,2026-02-11 03:25:39+00:00,2026-02-11,,,,False,False,False,0,0,,,7
u_00988,lp_business_emails,2026-02-15 21:29:01+00:00,2026-02-15,2026-02-15 21:39:01+00:00,2026-02-15 22:04:01+00:00,smart_email_reply,True,True,True,1,0,0.16666666666666666,0.5833333333333334,7
u_00989,lp_business_emails,2026-02-24 05:23:06+00:00,2026-02-24,,,,False,False,False,0,0,,,7
u_00990,lp_academic_writing,2026-02-04 12:44:19+00:00,2026-02-04,,,,False,False,False,0,0,,,7
u_00991,lp_academic_writing,2026-02-24 01:32:58+00:00,2026-02-24,,,,False,False,False,0,0,,,7
u_00992,lp_academic_writing,2026-02-22 02:44:46+00:00,2026-02-22,,,,False,False,False,0,0,,,7
u_00993,lp_academic_writing,2026-02-20 21:20:09+00:00,2026-02-20,2026-02-20 21:30:09+00:00,2026-02-20 21:39:09+00:00,academic_citation_helper,True,True,True,2,1,0.16666666666666666,0.31666666666666665,7
u_00994,lp_academic_writing,2026-02-27 14:01:07+00:00,2026-02-27,,,,False,False,False,0,0,,,7
u_00995,lp_business_emails,2026-02-02 23:29:33+00:00,2026-02-02,2026-02-02 23:36:33+00:00,2026-02-02 23:57:33+00:00,smart_email_reply,True,True,True,3,1,0.11666666666666667,0.4666666666666667,7
u_00996,lp_business_emails,2026-02-01 03:30:37+00:00,2026-02-01,,,,False,False,False,0,0,,,7
u_00997,lp_business_emails,2026-02-15 19:36:14+00:00,2026-02-15,,,,False,False,False,0,0,,,7
u_00998,lp_academic_writing,2026-02-26 00:47:14+00:00,2026-02-26,,,,False,False,False,0,0,,,7
u_00999,lp_business_emails,2026-02-26 20:20:15+00:00,2026-02-26,2026-02-26 20:34:15+00:00,2026-02-26 20:39:15+00:00,smart_email_reply,True,True,True,1,0,0.23333333333333334,0.31666666666666665,7
u_01000,lp_business_emails,2026-02-27 07:18:49+00:00,2026-02-27,2026-02-27 07:25:49+00:00,2026-02-27 08:03:49+00:00,smart_email_reply,True,True,True,1,0,0.11666666666666667,0.75,7
u_01001,lp_business_emails,2026-02-25 04:01:09+00:00,2026-02-25,,,,False,False,False,0,0,,,7
u_01002,lp_academic_writing,2026-02-23 16:27:14+00:00,2026-02-23,,,,False,False,False,0,0,,,7
u_01003,lp_business_emails,2026-02-18 17:28:20+00:00,2026-02-18,,,,False,False,False,0,0,,,7
u_01004,lp_business_emails,2026-02-08 14:29:28+00:00,2026-02-08,2026-02-08 14:36:28+00:00,2026-02-08 14:59:28+00:00,smart_email_reply,True,True,True,1,0,0.11666666666666667,0.5,7
u_01005,lp_business_emails,2026-02-18 16:52:18+00:00,2026-02-18,,,,False,False,False,0,0,,,7
u_01006,lp_business_emails,2026-02-11 05:45:05+00:00,2026-02-11,,,,False,False,False,0,0,,,7
u_01007,lp_academic_writing,2026-02-05 20:23:21+00:00,2026-02-05,,,,False,False,False,0,0,,,7
u_01008,lp_academic_writing,2026-02-08 02:09:00+00:00,2026-02-08,,,,False,False,False,0,0,,,7
u_01009,lp_business_emails,2026-02-22 03:52:26+00:00,2026-02-22,,,,False,False,False,0,0,,,7
u_01010,lp_academic_writing,2026-02-21 06:50:04+00:00,2026-02-21,2026-02-21 06:58:04+00:00,,,True,False,False,0,0,0.13333333333333333,,7
u_01011,lp_business_emails,2026-02-12 22:47:37+00:00,2026-02-12,,,,False,False,False,0,0,,,7
u_01012,lp_academic_writing,2026-02-14 11:08:25+00:00,2026-02-14,,,,False,False,False,0,0,,,7
u_01013,lp_business_emails,2026-02-03 07:28:17+00:00,2026-02-03,2026-02-03 07:35:17+00:00,2026-02-03 07:54:17+00:00,smart_email_reply,True,True,True,1,0,0.11666666666666667,0.43333333333333335,7
u_01014,lp_academic_writing,2026-02-20 20:10:28+00:00,2026-02-20,2026-02-20 20:14:28+00:00,,,True,False,False,0,0,0.06666666666666667,,7
u_01015,lp_academic_writing,2026-02-03 19:42:39+00:00,2026-02-03,,,,False,False,False,0,0,,,7
u_01016,lp_business_emails,2026-02-23 02:30:38+00:00,2026-02-23,,,,False,False,False,0,0,,,7
u_01017,lp_business_emails,2026-02-24 21:17:34+00:00,2026-02-24,,,,False,False,False,0,0,,,7
u_01018,lp_academic_writing,2026-02-25 12:05:00+00:00,2026-02-25,,,,False,False,False,0,0,,,7
u_01019,lp_business_emails,2026-02-26 04:19:33+00:00,2026-02-26,,,,False,False,False,0,0,,,7
u_01020,lp_academic_writing,2026-02-11 06:43:42+00:00,2026-02-11,2026-02-11 06:45:42+00:00,,,True,False,False,0,0,0.03333333333333333,,7
u_01021,lp_business_emails,2026-02-03 09:18:36+00:00,2026-02-03,2026-02-03 09:19:36+00:00,,,True,False,False,0,0,0.016666666666666666,,7
u_01022,lp_academic_writing,2026-02-13 15:49:09+00:00,2026-02-13,,,,False,False,False,0,0,,,7
u_01023,lp_business_emails,2026-02-03 16:13:51+00:00,2026-02-03,,,,False,False,False,0,0,,,7
u_01024,lp_business_emails,2026-02-08 22:37:25+00:00,2026-02-08,,,,False,False,False,0,0,,,7
u_01025,lp_business_emails,2026-02-12 22:43:38+00:00,2026-02-12,,,,False,False,False,0,0,,,7
u_01026,lp_business_emails,2026-02-09 01:27:40+00:00,2026-02-09,,,,False,False,False,0,0,,,7
u_01027,lp_business_emails,2026-02-11 11:51:32+00:00,2026-02-11,,,,False,False,False,0,0,,,7
u_01028,lp_business_emails,2026-02-21 12:36:50+00:00,2026-02-21,,,,False,False,False,0,0,,,7
u_01029,lp_business_emails,2026-02-15 16:32:32+00:00,2026-02-15,,,,False,False,False,0,0,,,7
u_01030,lp_business_emails,2026-02-09 15:49:07+00:00,2026-02-09,,,,False,False,False,0,0,,,7
u_01031,lp_academic_writing,2026-02-05 13:39:43+00:00,2026-02-05,,,,False,False,False,0,0,,,7
u_01032,lp_business_emails,2026-02-23 18:09:12+00:00,2026-02-23,,,,False,False,False,0,0,,,7
u_01033,lp_academic_writing,2026-02-10 08:03:19+00:00,2026-02-10,,,,False,False,False,0,0,,,7
u_01034,lp_business_emails,2026-02-03 04:26:06+00:00,2026-02-03,,,,False,False,False,0,0,,,7
u_01035,lp_business_emails,2026-02-09 23:30:50+00:00,2026-02-09,2026-02-09 23:38:50+00:00,,,True,False,False,0,0,0.13333333333333333,,7
u_01036,lp_business_emails,2026-02-04 14:21:40+00:00,2026-02-04,,,,False,False,False,0,0,,,7
u_01037,lp_academic_writing,2026-02-11 19:54:53+00:00,2026-02-11,,,,False,False,False,0,0,,,7
u_01038,lp_academic_writing,2026-02-10 23:43:12+00:00,2026-02-10,,,,False,False,False,0,0,,,7
u_01039,lp_academic_writing,2026-02-22 13:34:03+00:00,2026-02-22,,,,False,False,False,0,0,,,7
u_01040,lp_business_emails,2026-02-06 05:49:49+00:00,2026-02-06,,,,False,False,False,0,0,,,7
u_01041,lp_business_emails,2026-02-06 09:53:54+00:00,2026-02-06,,,,False,False,False,0,0,,,7
u_01042,lp_academic_writing,2026-02-09 09:12:02+00:00,2026-02-09,,,,False,False,False,0,0,,,7
u_01043,lp_academic_writing,2026-02-26 18:08:13+00:00,2026-02-26,,,,False,False,False,0,0,,,7
u_01044,lp_business_emails,2026-02-26 01:44:41+00:00,2026-02-26,,,,False,False,False,0,0,,,7
u_01045,lp_academic_writing,2026-02-11 06:53:35+00:00,2026-02-11,,,,False,False,False,0,0,,,7
u_01046,lp_business_emails,2026-02-07 03:01:25+00:00,2026-02-07,,,,False,False,False,0,0,,,7
u_01047,lp_academic_writing,2026-02-25 16:31:46+00:00,2026-02-25,,,,False,False,False,0,0,,,7
u_01048,lp_academic_writing,2026-02-11 16:12:01+00:00,2026-02-11,,,,False,False,False,0,0,,,7
u_01049,lp_academic_writing,2026-02-23 22:39:06+00:00,2026-02-23,,,,False,False,False,0,0,,,7
u_01050,lp_business_emails,2026-02-18 10:31:14+00:00,2026-02-18,,,,False,False,False,0,0,,,7
u_01051,lp_academic_writing,2026-02-27 07:19:40+00:00,2026-02-27,,,,False,False,False,0,0,,,7
u_01052,lp_business_emails,2026-02-07 09:10:27+00:00,2026-02-07,,,,False,False,False,0,0,,,7
u_01053,lp_academic_writing,2026-02-10 05:50:16+00:00,2026-02-10,2026-02-10 05:56:16+00:00,,,True,False,False,0,0,0.1,,7
u_01054,lp_academic_writing,2026-02-21 11:19:37+00:00,2026-02-21,,,,False,False,False,0,0,,,7
u_01055,lp_academic_writing,2026-02-03 16:16:24+00:00,2026-02-03,,,,False,False,False,0,0,,,7
u_01056,lp_academic_writing,2026-02-19 01:36:50+00:00,2026-02-19,,,,False,False,False,0,0,,,7
u_01057,lp_academic_writing,2026-02-08 09:12:34+00:00,2026-02-08,,,,False,False,False,0,0,,,7
u_01058,lp_academic_writing,2026-02-26 14:01:02+00:00,2026-02-26,2026-02-26 14:07:02+00:00,,,True,False,False,0,0,0.1,,7
u_01059,lp_business_emails,2026-02-25 20:22:01+00:00,2026-02-25,2026-02-25 20:29:01+00:00,,,True,False,False,0,0,0.11666666666666667,,7
u_01060,lp_academic_writing,2026-02-27 15:00:06+00:00,2026-02-27,2026-02-27 15:07:06+00:00,2026-02-27 15:53:06+00:00,academic_citation_helper,True,True,True,3,1,0.11666666666666667,0.8833333333333333,7
u_01061,lp_academic_writing,2026-02-15 11:00:07+00:00,2026-02-15,2026-02-15 11:02:07+00:00,2026-02-15 11:49:07+00:00,academic_citation_helper,True,True,True,1,0,0.03333333333333333,0.8166666666666667,7
u_01062,lp_business_emails,2026-02-23 23:54:46+00:00,2026-02-23,2026-02-24 00:03:46+00:00,,,True,False,False,0,0,0.15,,7
u_01063,lp_academic_writing,2026-02-18 00:38:56+00:00,2026-02-18,,,,False,False,False,0,0,,,7
u_01064,lp_academic_writing,2026-02-28 08:44:15+00:00,2026-02-28,,,,False,False,False,0,0,,,7
u_01065,lp_academic_writing,2026-02-04 09:55:34+00:00,2026-02-04,,,,False,False,False,0,0,,,7
u_01066,lp_business_emails,2026-02-21 18:45:47+00:00,2026-02-21,,,,False,False,False,0,0,,,7
u_01067,lp_academic_writing,2026-02-19 23:37:01+00:00,2026-02-19,,,,False,False,False,0,0,,,7
u_01068,lp_business_emails,2026-02-07 02:49:43+00:00,2026-02-07,,,,False,False,False,0,0,,,7
u_01069,lp_business_emails,2026-02-14 04:05:22+00:00,2026-02-14,,,,False,False,False,0,0,,,7
u_01070,lp_business_emails,2026-02-20 09:11:40+00:00,2026-02-20,2026-02-20 09:14:40+00:00,,,True,False,False,0,0,0.05,,7
u_01071,lp_academic_writing,2026-02-21 12:55:04+00:00,2026-02-21,,,,False,False,False,0,0,,,7
u_01072,lp_academic_writing,2026-02-17 20:03:12+00:00,2026-02-17,2026-02-17 20:10:12+00:00,,,True,False,False,0,0,0.11666666666666667,,7
u_01073,lp_business_emails,2026-02-09 08:36:51+00:00,2026-02-09,,,,False,False,False,0,0,,,7
u_01074,lp_academic_writing,2026-02-28 15:38:26+00:00,2026-02-28,,,,False,False,False,0,0,,,7
u_01075,lp_academic_writing,2026-02-27 19:25:37+00:00,2026-02-27,2026-02-27 19:34:37+00:00,,,True,False,False,0,0,0.15,,7
u_01076,lp_academic_writing,2026-02-21 13:14:20+00:00,2026-02-21,2026-02-21 13:20:20+00:00,2026-02-21 13:29:20+00:00,academic_citation_helper,True,True,True,2,1,0.1,0.25,7
u_01077,lp_business_emails,2026-02-06 11:51:41+00:00,2026-02-06,,,,False,False,False,0,0,,,7
u_01078,lp_business_emails,2026-02-12 15:16:32+00:00,2026-02-12,2026-02-12 15:24:32+00:00,2026-02-12 15:51:32+00:00,smart_email_reply,True,True,True,1,0,0.13333333333333333,0.5833333333333334,7
u_01079,lp_business_emails,2026-02-05 11:31:53+00:00,2026-02-05,2026-02-05 11:41:53+00:00,2026-02-05 12:30:53+00:00,smart_email_reply,True,True,True,2,1,0.16666666666666666,0.9833333333333333,7
u_01080,lp_business_emails,2026-02-02 11:01:39+00:00,2026-02-02,,,,False,False,False,0,0,,,7
u_01081,lp_business_emails,2026-02-10 06:01:32+00:00,2026-02-10,,,,False,False,False,0,0,,,7
u_01082,lp_business_emails,2026-02-12 05:15:40+00:00,2026-02-12,,,,False,False,False,0,0,,,7
u_01083,lp_academic_writing,2026-02-12 17:47:56+00:00,2026-02-12,,,,False,False,False,0,0,,,7
u_01084,lp_business_emails,2026-02-05 02:36:32+00:00,2026-02-05,,,,False,False,False,0,0,,,7
u_01085,lp_business_emails,2026-02-27 02:03:00+00:00,2026-02-27,,,,False,False,False,0,0,,,7
u_01086,lp_business_emails,2026-02-01 17:05:52+00:00,2026-02-01,2026-02-01 17:11:52+00:00,2026-02-01 17:19:52+00:00,smart_email_reply,True,True,True,1,0,0.1,0.23333333333333334,7
u_01087,lp_business_emails,2026-02-20 13:01:17+00:00,2026-02-20,,,,False,False,False,0,0,,,7
u_01088,lp_business_emails,2026-02-04 22:12:01+00:00,2026-02-04,2026-02-04 22:19:01+00:00,2026-02-04 22:56:01+00:00,smart_email_reply,True,True,True,1,0,0.11666666666666667,0.7333333333333333,7
u_01089,lp_business_emails,2026-02-07 06:20:22+00:00,2026-02-07,,,,False,False,False,0,0,,,7
u_01090,lp_academic_writing,2026-02-20 23:31:19+00:00,2026-02-20,,,,False,False,False,0,0,,,7
u_01091,lp_academic_writing,2026-02-12 20:35:56+00:00,2026-02-12,2026-02-12 20:36:56+00:00,,,True,False,False,0,0,0.016666666666666666,,7
u_01092,lp_academic_writing,2026-02-20 09:49:44+00:00,2026-02-20,2026-02-20 09:54:44+00:00,2026-02-20 10:37:44+00:00,academic_citation_helper,True,True,True,2,1,0.08333333333333333,0.8,7
u_01093,lp_business_emails,2026-02-24 11:14:52+00:00,2026-02-24,,,,False,False,False,0,0,,,7
u_01094,lp_business_emails,2026-02-24 00:43:23+00:00,2026-02-24,,,,False,False,False,0,0,,,7
u_01095,lp_business_emails,2026-02-12 09:09:52+00:00,2026-02-12,,,,False,False,False,0,0,,,7
u_01096,lp_academic_writing,2026-02-12 10:16:36+00:00,2026-02-12,,,,False,False,False,0,0,,,7
u_01097,lp_business_emails,2026-02-23 06:42:12+00:00,2026-02-23,,,,False,False,False,0,0,,,7
u_01098,lp_academic_writing,2026-02-13 16:12:20+00:00,2026-02-13,,,,False,False,False,0,0,,,7
u_01099,lp_business_emails,2026-02-21 09:13:56+00:00,2026-02-21,,,,False,False,False,0,0,,,7
u_01100,lp_business_emails,2026-02-11 03:11:36+00:00,2026-02-11,2026-02-11 03:24:36+00:00,2026-02-11 03:30:36+00:00,smart_email_reply,True,True,True,1,0,0.21666666666666667,0.31666666666666665,7
u_01101,lp_business_emails,2026-02-18 20:03:57+00:00,2026-02-18,2026-02-18 20:17:57+00:00,,,True,False,False,0,0,0.23333333333333334,,7
u_01102,lp_academic_writing,2026-02-22 17:54:38+00:00,2026-02-22,2026-02-22 17:59:38+00:00,2026-02-22 18:54:38+00:00,academic_citation_helper,True,True,True,1,0,0.08333333333333333,1.0,7
u_01103,lp_academic_writing,2026-02-05 03:22:05+00:00,2026-02-05,2026-02-05 03:27:05+00:00,2026-02-05 03:42:05+00:00,academic_citation_helper,True,True,True,2,1,0.08333333333333333,0.3333333333333333,7
u_01104,lp_business_emails,2026-02-09 18:29:34+00:00,2026-02-09,2026-02-09 18:34:34+00:00,,,True,False,False,0,0,0.08333333333333333,,7
u_01105,lp_business_emails,2026-02-07 23:09:13+00:00,2026-02-07,2026-02-07 23:11:13+00:00,2026-02-07 23:34:13+00:00,smart_email_reply,True,True,True,1,0,0.03333333333333333,0.4166666666666667,7
u_01106,lp_business_emails,2026-02-09 07:00:09+00:00,2026-02-09,,,,False,False,False,0,0,,,7
u_01107,lp_business_emails,2026-02-02 09:58:56+00:00,2026-02-02,,,,False,False,False,0,0,,,7
u_01108,lp_academic_writing,2026-02-16 11:02:14+00:00,2026-02-16,,,,False,False,False,0,0,,,7
u_01109,lp_academic_writing,2026-02-26 05:07:08+00:00,2026-02-26,,,,False,False,False,0,0,,,7
u_01110,lp_business_emails,2026-02-11 18:55:44+00:00,2026-02-11,2026-02-11 19:09:44+00:00,,,True,False,False,0,0,0.23333333333333334,,7
u_01111,lp_academic_writing,2026-02-04 12:00:34+00:00,2026-02-04,,,,False,False,False,0,0,,,7
u_01112,lp_academic_writing,2026-02-11 19:39:57+00:00,2026-02-11,,,,False,False,False,0,0,,,7
u_01113,lp_business_emails,2026-02-01 00:58:11+00:00,2026-02-01,2026-02-01 00:59:11+00:00,,,True,False,False,0,0,0.016666666666666666,,7
u_01114,lp_academic_writing,2026-02-22 17:59:08+00:00,2026-02-22,,,,False,False,False,0,0,,,7
u_01115,lp_academic_writing,2026-02-24 07:44:05+00:00,2026-02-24,2026-02-24 07:45:05+00:00,2026-02-24 07:51:05+00:00,academic_citation_helper,True,True,True,3,1,0.016666666666666666,0.11666666666666667,7
u_01116,lp_business_emails,2026-02-17 06:03:39+00:00,2026-02-17,,,,False,False,False,0,0,,,7
u_01117,lp_academic_writing,2026-02-06 03:08:34+00:00,2026-02-06,,,,False,False,False,0,0,,,7
u_01118,lp_business_emails,2026-02-08 13:09:51+00:00,2026-02-08,2026-02-08 13:13:51+00:00,,,True,False,False,0,0,0.06666666666666667,,7
u_01119,lp_academic_writing,2026-02-09 04:40:38+00:00,2026-02-09,2026-02-09 04:41:38+00:00,,,True,False,False,0,0,0.016666666666666666,,7
u_01120,lp_business_emails,2026-02-23 09:15:48+00:00,2026-02-23,,,,False,False,False,0,0,,,7
u_01121,lp_academic_writing,2026-02-16 05:23:35+00:00,2026-02-16,,,,False,False,False,0,0,,,7
u_01122,lp_academic_writing,2026-02-24 12:31:01+00:00,2026-02-24,2026-02-24 12:38:01+00:00,2026-02-24 12:56:01+00:00,academic_citation_helper,True,True,True,1,0,0.11666666666666667,0.4166666666666667,7
u_01123,lp_academic_writing,2026-02-17 20:53:17+00:00,2026-02-17,,,,False,False,False,0,0,,,7
u_01124,lp_business_emails,2026-02-16 12:37:13+00:00,2026-02-16,,,,False,False,False,0,0,,,7
u_01125,lp_business_emails,2026-02-04 23:58:26+00:00,2026-02-04,,,,False,False,False,0,0,,,7
u_01126,lp_academic_writing,2026-02-20 01:00:41+00:00,2026-02-20,,,,False,False,False,0,0,,,7
u_01127,lp_business_emails,2026-02-07 14:00:07+00:00,2026-02-07,2026-02-07 14:01:07+00:00,,,True,False,False,0,0,0.016666666666666666,,7
u_01128,lp_academic_writing,2026-02-26 20:18:20+00:00,2026-02-26,,,,False,False,False,0,0,,,7
u_01129,lp_academic_writing,2026-02-01 20:04:24+00:00,2026-02-01,,,,False,False,False,0,0,,,7
u_01130,lp_business_emails,2026-02-26 01:20:50+00:00,2026-02-26,,,,False,False,False,0,0,,,7
u_01131,lp_academic_writing,2026-02-09 18:22:22+00:00,2026-02-09,2026-02-09 18:31:22+00:00,,,True,False,False,0,0,0.15,,7
u_01132,lp_business_emails,2026-02-09 23:01:58+00:00,2026-02-09,,,,False,False,False,0,0,,,7
u_01133,lp_business_emails,2026-02-06 20:49:44+00:00,2026-02-06,,,,False,False,False,0,0,,,7
u_01134,lp_business_emails,2026-02-05 18:35:58+00:00,2026-02-05,,,,False,False,False,0,0,,,7
u_01135,lp_academic_writing,2026-02-13 13:35:31+00:00,2026-02-13,,,,False,False,False,0,0,,,7
u_01136,lp_business_emails,2026-02-06 06:38:38+00:00,2026-02-06,,,,False,False,False,0,0,,,7
u_01137,lp_academic_writing,2026-02-01 16:56:08+00:00,2026-02-01,,,,False,False,False,0,0,,,7
u_01138,lp_academic_writing,2026-02-08 07:20:27+00:00,2026-02-08,,,,False,False,False,0,0,,,7
u_01139,lp_business_emails,2026-02-14 04:40:15+00:00,2026-02-14,,,,False,False,False,0,0,,,7
u_01140,lp_business_emails,2026-02-12 23:17:23+00:00,2026-02-12,,,,False,False,False,0,0,,,7
u_01141,lp_business_emails,2026-02-28 17:03:29+00:00,2026-02-28,,,,False,False,False,0,0,,,7
u_01142,lp_business_emails,2026-02-20 03:56:43+00:00,2026-02-20,,,,False,False,False,0,0,,,7
u_01143,lp_business_emails,2026-02-27 12:09:17+00:00,2026-02-27,2026-02-27 12:16:17+00:00,,,True,False,False,0,0,0.11666666666666667,,7
u_01144,lp_business_emails,2026-02-13 17:20:01+00:00,2026-02-13,,,,False,False,False,0,0,,,7
u_01145,lp_academic_writing,2026-02-26 19:45:23+00:00,2026-02-26,,,,False,False,False,0,0,,,7
u_01146,lp_business_emails,2026-02-26 02:04:10+00:00,2026-02-26,2026-02-26 02:07:10+00:00,,,True,False,False,0,0,0.05,,7
u_01147,lp_academic_writing,2026-02-06 06:03:47+00:00,2026-02-06,2026-02-06 06:07:47+00:00,2026-02-06 06:38:47+00:00,academic_citation_helper,True,True,True,2,1,0.06666666666666667,0.5833333333333334,7
u_01148,lp_academic_writing,2026-02-08 23:26:55+00:00,2026-02-08,2026-02-08 23:30:55+00:00,2026-02-09 00:12:55+00:00,academic_citation_helper,True,True,True,2,1,0.06666666666666667,0.7666666666666667,7
u_01149,lp_business_emails,2026-02-25 13:17:47+00:00,2026-02-25,,,,False,False,False,0,0,,,7
u_01150,lp_academic_writing,2026-02-01 22:03:00+00:00,2026-02-01,,,,False,False,False,0,0,,,7
u_01151,lp_business_emails,2026-02-27 10:55:58+00:00,2026-02-27,,,,False,False,False,0,0,,,7
u_01152,lp_academic_writing,2026-02-11 16:56:24+00:00,2026-02-11,,,,False,False,False,0,0,,,7
u_01153,lp_academic_writing,2026-02-14 06:32:14+00:00,2026-02-14,,,,False,False,False,0,0,,,7
u_01154,lp_academic_writing,2026-02-12 12:11:53+00:00,2026-02-12,,,,False,False,False,0,0,,,7
u_01155,lp_business_emails,2026-02-24 11:42:01+00:00,2026-02-24,2026-02-24 11:46:01+00:00,2026-02-24 12:30:01+00:00,smart_email_reply,True,True,True,1,0,0.06666666666666667,0.8,7
u_01156,lp_academic_writing,2026-02-03 09:30:08+00:00,2026-02-03,2026-02-03 09:35:08+00:00,2026-02-03 10:06:08+00:00,academic_citation_helper,True,True,True,3,1,0.08333333333333333,0.6,7
u_01157,lp_business_emails,2026-02-22 09:13:59+00:00,2026-02-22,,,,False,False,False,0,0,,,7
u_01158,lp_academic_writing,2026-02-19 05:04:37+00:00,2026-02-19,2026-02-19 05:06:37+00:00,2026-02-19 05:47:37+00:00,academic_citation_helper,True,True,True,1,0,0.03333333333333333,0.7166666666666667,7
u_01159,lp_business_emails,2026-02-10 05:33:04+00:00,2026-02-10,2026-02-10 05:35:04+00:00,,,True,False,False,0,0,0.03333333333333333,,7
u_01160,lp_business_emails,2026-02-20 16:04:53+00:00,2026-02-20,,,,False,False,False,0,0,,,7
u_01161,lp_academic_writing,2026-02-21 13:50:02+00:00,2026-02-21,2026-02-21 13:52:02+00:00,,,True,False,False,0,0,0.03333333333333333,,7
u_01162,lp_academic_writing,2026-02-23 15:48:25+00:00,2026-02-23,,,,False,False,False,0,0,,,7
u_01163,lp_business_emails,2026-02-28 18:28:41+00:00,2026-02-28,,,,False,False,False,0,0,,,7
u_01164,lp_academic_writing,2026-02-03 19:08:24+00:00,2026-02-03,,,,False,False,False,0,0,,,7
u_01165,lp_business_emails,2026-02-25 07:14:52+00:00,2026-02-25,2026-02-25 07:22:52+00:00,2026-02-25 07:57:52+00:00,smart_email_reply,True,True,True,1,0,0.13333333333333333,0.7166666666666667,7
u_01166,lp_academic_writing,2026-02-06 15:28:27+00:00,2026-02-06,,,,False,False,False,0,0,,,7
u_01167,lp_academic_writing,2026-02-10 23:39:01+00:00,2026-02-10,2026-02-10 23:41:01+00:00,2026-02-10 23:50:01+00:00,academic_citation_helper,True,True,True,1,0,0.03333333333333333,0.18333333333333332,7
u_01168,lp_business_emails,2026-02-12 17:20:34+00:00,2026-02-12,2026-02-12 17:25:34+00:00,,,True,False,False,0,0,0.08333333333333333,,7
u_01169,lp_business_emails,2026-02-14 22:40:18+00:00,2026-02-14,,,,False,False,False,0,0,,,7
u_01170,lp_academic_writing,2026-02-09 06:21:08+00:00,2026-02-09,2026-02-09 06:31:08+00:00,2026-02-09 06:44:08+00:00,academic_citation_helper,True,True,True,4,1,0.16666666666666666,0.38333333333333336,7
u_01171,lp_business_emails,2026-02-04 17:08:53+00:00,2026-02-04,,,,False,False,False,0,0,,,7
u_01172,lp_academic_writing,2026-02-03 08:43:27+00:00,2026-02-03,,,,False,False,False,0,0,,,7
u_01173,lp_business_emails,2026-02-01 23:00:47+00:00,2026-02-01,,,,False,False,False,0,0,,,7
u_01174,lp_academic_writing,2026-02-07 07:41:14+00:00,2026-02-07,,,,False,False,False,0,0,,,7
u_01175,lp_academic_writing,2026-02-03 04:25:39+00:00,2026-02-03,,,,False,False,False,0,0,,,7
u_01176,lp_business_emails,2026-02-01 12:07:14+00:00,2026-02-01,,,,False,False,False,0,0,,,7
u_01177,lp_academic_writing,2026-02-26 18:52:49+00:00,2026-02-26,2026-02-26 19:01:49+00:00,2026-02-26 19:52:49+00:00,academic_citation_helper,True,True,True,4,1,0.15,1.0,7
u_01178,lp_business_emails,2026-02-16 11:09:20+00:00,2026-02-16,,,,False,False,False,0,0,,,7
u_01179,lp_business_emails,2026-02-14 00:55:08+00:00,2026-02-14,,,,False,False,False,0,0,,,7
u_01180,lp_business_emails,2026-02-27 02:12:30+00:00,2026-02-27,,,,False,False,False,0,0,,,7
u_01181,lp_business_emails,2026-02-19 20:50:50+00:00,2026-02-19,,,,False,False,False,0,0,,,7
u_01182,lp_academic_writing,2026-02-24 01:48:14+00:00,2026-02-24,,,,False,False,False,0,0,,,7
u_01183,lp_business_emails,2026-02-25 12:01:34+00:00,2026-02-25,,,,False,False,False,0,0,,,7
u_01184,lp_business_emails,2026-02-13 17:26:22+00:00,2026-02-13,,,,False,False,False,0,0,,,7
u_01185,lp_academic_writing,2026-02-24 02:24:57+00:00,2026-02-24,,,,False,False,False,0,0,,,7
u_01186,lp_business_emails,2026-02-24 04:59:47+00:00,2026-02-24,,,,False,False,False,0,0,,,7
u_01187,lp_business_emails,2026-02-03 11:38:51+00:00,2026-02-03,,,,False,False,False,0,0,,,7
u_01188,lp_academic_writing,2026-02-06 17:47:35+00:00,2026-02-06,,,,False,False,False,0,0,,,7
u_01189,lp_academic_writing,2026-02-02 07:44:28+00:00,2026-02-02,,,,False,False,False,0,0,,,7
u_01190,lp_academic_writing,2026-02-10 04:11:16+00:00,2026-02-10,,,,False,False,False,0,0,,,7
u_01191,lp_academic_writing,2026-02-10 22:23:08+00:00,2026-02-10,,,,False,False,False,0,0,,,7
u_01192,lp_academic_writing,2026-02-13 21:56:45+00:00,2026-02-13,,,,False,False,False,0,0,,,7
u_01193,lp_business_emails,2026-02-07 19:45:04+00:00,2026-02-07,2026-02-07 19:47:04+00:00,2026-02-07 20:40:04+00:00,smart_email_reply,True,True,True,1,0,0.03333333333333333,0.9166666666666666,7
u_01194,lp_academic_writing,2026-02-04 23:37:43+00:00,2026-02-04,,,,False,False,False,0,0,,,7
u_01195,lp_academic_writing,2026-02-26 03:08:31+00:00,2026-02-26,2026-02-26 03:17:31+00:00,,,True,False,False,0,0,0.15,,7
u_01196,lp_business_emails,2026-02-03 02:16:28+00:00,2026-02-03,,,,False,False,False,0,0,,,7
u_01197,lp_business_emails,2026-02-22 02:49:20+00:00,2026-02-22,,,,False,False,False,0,0,,,7
u_01198,lp_business_emails,2026-02-14 23:32:33+00:00,2026-02-14,,,,False,False,False,0,0,,,7
u_01199,lp_business_emails,2026-02-01 12:03:26+00:00,2026-02-01,2026-02-01 12:16:26+00:00,2026-02-01 12:48:26+00:00,smart_email_reply,True,True,True,1,0,0.21666666666666667,0.75,7
u_01200,lp_academic_writing,2026-02-05 02:23:10+00:00,2026-02-05,,,,False,False,False,0,0,,,7
u_01201,lp_business_emails,2026-02-22 00:41:10+00:00,2026-02-22,,,,False,False,False,0,0,,,7
u_01202,lp_business_emails,2026-02-24 08:04:28+00:00,2026-02-24,,,,False,False,False,0,0,,,7
u_01203,lp_business_emails,2026-02-26 11:00:30+00:00,2026-02-26,2026-02-26 11:13:30+00:00,2026-02-26 11:51:30+00:00,smart_email_reply,True,True,True,1,0,0.21666666666666667,0.85,7
u_01204,lp_academic_writing,2026-02-25 18:55:44+00:00,2026-02-25,2026-02-25 18:59:44+00:00,2026-02-25 19:21:44+00:00,academic_citation_helper,True,True,True,3,1,0.06666666666666667,0.43333333333333335,7
u_01205,lp_academic_writing,2026-02-01 22:30:37+00:00,2026-02-01,2026-02-01 22:36:37+00:00,2026-02-01 23:05:37+00:00,academic_citation_helper,True,True,True,3,1,0.1,0.5833333333333334,7
u_01206,lp_business_emails,2026-02-13 08:00:33+00:00,2026-02-13,2026-02-13 08:04:33+00:00,,,True,False,False,0,0,0.06666666666666667,,7
u_01207,lp_academic_writing,2026-02-08 10:40:52+00:00,2026-02-08,2026-02-08 10:48:52+00:00,2026-02-08 11:29:52+00:00,academic_citation_helper,True,True,True,1,0,0.13333333333333333,0.8166666666666667,7
u_01208,lp_academic_writing,2026-02-15 12:22:14+00:00,2026-02-15,2026-02-15 12:32:14+00:00,2026-02-15 13:08:14+00:00,academic_citation_helper,True,True,True,1,0,0.16666666666666666,0.7666666666666667,7
u_01209,lp_academic_writing,2026-02-23 22:38:02+00:00,2026-02-23,2026-02-23 22:44:02+00:00,2026-02-23 23:34:02+00:00,academic_citation_helper,True,True,True,3,1,0.1,0.9333333333333333,7
u_01210,lp_business_emails,2026-02-19 01:28:11+00:00,2026-02-19,,,,False,False,False,0,0,,,7
u_01211,lp_academic_writing,2026-02-02 11:23:11+00:00,2026-02-02,,,,False,False,False,0,0,,,7
u_01212,lp_business_emails,2026-02-14 00:21:14+00:00,2026-02-14,,,,False,False,False,0,0,,,7
u_01213,lp_academic_writing,2026-02-13 01:42:59+00:00,2026-02-13,,,,False,False,False,0,0,,,7
u_01214,lp_business_emails,2026-02-11 03:02:37+00:00,2026-02-11,2026-02-11 03:03:37+00:00,,,True,False,False,0,0,0.016666666666666666,,7
u_01215,lp_business_emails,2026-02-05 02:26:53+00:00,2026-02-05,,,,False,False,False,0,0,,,7
u_01216,lp_business_emails,2026-02-15 23:48:25+00:00,2026-02-15,,,,False,False,False,0,0,,,7
u_01217,lp_academic_writing,2026-02-02 17:48:22+00:00,2026-02-02,,,,False,False,False,0,0,,,7
u_01218,lp_business_emails,2026-02-15 08:31:25+00:00,2026-02-15,,,,False,False,False,0,0,,,7
u_01219,lp_academic_writing,2026-02-27 13:06:08+00:00,2026-02-27,,,,False,False,False,0,0,,,7
u_01220,lp_academic_writing,2026-02-13 15:32:17+00:00,2026-02-13,2026-02-13 15:40:17+00:00,2026-02-13 16:01:17+00:00,academic_citation_helper,True,True,True,4,1,0.13333333333333333,0.48333333333333334,7
u_01221,lp_business_emails,2026-02-09 17:28:07+00:00,2026-02-09,,,,False,False,False,0,0,,,7
u_01222,lp_business_emails,2026-02-08 16:06:26+00:00,2026-02-08,,,,False,False,False,0,0,,,7
u_01223,lp_business_emails,2026-02-27 20:35:09+00:00,2026-02-27,2026-02-27 20:45:09+00:00,,,True,False,False,0,0,0.16666666666666666,,7
u_01224,lp_business_emails,2026-02-18 15:31:56+00:00,2026-02-18,,,,False,False,False,0,0,,,7
u_01225,lp_academic_writing,2026-02-22 15:20:48+00:00,2026-02-22,2026-02-22 15:24:48+00:00,2026-02-22 15:40:48+00:00,academic_citation_helper,True,True,True,2,1,0.06666666666666667,0.3333333333333333,7
u_01226,lp_business_emails,2026-02-15 11:47:51+00:00,2026-02-15,,,,False,False,False,0,0,,,7
u_01227,lp_business_emails,2026-02-25 14:59:15+00:00,2026-02-25,2026-02-25 15:09:15+00:00,,,True,False,False,0,0,0.16666666666666666,,7
u_01228,lp_business_emails,2026-02-01 18:19:21+00:00,2026-02-01,2026-02-01 18:25:21+00:00,,,True,False,False,0,0,0.1,,7
u_01229,lp_business_emails,2026-02-04 10:45:03+00:00,2026-02-04,,,,False,False,False,0,0,,,7
u_01230,lp_business_emails,2026-02-13 07:54:25+00:00,2026-02-13,,,,False,False,False,0,0,,,7
u_01231,lp_business_emails,2026-02-11 21:10:05+00:00,2026-02-11,,,,False,False,False,0,0,,,7
u_01232,lp_academic_writing,2026-02-22 22:25:02+00:00,2026-02-22,2026-02-22 22:31:02+00:00,,,True,False,False,0,0,0.1,,7
u_01233,lp_business_emails,2026-02-10 16:02:52+00:00,2026-02-10,2026-02-10 16:07:52+00:00,2026-02-10 16:13:52+00:00,smart_email_reply,True,True,True,1,0,0.08333333333333333,0.18333333333333332,7
u_01234,lp_academic_writing,2026-02-03 04:57:00+00:00,2026-02-03,,,,False,False,False,0,0,,,7
u_01235,lp_academic_writing,2026-02-08 17:16:52+00:00,2026-02-08,,,,False,False,False,0,0,,,7
u_01236,lp_business_emails,2026-02-28 21:15:31+00:00,2026-02-28,,,,False,False,False,0,0,,,7
u_01237,lp_academic_writing,2026-02-28 16:55:23+00:00,2026-02-28,,,,False,False,False,0,0,,,7
u_01238,lp_business_emails,2026-02-03 21:48:57+00:00,2026-02-03,,,,False,False,False,0,0,,,7
u_01239,lp_business_emails,2026-02-05 17:27:31+00:00,2026-02-05,,,,False,False,False,0,0,,,7
u_01240,lp_business_emails,2026-02-12 23:24:53+00:00,2026-02-12,,,,False,False,False,0,0,,,7
u_01241,lp_academic_writing,2026-02-15 05:55:30+00:00,2026-02-15,,,,False,False,False,0,0,,,7
u_01242,lp_academic_writing,2026-02-16 09:15:13+00:00,2026-02-16,,,,False,False,False,0,0,,,7
u_01243,lp_academic_writing,2026-02-11 12:58:50+00:00,2026-02-11,,,,False,False,False,0,0,,,7
u_01244,lp_business_emails,2026-02-10 01:24:45+00:00,2026-02-10,2026-02-10 01:29:45+00:00,2026-02-10 01:52:45+00:00,smart_email_reply,True,True,True,1,0,0.08333333333333333,0.4666666666666667,7
u_01245,lp_business_emails,2026-02-08 16:42:20+00:00,2026-02-08,2026-02-08 16:50:20+00:00,,,True,False,False,0,0,0.13333333333333333,,7
u_01246,lp_business_emails,2026-02-09 15:07:06+00:00,2026-02-09,2026-02-09 15:14:06+00:00,2026-02-09 15:46:06+00:00,smart_email_reply,True,True,True,1,0,0.11666666666666667,0.65,7
u_01247,lp_academic_writing,2026-02-17 14:16:56+00:00,2026-02-17,,,,False,False,False,0,0,,,7
u_01248,lp_business_emails,2026-02-27 23:52:33+00:00,2026-02-27,,,,False,False,False,0,0,,,7
u_01249,lp_business_emails,2026-02-08 04:14:27+00:00,2026-02-08,,,,False,False,False,0,0,,,7
u_01250,lp_business_emails,2026-02-15 00:39:02+00:00,2026-02-15,,,,False,False,False,0,0,,,7
u_01251,lp_business_emails,2026-02-01 19:17:54+00:00,2026-02-01,2026-02-01 19:31:54+00:00,,,True,False,False,0,0,0.23333333333333334,,7
u_01252,lp_academic_writing,2026-02-09 20:43:30+00:00,2026-02-09,,,,False,False,False,0,0,,,7
u_01253,lp_academic_writing,2026-02-12 18:32:20+00:00,2026-02-12,2026-02-12 18:35:20+00:00,2026-02-12 19:18:20+00:00,academic_citation_helper,True,True,True,2,1,0.05,0.7666666666666667,7
u_01254,lp_academic_writing,2026-02-22 21:19:39+00:00,2026-02-22,,,,False,False,False,0,0,,,7
u_01255,lp_business_emails,2026-02-26 02:30:53+00:00,2026-02-26,,,,False,False,False,0,0,,,7
u_01256,lp_business_emails,2026-02-27 10:47:45+00:00,2026-02-27,,,,False,False,False,0,0,,,7
u_01257,lp_business_emails,2026-02-09 23:41:47+00:00,2026-02-09,,,,False,False,False,0,0,,,7
u_01258,lp_academic_writing,2026-02-02 02:13:52+00:00,2026-02-02,2026-02-02 02:23:52+00:00,,,True,False,False,0,0,0.16666666666666666,,7
u_01259,lp_academic_writing,2026-02-06 00:25:41+00:00,2026-02-06,2026-02-06 00:32:41+00:00,2026-02-06 00:51:41+00:00,academic_citation_helper,True,True,True,3,1,0.11666666666666667,0.43333333333333335,7
u_01260,lp_business_emails,2026-02-25 06:27:26+00:00,2026-02-25,,,,False,False,False,0,0,,,7
u_01261,lp_business_emails,2026-02-17 22:41:35+00:00,2026-02-17,2026-02-17 22:50:35+00:00,,,True,False,False,0,0,0.15,,7
u_01262,lp_academic_writing,2026-02-08 23:42:58+00:00,2026-02-08,,,,False,False,False,0,0,,,7
u_01263,lp_business_emails,2026-02-25 15:25:33+00:00,2026-02-25,,,,False,False,False,0,0,,,7
u_01264,lp_academic_writing,2026-02-18 18:23:02+00:00,2026-02-18,,,,False,False,False,0,0,,,7
u_01265,lp_academic_writing,2026-02-13 12:14:16+00:00,2026-02-13,2026-02-13 12:18:16+00:00,2026-02-13 13:02:16+00:00,academic_citation_helper,True,True,True,1,0,0.06666666666666667,0.8,7
u_01266,lp_business_emails,2026-02-14 10:02:17+00:00,2026-02-14,,,,False,False,False,0,0,,,7
u_01267,lp_business_emails,2026-02-13 15:15:57+00:00,2026-02-13,,,,False,False,False,0,0,,,7
u_01268,lp_academic_writing,2026-02-09 04:23:30+00:00,2026-02-09,,,,False,False,False,0,0,,,7
u_01269,lp_business_emails,2026-02-26 12:02:22+00:00,2026-02-26,2026-02-26 12:17:22+00:00,2026-02-26 13:13:22+00:00,smart_email_reply,True,True,True,1,0,0.25,1.1833333333333333,7
u_01270,lp_academic_writing,2026-02-01 20:22:40+00:00,2026-02-01,,,,False,False,False,0,0,,,7
u_01271,lp_academic_writing,2026-02-12 08:51:58+00:00,2026-02-12,,,,False,False,False,0,0,,,7
u_01272,lp_business_emails,2026-02-14 19:25:58+00:00,2026-02-14,,,,False,False,False,0,0,,,7
u_01273,lp_business_emails,2026-02-02 10:19:35+00:00,2026-02-02,,,,False,False,False,0,0,,,7
u_01274,lp_business_emails,2026-02-27 13:07:50+00:00,2026-02-27,2026-02-27 13:12:50+00:00,,,True,False,False,0,0,0.08333333333333333,,7
u_01275,lp_business_emails,2026-02-25 17:26:36+00:00,2026-02-25,2026-02-25 17:34:36+00:00,2026-02-25 17:43:36+00:00,smart_email_reply,True,True,True,1,0,0.13333333333333333,0.2833333333333333,7
u_01276,lp_academic_writing,2026-02-24 19:41:33+00:00,2026-02-24,,,,False,False,False,0,0,,,7
u_01277,lp_business_emails,2026-02-06 08:08:57+00:00,2026-02-06,2026-02-06 08:17:57+00:00,,,True,False,False,0,0,0.15,,7
u_01278,lp_business_emails,2026-02-04 07:57:18+00:00,2026-02-04,2026-02-04 08:01:18+00:00,,,True,False,False,0,0,0.06666666666666667,,7
u_01279,lp_business_emails,2026-02-09 09:53:23+00:00,2026-02-09,2026-02-09 10:00:23+00:00,,,True,False,False,0,0,0.11666666666666667,,7
u_01280,lp_academic_writing,2026-02-14 11:05:22+00:00,2026-02-14,,,,False,False,False,0,0,,,7
u_01281,lp_academic_writing,2026-02-17 00:10:38+00:00,2026-02-17,2026-02-17 00:13:38+00:00,2026-02-17 00:54:38+00:00,academic_citation_helper,True,True,True,2,1,0.05,0.7333333333333333,7
u_01282,lp_academic_writing,2026-02-02 20:20:06+00:00,2026-02-02,,,,False,False,False,0,0,,,7
u_01283,lp_academic_writing,2026-02-16 06:28:04+00:00,2026-02-16,2026-02-16 06:37:04+00:00,2026-02-16 07:17:04+00:00,academic_citation_helper,True,True,True,3,1,0.15,0.8166666666666667,7
u_01284,lp_academic_writing,2026-02-18 09:02:31+00:00,2026-02-18,2026-02-18 09:11:31+00:00,,,True,False,False,0,0,0.15,,7
u_01285,lp_business_emails,2026-02-17 16:47:59+00:00,2026-02-17,2026-02-17 16:55:59+00:00,,,True,False,False,0,0,0.13333333333333333,,7
u_01286,lp_business_emails,2026-02-18 14:59:06+00:00,2026-02-18,,,,False,False,False,0,0,,,7
u_01287,lp_business_emails,2026-02-20 08:31:01+00:00,2026-02-20,2026-02-20 08:40:01+00:00,2026-02-20 08:55:01+00:00,smart_email_reply,True,True,True,1,0,0.15,0.4,7
u_01288,lp_academic_writing,2026-02-20 07:32:36+00:00,2026-02-20,2026-02-20 07:42:36+00:00,,,True,False,False,0,0,0.16666666666666666,,7
u_01289,lp_business_emails,2026-02-06 17:22:22+00:00,2026-02-06,,,,False,False,False,0,0,,,7
u_01290,lp_academic_writing,2026-02-04 00:54:21+00:00,2026-02-04,,,,False,False,False,0,0,,,7
u_01291,lp_academic_writing,2026-02-05 22:55:32+00:00,2026-02-05,,,,False,False,False,0,0,,,7
u_01292,lp_academic_writing,2026-02-23 00:07:29+00:00,2026-02-23,2026-02-23 00:11:29+00:00,2026-02-23 00:30:29+00:00,academic_citation_helper,True,True,True,2,1,0.06666666666666667,0.38333333333333336,7
u_01293,lp_business_emails,2026-02-12 07:01:00+00:00,2026-02-12,,,,False,False,False,0,0,,,7
u_01294,lp_academic_writing,2026-02-13 18:02:42+00:00,2026-02-13,,,,False,False,False,0,0,,,7
u_01295,lp_academic_writing,2026-02-17 10:27:56+00:00,2026-02-17,,,,False,False,False,0,0,,,7
u_01296,lp_business_emails,2026-02-17 07:53:08+00:00,2026-02-17,,,,False,False,False,0,0,,,7
u_01297,lp_business_emails,2026-02-01 22:12:13+00:00,2026-02-01,,,,False,False,False,0,0,,,7
u_01298,lp_business_emails,2026-02-16 02:59:04+00:00,2026-02-16,2026-02-16 03:01:04+00:00,,,True,False,False,0,0,0.03333333333333333,,7
u_01299,lp_academic_writing,2026-02-09 20:26:32+00:00,2026-02-09,2026-02-09 20:27:32+00:00,2026-02-09 20:40:32+00:00,academic_citation_helper,True,True,True,3,1,0.016666666666666666,0.23333333333333334,7
u_01300,lp_business_emails,2026-02-18 20:57:09+00:00,2026-02-18,,,,False,False,False,0,0,,,7
u_01301,lp_academic_writing,2026-02-14 02:06:43+00:00,2026-02-14,2026-02-14 02:07:43+00:00,2026-02-14 02:36:43+00:00,academic_citation_helper,True,True,True,3,1,0.016666666666666666,0.5,7
u_01302,lp_business_emails,2026-02-06 06:40:39+00:00,2026-02-06,,,,False,False,False,0,0,,,7
u_01303,lp_academic_writing,2026-02-09 07:38:12+00:00,2026-02-09,,,,False,False,False,0,0,,,7
u_01304,lp_business_emails,2026-02-28 00:39:03+00:00,2026-02-28,,,,False,False,False,0,0,,,7
u_01305,lp_business_emails,2026-02-17 11:02:30+00:00,2026-02-17,,,,False,False,False,0,0,,,7
u_01306,lp_academic_writing,2026-02-17 05:29:26+00:00,2026-02-17,,,,False,False,False,0,0,,,7
u_01307,lp_academic_writing,2026-02-02 05:06:26+00:00,2026-02-02,,,,False,False,False,0,0,,,7
u_01308,lp_business_emails,2026-02-17 01:12:05+00:00,2026-02-17,2026-02-17 01:22:05+00:00,,,True,False,False,0,0,0.16666666666666666,,7
u_01309,lp_academic_writing,2026-02-16 03:18:26+00:00,2026-02-16,,,,False,False,False,0,0,,,7
u_01310,lp_business_emails,2026-02-13 03:29:32+00:00,2026-02-13,,,,False,False,False,0,0,,,7
u_01311,lp_academic_writing,2026-02-22 22:51:19+00:00,2026-02-22,,,,False,False,False,0,0,,,7
u_01312,lp_academic_writing,2026-02-12 17:45:06+00:00,2026-02-12,,,,False,False,False,0,0,,,7
u_01313,lp_academic_writing,2026-02-18 10:12:26+00:00,2026-02-18,,,,False,False,False,0,0,,,7
u_01314,lp_academic_writing,2026-02-21 19:54:02+00:00,2026-02-21,2026-02-21 20:00:02+00:00,,,True,False,False,0,0,0.1,,7
u_01315,lp_business_emails,2026-02-11 08:02:24+00:00,2026-02-11,,,,False,False,False,0,0,,,7
u_01316,lp_business_emails,2026-02-28 22:37:44+00:00,2026-02-28,,,,False,False,False,0,0,,,7
u_01317,lp_business_emails,2026-02-03 10:59:40+00:00,2026-02-03,,,,False,False,False,0,0,,,7
u_01318,lp_business_emails,2026-02-03 23:04:36+00:00,2026-02-03,2026-02-03 23:13:36+00:00,,,True,False,False,0,0,0.15,,7
u_01319,lp_business_emails,2026-02-06 00:07:05+00:00,2026-02-06,,,,False,False,False,0,0,,,7
u_01320,lp_business_emails,2026-02-07 06:29:14+00:00,2026-02-07,2026-02-07 06:32:14+00:00,,,True,False,False,0,0,0.05,,7
u_01321,lp_business_emails,2026-02-17 19:38:54+00:00,2026-02-17,2026-02-17 19:40:54+00:00,2026-02-17 19:59:54+00:00,smart_email_reply,True,True,True,1,0,0.03333333333333333,0.35,7
u_01322,lp_academic_writing,2026-02-19 13:46:28+00:00,2026-02-19,,,,False,False,False,0,0,,,7
u_01323,lp_academic_writing,2026-02-18 19:47:33+00:00,2026-02-18,2026-02-18 19:49:33+00:00,2026-02-18 20:21:33+00:00,academic_citation_helper,True,True,True,2,1,0.03333333333333333,0.5666666666666667,7
u_01324,lp_academic_writing,2026-02-23 01:22:04+00:00,2026-02-23,,,,False,False,False,0,0,,,7
u_01325,lp_business_emails,2026-02-07 21:30:30+00:00,2026-02-07,,,,False,False,False,0,0,,,7
u_01326,lp_academic_writing,2026-02-17 08:08:44+00:00,2026-02-17,2026-02-17 08:18:44+00:00,2026-02-17 09:02:44+00:00,academic_citation_helper,True,True,True,1,0,0.16666666666666666,0.9,7
u_01327,lp_business_emails,2026-02-05 19:23:36+00:00,2026-02-05,2026-02-05 19:31:36+00:00,,,True,False,False,0,0,0.13333333333333333,,7
u_01328,lp_business_emails,2026-02-22 21:41:31+00:00,2026-02-22,,,,False,False,False,0,0,,,7
u_01329,lp_business_emails,2026-02-06 09:06:29+00:00,2026-02-06,,,,False,False,False,0,0,,,7
u_01330,lp_business_emails,2026-02-16 04:54:21+00:00,2026-02-16,2026-02-16 04:59:21+00:00,2026-02-16 05:47:21+00:00,smart_email_reply,True,True,True,1,0,0.08333333333333333,0.8833333333333333,7
u_01331,lp_academic_writing,2026-02-25 01:02:06+00:00,2026-02-25,,,,False,False,False,0,0,,,7
u_01332,lp_business_emails,2026-02-11 20:23:12+00:00,2026-02-11,,,,False,False,False,0,0,,,7
u_01333,lp_academic_writing,2026-02-16 19:27:05+00:00,2026-02-16,2026-02-16 19:31:05+00:00,2026-02-16 20:14:05+00:00,academic_citation_helper,True,True,True,2,1,0.06666666666666667,0.7833333333333333,7
u_01334,lp_business_emails,2026-02-16 09:36:00+00:00,2026-02-16,,,,False,False,False,0,0,,,7
u_01335,lp_academic_writing,2026-02-10 20:15:33+00:00,2026-02-10,,,,False,False,False,0,0,,,7
u_01336,lp_academic_writing,2026-02-17 15:54:31+00:00,2026-02-17,,,,False,False,False,0,0,,,7
u_01337,lp_business_emails,2026-02-19 17:46:40+00:00,2026-02-19,,,,False,False,False,0,0,,,7
u_01338,lp_academic_writing,2026-02-01 07:53:51+00:00,2026-02-01,,,,False,False,False,0,0,,,7
u_01339,lp_business_emails,2026-02-09 10:16:38+00:00,2026-02-09,2026-02-09 10:28:38+00:00,,,True,False,False,0,0,0.2,,7
u_01340,lp_academic_writing,2026-02-09 12:53:00+00:00,2026-02-09,2026-02-09 12:57:00+00:00,2026-02-09 13:30:00+00:00,academic_citation_helper,True,True,True,2,1,0.06666666666666667,0.6166666666666667,7
u_01341,lp_business_emails,2026-02-02 07:47:44+00:00,2026-02-02,,,,False,False,False,0,0,,,7
u_01342,lp_business_emails,2026-02-26 09:39:36+00:00,2026-02-26,,,,False,False,False,0,0,,,7
u_01343,lp_academic_writing,2026-02-10 15:44:08+00:00,2026-02-10,,,,False,False,False,0,0,,,7
u_01344,lp_academic_writing,2026-02-25 13:05:48+00:00,2026-02-25,2026-02-25 13:10:48+00:00,,,True,False,False,0,0,0.08333333333333333,,7
u_01345,lp_business_emails,2026-02-27 18:04:59+00:00,2026-02-27,,,,False,False,False,0,0,,,7
u_01346,lp_business_emails,2026-02-03 15:25:34+00:00,2026-02-03,2026-02-03 15:32:34+00:00,,,True,False,False,0,0,0.11666666666666667,,7
u_01347,lp_business_emails,2026-02-13 13:49:03+00:00,2026-02-13,2026-02-13 13:54:03+00:00,,,True,False,False,0,0,0.08333333333333333,,7
u_01348,lp_business_emails,2026-02-09 11:29:44+00:00,2026-02-09,,,,False,False,False,0,0,,,7
u_01349,lp_academic_writing,2026-02-01 19:30:00+00:00,2026-02-01,,,,False,False,False,0,0,,,7
u_01350,lp_business_emails,2026-02-09 14:28:56+00:00,2026-02-09,,,,False,False,False,0,0,,,7
u_01351,lp_business_emails,2026-02-05 20:02:23+00:00,2026-02-05,2026-02-05 20:07:23+00:00,2026-02-05 21:01:23+00:00,smart_email_reply,True,True,True,1,0,0.08333333333333333,0.9833333333333333,7
u_01352,lp_academic_writing,2026-02-13 13:53:43+00:00,2026-02-13,,,,False,False,False,0,0,,,7
u_01353,lp_business_emails,2026-02-06 02:36:08+00:00,2026-02-06,2026-02-06 02:43:08+00:00,,,True,False,False,0,0,0.11666666666666667,,7
u_01354,lp_business_emails,2026-02-09 01:02:43+00:00,2026-02-09,,,,False,False,False,0,0,,,7
u_01355,lp_business_emails,2026-02-09 06:46:11+00:00,2026-02-09,,,,False,False,False,0,0,,,7
u_01356,lp_business_emails,2026-02-17 05:53:17+00:00,2026-02-17,2026-02-17 05:56:17+00:00,2026-02-17 06:52:17+00:00,smart_email_reply,True,True,True,1,0,0.05,0.9833333333333333,7
u_01357,lp_business_emails,2026-02-19 03:21:25+00:00,2026-02-19,2026-02-19 03:23:25+00:00,,,True,False,False,0,0,0.03333333333333333,,7
u_01358,lp_business_emails,2026-02-06 22:44:55+00:00,2026-02-06,,,,False,False,False,0,0,,,7
u_01359,lp_academic_writing,2026-02-26 12:22:59+00:00,2026-02-26,,,,False,False,False,0,0,,,7
u_01360,lp_business_emails,2026-02-24 06:12:48+00:00,2026-02-24,,,,False,False,False,0,0,,,7
u_01361,lp_business_emails,2026-02-11 22:53:39+00:00,2026-02-11,2026-02-11 23:02:39+00:00,2026-02-11 23:44:39+00:00,smart_email_reply,True,True,True,1,0,0.15,0.85,7
u_01362,lp_business_emails,2026-02-01 18:57:02+00:00,2026-02-01,,,,False,False,False,0,0,,,7
u_01363,lp_business_emails,2026-02-17 12:30:39+00:00,2026-02-17,,,,False,False,False,0,0,,,7
u_01364,lp_academic_writing,2026-02-17 11:03:27+00:00,2026-02-17,,,,False,False,False,0,0,,,7
u_01365,lp_academic_writing,2026-02-09 15:16:48+00:00,2026-02-09,,,,False,False,False,0,0,,,7
u_01366,lp_business_emails,2026-02-22 19:38:42+00:00,2026-02-22,,,,False,False,False,0,0,,,7
u_01367,lp_business_emails,2026-02-15 02:10:03+00:00,2026-02-15,2026-02-15 02:21:03+00:00,,,True,False,False,0,0,0.18333333333333332,,7
u_01368,lp_academic_writing,2026-02-09 04:05:20+00:00,2026-02-09,,,,False,False,False,0,0,,,7
u_01369,lp_academic_writing,2026-02-06 04:18:33+00:00,2026-02-06,,,,False,False,False,0,0,,,7
u_01370,lp_academic_writing,2026-02-24 22:28:31+00:00,2026-02-24,,,,False,False,False,0,0,,,7
u_01371,lp_academic_writing,2026-02-25 13:02:12+00:00,2026-02-25,2026-02-25 13:11:12+00:00,,,True,False,False,0,0,0.15,,7
u_01372,lp_academic_writing,2026-02-21 20:00:59+00:00,2026-02-21,2026-02-21 20:07:59+00:00,2026-02-21 20:56:59+00:00,academic_citation_helper,True,True,True,3,1,0.11666666666666667,0.9333333333333333,7
u_01373,lp_business_emails,2026-02-11 00:03:04+00:00,2026-02-11,2026-02-11 00:04:04+00:00,,,True,False,False,0,0,0.016666666666666666,,7
u_01374,lp_business_emails,2026-02-17 22:30:34+00:00,2026-02-17,2026-02-17 22:43:34+00:00,,,True,False,False,0,0,0.21666666666666667,,7
u_01375,lp_academic_writing,2026-02-05 09:03:23+00:00,2026-02-05,,,,False,False,False,0,0,,,7
u_01376,lp_business_emails,2026-02-25 17:46:55+00:00,2026-02-25,,,,False,False,False,0,0,,,7
u_01377,lp_business_emails,2026-02-17 02:09:11+00:00,2026-02-17,,,,False,False,False,0,0,,,7
u_01378,lp_business_emails,2026-02-14 23:53:00+00:00,2026-02-14,,,,False,False,False,0,0,,,7
u_01379,lp_business_emails,2026-02-27 23:21:41+00:00,2026-02-27,,,,False,False,False,0,0,,,7
u_01380,lp_academic_writing,2026-02-14 16:13:42+00:00,2026-02-14,,,,False,False,False,0,0,,,7
u_01381,lp_business_emails,2026-02-18 23:50:17+00:00,2026-02-18,2026-02-19 00:03:17+00:00,2026-02-19 00:19:17+00:00,smart_email_reply,True,True,True,1,0,0.21666666666666667,0.48333333333333334,7
u_01382,lp_business_emails,2026-02-07 06:46:20+00:00,2026-02-07,2026-02-07 06:47:20+00:00,,,True,False,False,0,0,0.016666666666666666,,7
u_01383,lp_business_emails,2026-02-19 06:28:27+00:00,2026-02-19,2026-02-19 06:42:27+00:00,,,True,False,False,0,0,0.23333333333333334,,7
u_01384,lp_academic_writing,2026-02-14 16:36:49+00:00,2026-02-14,,,,False,False,False,0,0,,,7
u_01385,lp_business_emails,2026-02-23 12:28:30+00:00,2026-02-23,,,,False,False,False,0,0,,,7
u_01386,lp_business_emails,2026-02-02 12:24:09+00:00,2026-02-02,,,,False,False,False,0,0,,,7
u_01387,lp_business_emails,2026-02-08 07:03:41+00:00,2026-02-08,,,,False,False,False,0,0,,,7
u_01388,lp_academic_writing,2026-02-03 15:54:07+00:00,2026-02-03,2026-02-03 16:01:07+00:00,2026-02-03 16:48:07+00:00,academic_citation_helper,True,True,True,3,1,0.11666666666666667,0.9,7
u_01389,lp_business_emails,2026-02-09 06:41:39+00:00,2026-02-09,,,,False,False,False,0,0,,,7
u_01390,lp_business_emails,2026-02-13 21:55:17+00:00,2026-02-13,,,,False,False,False,0,0,,,7
u_01391,lp_academic_writing,2026-02-02 19:16:07+00:00,2026-02-02,2026-02-02 19:18:07+00:00,2026-02-02 19:46:07+00:00,academic_citation_helper,True,True,True,4,1,0.03333333333333333,0.5,7
u_01392,lp_academic_writing,2026-02-10 09:43:06+00:00,2026-02-10,,,,False,False,False,0,0,,,7
u_01393,lp_business_emails,2026-02-11 11:41:29+00:00,2026-02-11,,,,False,False,False,0,0,,,7
u_01394,lp_business_emails,2026-02-27 22:05:42+00:00,2026-02-27,,,,False,False,False,0,0,,,7
u_01395,lp_business_emails,2026-02-23 17:12:30+00:00,2026-02-23,,,,False,False,False,0,0,,,7
u_01396,lp_business_emails,2026-02-09 18:35:35+00:00,2026-02-09,,,,False,False,False,0,0,,,7
u_01397,lp_academic_writing,2026-02-14 17:01:00+00:00,2026-02-14,2026-02-14 17:02:00+00:00,2026-02-14 17:37:00+00:00,academic_citation_helper,True,True,True,2,1,0.016666666666666666,0.6,7
u_01398,lp_business_emails,2026-02-16 00:07:25+00:00,2026-02-16,,,,False,False,False,0,0,,,7
u_01399,lp_academic_writing,2026-02-08 12:06:50+00:00,2026-02-08,,,,False,False,False,0,0,,,7
u_01400,lp_academic_writing,2026-02-26 17:54:27+00:00,2026-02-26,,,,False,False,False,0,0,,,7
u_01401,lp_academic_writing,2026-02-26 22:14:14+00:00,2026-02-26,,,,False,False,False,0,0,,,7
u_01402,lp_academic_writing,2026-02-08 19:05:03+00:00,2026-02-08,2026-02-08 19:13:03+00:00,2026-02-08 19:27:03+00:00,academic_citation_helper,True,True,True,2,1,0.13333333333333333,0.36666666666666664,7
u_01403,lp_academic_writing,2026-02-07 01:15:02+00:00,2026-02-07,,,,False,False,False,0,0,,,7
u_01404,lp_academic_writing,2026-02-01 14:02:13+00:00,2026-02-01,2026-02-01 14:12:13+00:00,2026-02-01 14:48:13+00:00,academic_citation_helper,True,True,True,2,1,0.16666666666666666,0.7666666666666667,7
u_01405,lp_business_emails,2026-02-04 14:04:22+00:00,2026-02-04,,,,False,False,False,0,0,,,7
u_01406,lp_business_emails,2026-02-24 10:54:23+00:00,2026-02-24,,,,False,False,False,0,0,,,7
u_01407,lp_business_emails,2026-02-06 18:40:19+00:00,2026-02-06,,,,False,False,False,0,0,,,7
u_01408,lp_academic_writing,2026-02-06 03:15:42+00:00,2026-02-06,2026-02-06 03:24:42+00:00,,,True,False,False,0,0,0.15,,7
u_01409,lp_business_emails,2026-02-25 08:19:41+00:00,2026-02-25,2026-02-25 08:26:41+00:00,2026-02-25 08:41:41+00:00,smart_email_reply,True,True,True,1,0,0.11666666666666667,0.36666666666666664,7
u_01410,lp_academic_writing,2026-02-14 23:57:26+00:00,2026-02-14,2026-02-15 00:07:26+00:00,,,True,False,False,0,0,0.16666666666666666,,7
u_01411,lp_academic_writing,2026-02-04 23:07:15+00:00,2026-02-04,2026-02-04 23:15:15+00:00,2026-02-04 23:21:15+00:00,academic_citation_helper,True,True,True,3,1,0.13333333333333333,0.23333333333333334,7
u_01412,lp_academic_writing,2026-02-25 03:38:48+00:00,2026-02-25,2026-02-25 03:44:48+00:00,,,True,False,False,0,0,0.1,,7
u_01413,lp_academic_writing,2026-02-08 00:02:54+00:00,2026-02-08,2026-02-08 00:11:54+00:00,2026-02-08 00:41:54+00:00,academic_citation_helper,True,True,True,1,0,0.15,0.65,7
u_01414,lp_business_emails,2026-02-25 08:45:18+00:00,2026-02-25,,,,False,False,False,0,0,,,7
u_01415,lp_academic_writing,2026-02-11 06:29:38+00:00,2026-02-11,2026-02-11 06:32:38+00:00,,,True,False,False,0,0,0.05,,7
u_01416,lp_business_emails,2026-02-05 10:33:36+00:00,2026-02-05,2026-02-05 10:45:36+00:00,2026-02-05 11:29:36+00:00,smart_email_reply,True,True,True,1,0,0.2,0.9333333333333333,7
u_01417,lp_academic_writing,2026-02-06 00:08:46+00:00,2026-02-06,2026-02-06 00:13:46+00:00,,,True,False,False,0,0,0.08333333333333333,,7
u_01418,lp_academic_writing,2026-02-01 20:52:20+00:00,2026-02-01,2026-02-01 20:58:20+00:00,,,True,False,False,0,0,0.1,,7
u_01419,lp_academic_writing,2026-02-27 11:14:46+00:00,2026-02-27,,,,False,False,False,0,0,,,7
u_01420,lp_academic_writing,2026-02-12 10:05:45+00:00,2026-02-12,,,,False,False,False,0,0,,,7
u_01421,lp_business_emails,2026-02-05 23:09:40+00:00,2026-02-05,,,,False,False,False,0,0,,,7
u_01422,lp_academic_writing,2026-02-01 10:00:48+00:00,2026-02-01,,,,False,False,False,0,0,,,7
u_01423,lp_business_emails,2026-02-01 13:06:21+00:00,2026-02-01,2026-02-01 13:09:21+00:00,2026-02-01 13:53:21+00:00,smart_email_reply,True,True,True,1,0,0.05,0.7833333333333333,7
u_01424,lp_academic_writing,2026-02-16 23:53:38+00:00,2026-02-16,2026-02-16 23:56:38+00:00,2026-02-17 00:30:38+00:00,academic_citation_helper,True,True,True,1,0,0.05,0.6166666666666667,7
u_01425,lp_academic_writing,2026-02-23 10:54:42+00:00,2026-02-23,,,,False,False,False,0,0,,,7
u_01426,lp_business_emails,2026-02-11 17:33:39+00:00,2026-02-11,,,,False,False,False,0,0,,,7
u_01427,lp_business_emails,2026-02-05 10:55:52+00:00,2026-02-05,,,,False,False,False,0,0,,,7
u_01428,lp_academic_writing,2026-02-14 21:31:26+00:00,2026-02-14,,,,False,False,False,0,0,,,7
u_01429,lp_academic_writing,2026-02-25 23:22:32+00:00,2026-02-25,,,,False,False,False,0,0,,,7
u_01430,lp_business_emails,2026-02-16 07:35:31+00:00,2026-02-16,2026-02-16 07:38:31+00:00,,,True,False,False,0,0,0.05,,7
u_01431,lp_academic_writing,2026-02-06 08:24:29+00:00,2026-02-06,2026-02-06 08:29:29+00:00,2026-02-06 09:12:29+00:00,academic_citation_helper,True,True,True,4,1,0.08333333333333333,0.8,7
u_01432,lp_academic_writing,2026-02-17 13:41:03+00:00,2026-02-17,2026-02-17 13:46:03+00:00,2026-02-17 14:13:03+00:00,academic_citation_helper,True,True,True,3,1,0.08333333333333333,0.5333333333333333,7
u_01433,lp_business_emails,2026-02-04 09:49:50+00:00,2026-02-04,2026-02-04 10:02:50+00:00,2026-02-04 10:34:50+00:00,smart_email_reply,True,True,True,1,0,0.21666666666666667,0.75,7
u_01434,lp_business_emails,2026-02-02 21:28:14+00:00,2026-02-02,,,,False,False,False,0,0,,,7
u_01435,lp_academic_writing,2026-02-17 21:08:13+00:00,2026-02-17,,,,False,False,False,0,0,,,7
u_01436,lp_business_emails,2026-02-11 14:48:06+00:00,2026-02-11,,,,False,False,False,0,0,,,7
u_01437,lp_academic_writing,2026-02-26 23:20:43+00:00,2026-02-26,,,,False,False,False,0,0,,,7
u_01438,lp_business_emails,2026-02-20 08:31:40+00:00,2026-02-20,2026-02-20 08:40:40+00:00,2026-02-20 09:01:40+00:00,smart_email_reply,True,True,True,1,0,0.15,0.5,7
u_01439,lp_business_emails,2026-02-12 00:41:31+00:00,2026-02-12,,,,False,False,False,0,0,,,7
u_01440,lp_business_emails,2026-02-15 11:03:56+00:00,2026-02-15,,,,False,False,False,0,0,,,7
u_01441,lp_business_emails,2026-02-17 06:24:45+00:00,2026-02-17,,,,False,False,False,0,0,,,7
u_01442,lp_business_emails,2026-02-11 04:02:56+00:00,2026-02-11,2026-02-11 04:11:56+00:00,,,True,False,False,0,0,0.15,,7
u_01443,lp_academic_writing,2026-02-18 02:08:48+00:00,2026-02-18,2026-02-18 02:16:48+00:00,2026-02-18 02:35:48+00:00,academic_citation_helper,True,True,True,3,1,0.13333333333333333,0.45,7
u_01444,lp_business_emails,2026-02-01 04:51:48+00:00,2026-02-01,2026-02-01 04:53:48+00:00,2026-02-01 05:00:48+00:00,smart_email_reply,True,True,True,1,0,0.03333333333333333,0.15,7
u_01445,lp_academic_writing,2026-02-15 21:42:05+00:00,2026-02-15,,,,False,False,False,0,0,,,7
u_01446,lp_academic_writing,2026-02-04 12:23:37+00:00,2026-02-04,,,,False,False,False,0,0,,,7
u_01447,lp_academic_writing,2026-02-14 18:14:35+00:00,2026-02-14,2026-02-14 18:21:35+00:00,,,True,False,False,0,0,0.11666666666666667,,7
u_01448,lp_academic_writing,2026-02-26 21:21:10+00:00,2026-02-26,,,,False,False,False,0,0,,,7
u_01449,lp_business_emails,2026-02-15 23:18:41+00:00,2026-02-15,,,,False,False,False,0,0,,,7
u_01450,lp_academic_writing,2026-02-20 16:19:25+00:00,2026-02-20,,,,False,False,False,0,0,,,7
u_01451,lp_academic_writing,2026-02-20 01:42:06+00:00,2026-02-20,,,,False,False,False,0,0,,,7
u_01452,lp_business_emails,2026-02-11 19:38:22+00:00,2026-02-11,2026-02-11 19:39:22+00:00,2026-02-11 20:25:22+00:00,smart_email_reply,True,True,True,1,0,0.016666666666666666,0.7833333333333333,7
u_01453,lp_academic_writing,2026-02-16 06:46:05+00:00,2026-02-16,,,,False,False,False,0,0,,,7
u_01454,lp_business_emails,2026-02-14 03:51:32+00:00,2026-02-14,,,,False,False,False,0,0,,,7
u_01455,lp_academic_writing,2026-02-14 20:28:42+00:00,2026-02-14,2026-02-14 20:37:42+00:00,2026-02-14 21:12:42+00:00,academic_citation_helper,True,True,True,2,1,0.15,0.7333333333333333,7
u_01456,lp_business_emails,2026-02-03 23:37:56+00:00,2026-02-03,2026-02-03 23:49:56+00:00,2026-02-04 00:22:56+00:00,smart_email_reply,True,True,True,1,0,0.2,0.75,7
u_01457,lp_business_emails,2026-02-05 20:44:49+00:00,2026-02-05,,,,False,False,False,0,0,,,7
u_01458,lp_academic_writing,2026-02-14 18:32:57+00:00,2026-02-14,,,,False,False,False,0,0,,,7
u_01459,lp_business_emails,2026-02-11 18:34:48+00:00,2026-02-11,,,,False,False,False,0,0,,,7
u_01460,lp_academic_writing,2026-02-16 21:09:29+00:00,2026-02-16,,,,False,False,False,0,0,,,7
u_01461,lp_academic_writing,2026-02-19 08:11:47+00:00,2026-02-19,,,,False,False,False,0,0,,,7
u_01462,lp_academic_writing,2026-02-06 03:13:32+00:00,2026-02-06,,,,False,False,False,0,0,,,7
u_01463,lp_academic_writing,2026-02-15 10:39:42+00:00,2026-02-15,2026-02-15 10:49:42+00:00,2026-02-15 11:30:42+00:00,academic_citation_helper,True,True,True,3,1,0.16666666666666666,0.85,7
u_01464,lp_academic_writing,2026-02-10 22:54:20+00:00,2026-02-10,,,,False,False,False,0,0,,,7
u_01465,lp_academic_writing,2026-02-05 06:44:43+00:00,2026-02-05,,,,False,False,False,0,0,,,7
u_01466,lp_business_emails,2026-02-21 09:39:05+00:00,2026-02-21,2026-02-21 09:51:05+00:00,2026-02-21 09:59:05+00:00,smart_email_reply,True,True,True,1,0,0.2,0.3333333333333333,7
u_01467,lp_academic_writing,2026-02-07 00:44:24+00:00,2026-02-07,2026-02-07 00:47:24+00:00,2026-02-07 00:54:24+00:00,academic_citation_helper,True,True,True,4,1,0.05,0.16666666666666666,7
u_01468,lp_academic_writing,2026-02-08 11:20:10+00:00,2026-02-08,,,,False,False,False,0,0,,,7
u_01469,lp_business_emails,2026-02-01 10:32:56+00:00,2026-02-01,2026-02-01 10:45:56+00:00,2026-02-01 11:08:56+00:00,smart_email_reply,True,True,True,2,1,0.21666666666666667,0.6,7
u_01470,lp_academic_writing,2026-02-16 21:34:55+00:00,2026-02-16,,,,False,False,False,0,0,,,7
u_01471,lp_business_emails,2026-02-20 06:45:14+00:00,2026-02-20,,,,False,False,False,0,0,,,7
u_01472,lp_academic_writing,2026-02-24 10:29:44+00:00,2026-02-24,2026-02-24 10:30:44+00:00,,,True,False,False,0,0,0.016666666666666666,,7
u_01473,lp_academic_writing,2026-02-01 04:49:42+00:00,2026-02-01,2026-02-01 04:57:42+00:00,2026-02-01 05:21:42+00:00,academic_citation_helper,True,True,True,3,1,0.13333333333333333,0.5333333333333333,7
u_01474,lp_academic_writing,2026-02-17 20:21:26+00:00,2026-02-17,,,,False,False,False,0,0,,,7
u_01475,lp_academic_writing,2026-02-21 16:38:10+00:00,2026-02-21,,,,False,False,False,0,0,,,7
u_01476,lp_academic_writing,2026-02-13 16:40:47+00:00,2026-02-13,2026-02-13 16:50:47+00:00,,,True,False,False,0,0,0.16666666666666666,,7
u_01477,lp_business_emails,2026-02-19 15:29:06+00:00,2026-02-19,,,,False,False,False,0,0,,,7
u_01478,lp_business_emails,2026-02-03 09:50:49+00:00,2026-02-03,2026-02-03 09:56:49+00:00,2026-02-03 10:09:49+00:00,smart_email_reply,True,True,True,1,0,0.1,0.31666666666666665,7
u_01479,lp_business_emails,2026-02-01 15:11:02+00:00,2026-02-01,2026-02-01 15:25:02+00:00,2026-02-01 16:11:02+00:00,smart_email_reply,True,True,True,1,0,0.23333333333333334,1.0,7
u_01480,lp_academic_writing,2026-02-01 22:59:31+00:00,2026-02-01,,,,False,False,False,0,0,,,7
u_01481,lp_academic_writing,2026-02-20 15:02:11+00:00,2026-02-20,2026-02-20 15:05:11+00:00,,,True,False,False,0,0,0.05,,7
u_01482,lp_business_emails,2026-02-02 11:45:50+00:00,2026-02-02,,,,False,False,False,0,0,,,7
u_01483,lp_business_emails,2026-02-22 00:09:21+00:00,2026-02-22,,,,False,False,False,0,0,,,7
u_01484,lp_business_emails,2026-02-17 07:26:00+00:00,2026-02-17,,,,False,False,False,0,0,,,7
u_01485,lp_academic_writing,2026-02-01 11:12:18+00:00,2026-02-01,,,,False,False,False,0,0,,,7
u_01486,lp_academic_writing,2026-02-07 04:38:35+00:00,2026-02-07,2026-02-07 04:44:35+00:00,2026-02-07 05:35:35+00:00,academic_citation_helper,True,True,True,3,1,0.1,0.95,7
u_01487,lp_business_emails,2026-02-10 17:09:24+00:00,2026-02-10,,,,False,False,False,0,0,,,7
u_01488,lp_academic_writing,2026-02-24 12:18:38+00:00,2026-02-24,2026-02-24 12:21:38+00:00,,,True,False,False,0,0,0.05,,7
u_01489,lp_business_emails,2026-02-19 06:26:11+00:00,2026-02-19,,,,False,False,False,0,0,,,7
u_01490,lp_business_emails,2026-02-14 00:25:36+00:00,2026-02-14,,,,False,False,False,0,0,,,7
u_01491,lp_academic_writing,2026-02-10 21:58:54+00:00,2026-02-10,2026-02-10 21:59:54+00:00,2026-02-10 22:25:54+00:00,academic_citation_helper,True,True,True,4,1,0.016666666666666666,0.45,7
u_01492,lp_business_emails,2026-02-20 17:18:50+00:00,2026-02-20,,,,False,False,False,0,0,,,7
u_01493,lp_academic_writing,2026-02-19 16:23:08+00:00,2026-02-19,,,,False,False,False,0,0,,,7
u_01494,lp_business_emails,2026-02-18 14:22:01+00:00,2026-02-18,,,,False,False,False,0,0,,,7
u_01495,lp_business_emails,2026-02-20 06:04:35+00:00,2026-02-20,,,,False,False,False,0,0,,,7
u_01496,lp_academic_writing,2026-02-17 11:49:37+00:00,2026-02-17,,,,False,False,False,0,0,,,7
u_01497,lp_academic_writing,2026-02-17 10:41:45+00:00,2026-02-17,2026-02-17 10:46:45+00:00,,,True,False,False,0,0,0.08333333333333333,,7
u_01498,lp_academic_writing,2026-02-02 02:07:32+00:00,2026-02-02,2026-02-02 02:16:32+00:00,2026-02-02 03:03:32+00:00,academic_citation_helper,True,True,True,2,1,0.15,0.9333333333333333,7
u_01499,lp_academic_writing,2026-02-20 06:58:53+00:00,2026-02-20,,,,False,False,False,0,0,,,7
u_01500,lp_business_emails,2026-02-22 12:58:09+00:00,2026-02-22,2026-02-22 13:13:09+00:00,,,True,False,False,0,0,0.25,,7
u_01501,lp_academic_writing,2026-02-27 03:23:32+00:00,2026-02-27,,,,False,False,False,0,0,,,7
u_01502,lp_academic_writing,2026-02-26 01:36:22+00:00,2026-02-26,,,,False,False,False,0,0,,,7
u_01503,lp_academic_writing,2026-02-01 14:18:08+00:00,2026-02-01,,,,False,False,False,0,0,,,7
u_01504,lp_academic_writing,2026-02-23 20:11:32+00:00,2026-02-23,,,,False,False,False,0,0,,,7
u_01505,lp_academic_writing,2026-02-11 06:18:30+00:00,2026-02-11,2026-02-11 06:28:30+00:00,2026-02-11 06:44:30+00:00,academic_citation_helper,True,True,True,3,1,0.16666666666666666,0.43333333333333335,7
u_01506,lp_academic_writing,2026-02-22 09:10:45+00:00,2026-02-22,,,,False,False,False,0,0,,,7
u_01507,lp_academic_writing,2026-02-01 22:44:22+00:00,2026-02-01,,,,False,False,False,0,0,,,7
u_01508,lp_academic_writing,2026-02-11 17:39:44+00:00,2026-02-11,,,,False,False,False,0,0,,,7
u_01509,lp_academic_writing,2026-02-23 16:54:34+00:00,2026-02-23,,,,False,False,False,0,0,,,7
u_01510,lp_academic_writing,2026-02-03 15:03:13+00:00,2026-02-03,2026-02-03 15:07:13+00:00,2026-02-03 15:36:13+00:00,academic_citation_helper,True,True,True,2,1,0.06666666666666667,0.55,7
u_01511,lp_business_emails,2026-02-08 10:02:54+00:00,2026-02-08,2026-02-08 10:10:54+00:00,,,True,False,False,0,0,0.13333333333333333,,7
u_01512,lp_business_emails,2026-02-24 18:35:18+00:00,2026-02-24,,,,False,False,False,0,0,,,7
u_01513,lp_business_emails,2026-02-06 22:28:07+00:00,2026-02-06,,,,False,False,False,0,0,,,7
u_01514,lp_business_emails,2026-02-05 06:54:01+00:00,2026-02-05,2026-02-05 06:56:01+00:00,,,True,False,False,0,0,0.03333333333333333,,7
u_01515,lp_academic_writing,2026-02-04 11:39:06+00:00,2026-02-04,2026-02-04 11:40:06+00:00,,,True,False,False,0,0,0.016666666666666666,,7
u_01516,lp_academic_writing,2026-02-23 18:11:46+00:00,2026-02-23,,,,False,False,False,0,0,,,7
u_01517,lp_business_emails,2026-02-23 03:24:35+00:00,2026-02-23,,,,False,False,False,0,0,,,7
u_01518,lp_business_emails,2026-02-08 04:45:02+00:00,2026-02-08,2026-02-08 04:49:02+00:00,,,True,False,False,0,0,0.06666666666666667,,7
u_01519,lp_academic_writing,2026-02-04 15:42:34+00:00,2026-02-04,2026-02-04 15:46:34+00:00,2026-02-04 16:33:34+00:00,academic_citation_helper,True,True,True,3,1,0.06666666666666667,0.85,7
u_01520,lp_business_emails,2026-02-27 02:27:54+00:00,2026-02-27,,,,False,False,False,0,0,,,7
u_01521,lp_business_emails,2026-02-19 12:40:36+00:00,2026-02-19,,,,False,False,False,0,0,,,7
u_01522,lp_business_emails,2026-02-08 17:37:08+00:00,2026-02-08,2026-02-08 17:52:08+00:00,,,True,False,False,0,0,0.25,,7
u_01523,lp_academic_writing,2026-02-15 17:18:24+00:00,2026-02-15,,,,False,False,False,0,0,,,7
u_01524,lp_academic_writing,2026-02-22 00:44:42+00:00,2026-02-22,,,,False,False,False,0,0,,,7
u_01525,lp_business_emails,2026-02-21 20:28:27+00:00,2026-02-21,,,,False,False,False,0,0,,,7
u_01526,lp_academic_writing,2026-02-19 02:43:08+00:00,2026-02-19,2026-02-19 02:47:08+00:00,2026-02-19 03:03:08+00:00,academic_citation_helper,True,True,True,3,1,0.06666666666666667,0.3333333333333333,7
u_01527,lp_academic_writing,2026-02-23 18:06:37+00:00,2026-02-23,2026-02-23 18:08:37+00:00,,,True,False,False,0,0,0.03333333333333333,,7
u_01528,lp_business_emails,2026-02-19 23:33:07+00:00,2026-02-19,2026-02-19 23:37:07+00:00,2026-02-20 00:11:07+00:00,smart_email_reply,True,True,True,1,0,0.06666666666666667,0.6333333333333333,7
u_01529,lp_business_emails,2026-02-13 08:56:10+00:00,2026-02-13,2026-02-13 08:57:10+00:00,2026-02-13 09:19:10+00:00,smart_email_reply,True,True,True,2,1,0.016666666666666666,0.38333333333333336,7
u_01530,lp_business_emails,2026-02-14 18:33:32+00:00,2026-02-14,,,,False,False,False,0,0,,,7
u_01531,lp_business_emails,2026-02-08 03:42:09+00:00,2026-02-08,,,,False,False,False,0,0,,,7
u_01532,lp_business_emails,2026-02-18 05:24:00+00:00,2026-02-18,2026-02-18 05:26:00+00:00,,,True,False,False,0,0,0.03333333333333333,,7
u_01533,lp_academic_writing,2026-02-09 04:54:32+00:00,2026-02-09,,,,False,False,False,0,0,,,7
u_01534,lp_business_emails,2026-02-20 00:02:59+00:00,2026-02-20,,,,False,False,False,0,0,,,7
u_01535,lp_academic_writing,2026-02-08 05:04:23+00:00,2026-02-08,,,,False,False,False,0,0,,,7
u_01536,lp_business_emails,2026-02-27 07:31:36+00:00,2026-02-27,,,,False,False,False,0,0,,,7
u_01537,lp_business_emails,2026-02-03 19:36:46+00:00,2026-02-03,,,,False,False,False,0,0,,,7
u_01538,lp_business_emails,2026-02-05 03:17:46+00:00,2026-02-05,2026-02-05 03:22:46+00:00,,,True,False,False,0,0,0.08333333333333333,,7
u_01539,lp_academic_writing,2026-02-14 08:33:04+00:00,2026-02-14,2026-02-14 08:43:04+00:00,,,True,False,False,0,0,0.16666666666666666,,7
u_01540,lp_business_emails,2026-02-02 22:23:37+00:00,2026-02-02,,,,False,False,False,0,0,,,7
u_01541,lp_academic_writing,2026-02-26 16:18:12+00:00,2026-02-26,2026-02-26 16:28:12+00:00,2026-02-26 17:17:12+00:00,academic_citation_helper,True,True,True,4,1,0.16666666666666666,0.9833333333333333,7
u_01542,lp_academic_writing,2026-02-04 01:10:29+00:00,2026-02-04,2026-02-04 01:15:29+00:00,2026-02-04 02:08:29+00:00,academic_citation_helper,True,True,True,1,0,0.08333333333333333,0.9666666666666667,7
u_01543,lp_academic_writing,2026-02-02 07:44:41+00:00,2026-02-02,2026-02-02 07:47:41+00:00,,,True,False,False,0,0,0.05,,7
u_01544,lp_academic_writing,2026-02-01 11:56:16+00:00,2026-02-01,2026-02-01 11:59:16+00:00,2026-02-01 12:36:16+00:00,academic_citation_helper,True,True,True,4,1,0.05,0.6666666666666666,7
u_01545,lp_business_emails,2026-02-11 01:07:43+00:00,2026-02-11,2026-02-11 01:16:43+00:00,,,True,False,False,0,0,0.15,,7
u_01546,lp_business_emails,2026-02-16 02:46:44+00:00,2026-02-16,2026-02-16 02:48:44+00:00,2026-02-16 03:15:44+00:00,smart_email_reply,True,True,True,2,1,0.03333333333333333,0.48333333333333334,7
u_01547,lp_business_emails,2026-02-19 14:05:07+00:00,2026-02-19,,,,False,False,False,0,0,,,7
u_01548,lp_academic_writing,2026-02-12 14:29:41+00:00,2026-02-12,,,,False,False,False,0,0,,,7
u_01549,lp_academic_writing,2026-02-11 02:28:11+00:00,2026-02-11,2026-02-11 02:33:11+00:00,2026-02-11 03:09:11+00:00,academic_citation_helper,True,True,True,2,1,0.08333333333333333,0.6833333333333333,7
u_01550,lp_business_emails,2026-02-01 13:15:22+00:00,2026-02-01,,,,False,False,False,0,0,,,7
u_01551,lp_business_emails,2026-02-17 06:07:50+00:00,2026-02-17,2026-02-17 06:11:50+00:00,,,True,False,False,0,0,0.06666666666666667,,7
u_01552,lp_academic_writing,2026-02-05 16:19:06+00:00,2026-02-05,2026-02-05 16:23:06+00:00,2026-02-05 17:02:06+00:00,academic_citation_helper,True,True,True,2,1,0.06666666666666667,0.7166666666666667,7
u_01553,lp_business_emails,2026-02-17 18:50:49+00:00,2026-02-17,2026-02-17 18:59:49+00:00,2026-02-17 19:46:49+00:00,smart_email_reply,True,True,True,1,0,0.15,0.9333333333333333,7
u_01554,lp_academic_writing,2026-02-25 12:20:31+00:00,2026-02-25,,,,False,False,False,0,0,,,7
u_01555,lp_business_emails,2026-02-04 02:24:25+00:00,2026-02-04,,,,False,False,False,0,0,,,7
u_01556,lp_academic_writing,2026-02-03 01:58:14+00:00,2026-02-03,,,,False,False,False,0,0,,,7
u_01557,lp_business_emails,2026-02-06 14:12:08+00:00,2026-02-06,,,,False,False,False,0,0,,,7
u_01558,lp_academic_writing,2026-02-12 23:49:37+00:00,2026-02-12,,,,False,False,False,0,0,,,7
u_01559,lp_business_emails,2026-02-24 05:33:36+00:00,2026-02-24,,,,False,False,False,0,0,,,7
u_01560,lp_academic_writing,2026-02-11 12:37:26+00:00,2026-02-11,,,,False,False,False,0,0,,,7
u_01561,lp_academic_writing,2026-02-04 10:09:01+00:00,2026-02-04,2026-02-04 10:17:01+00:00,2026-02-04 10:39:01+00:00,academic_citation_helper,True,True,True,2,1,0.13333333333333333,0.5,7
u_01562,lp_business_emails,2026-02-20 09:50:42+00:00,2026-02-20,,,,False,False,False,0,0,,,7
u_01563,lp_business_emails,2026-02-07 05:54:20+00:00,2026-02-07,,,,False,False,False,0,0,,,7
u_01564,lp_business_emails,2026-02-13 07:43:11+00:00,2026-02-13,2026-02-13 07:58:11+00:00,2026-02-13 08:57:11+00:00,smart_email_reply,True,True,True,1,0,0.25,1.2333333333333334,7
u_01565,lp_academic_writing,2026-02-14 23:07:06+00:00,2026-02-14,,,,False,False,False,0,0,,,7
u_01566,lp_business_emails,2026-02-12 09:53:33+00:00,2026-02-12,2026-02-12 09:55:33+00:00,,,True,False,False,0,0,0.03333333333333333,,7
u_01567,lp_business_emails,2026-02-14 13:03:20+00:00,2026-02-14,,,,False,False,False,0,0,,,7
u_01568,lp_business_emails,2026-02-23 04:34:39+00:00,2026-02-23,,,,False,False,False,0,0,,,7
u_01569,lp_business_emails,2026-02-04 17:03:38+00:00,2026-02-04,,,,False,False,False,0,0,,,7
u_01570,lp_academic_writing,2026-02-10 21:22:58+00:00,2026-02-10,,,,False,False,False,0,0,,,7
u_01571,lp_academic_writing,2026-02-07 02:57:06+00:00,2026-02-07,2026-02-07 02:59:06+00:00,,,True,False,False,0,0,0.03333333333333333,,7
u_01572,lp_business_emails,2026-02-09 17:42:10+00:00,2026-02-09,,,,False,False,False,0,0,,,7
u_01573,lp_business_emails,2026-02-06 23:13:19+00:00,2026-02-06,,,,False,False,False,0,0,,,7
u_01574,lp_academic_writing,2026-02-02 03:22:30+00:00,2026-02-02,2026-02-02 03:23:30+00:00,2026-02-02 04:00:30+00:00,academic_citation_helper,True,True,True,2,1,0.016666666666666666,0.6333333333333333,7
u_01575,lp_business_emails,2026-02-07 15:07:28+00:00,2026-02-07,2026-02-07 15:11:28+00:00,2026-02-07 15:51:28+00:00,smart_email_reply,True,True,True,1,0,0.06666666666666667,0.7333333333333333,7
u_01576,lp_business_emails,2026-02-21 21:16:18+00:00,2026-02-21,,,,False,False,False,0,0,,,7
u_01577,lp_business_emails,2026-02-24 11:28:16+00:00,2026-02-24,,,,False,False,False,0,0,,,7
u_01578,lp_business_emails,2026-02-22 05:01:59+00:00,2026-02-22,,,,False,False,False,0,0,,,7
u_01579,lp_academic_writing,2026-02-20 01:53:47+00:00,2026-02-20,,,,False,False,False,0,0,,,7
u_01580,lp_academic_writing,2026-02-27 14:06:05+00:00,2026-02-27,2026-02-27 14:08:05+00:00,,,True,False,False,0,0,0.03333333333333333,,7
u_01581,lp_academic_writing,2026-02-01 16:06:01+00:00,2026-02-01,2026-02-01 16:07:01+00:00,,,True,False,False,0,0,0.016666666666666666,,7
u_01582,lp_business_emails,2026-02-20 05:58:31+00:00,2026-02-20,,,,False,False,False,0,0,,,7
u_01583,lp_academic_writing,2026-02-01 17:55:35+00:00,2026-02-01,2026-02-01 17:56:35+00:00,2026-02-01 18:39:35+00:00,academic_citation_helper,True,True,True,4,1,0.016666666666666666,0.7333333333333333,7
u_01584,lp_academic_writing,2026-02-19 14:57:21+00:00,2026-02-19,,,,False,False,False,0,0,,,7
u_01585,lp_academic_writing,2026-02-24 05:35:23+00:00,2026-02-24,,,,False,False,False,0,0,,,7
u_01586,lp_business_emails,2026-02-27 03:07:35+00:00,2026-02-27,,,,False,False,False,0,0,,,7
u_01587,lp_academic_writing,2026-02-09 17:21:51+00:00,2026-02-09,,,,False,False,False,0,0,,,7
u_01588,lp_academic_writing,2026-02-11 18:08:43+00:00,2026-02-11,,,,False,False,False,0,0,,,7
u_01589,lp_academic_writing,2026-02-18 20:07:41+00:00,2026-02-18,,,,False,False,False,0,0,,,7
u_01590,lp_academic_writing,2026-02-04 16:49:42+00:00,2026-02-04,,,,False,False,False,0,0,,,7
u_01591,lp_business_emails,2026-02-23 16:12:36+00:00,2026-02-23,,,,False,False,False,0,0,,,7
u_01592,lp_academic_writing,2026-02-04 12:42:38+00:00,2026-02-04,,,,False,False,False,0,0,,,7
u_01593,lp_business_emails,2026-02-10 16:39:50+00:00,2026-02-10,2026-02-10 16:46:50+00:00,2026-02-10 17:21:50+00:00,smart_email_reply,True,True,True,1,0,0.11666666666666667,0.7,7
u_01594,lp_business_emails,2026-02-15 03:53:24+00:00,2026-02-15,2026-02-15 04:07:24+00:00,,,True,False,False,0,0,0.23333333333333334,,7
u_01595,lp_academic_writing,2026-02-08 02:16:23+00:00,2026-02-08,2026-02-08 02:20:23+00:00,2026-02-08 03:15:23+00:00,academic_citation_helper,True,True,True,2,1,0.06666666666666667,0.9833333333333333,7
u_01596,lp_business_emails,2026-02-09 02:29:55+00:00,2026-02-09,2026-02-09 02:36:55+00:00,2026-02-09 03:19:55+00:00,smart_email_reply,True,True,True,1,0,0.11666666666666667,0.8333333333333334,7
u_01597,lp_academic_writing,2026-02-24 12:49:16+00:00,2026-02-24,,,,False,False,False,0,0,,,7
u_01598,lp_business_emails,2026-02-18 16:47:00+00:00,2026-02-18,2026-02-18 16:59:00+00:00,2026-02-18 17:56:00+00:00,smart_email_reply,True,True,True,1,0,0.2,1.15,7
u_01599,lp_academic_writing,2026-02-03 16:56:00+00:00,2026-02-03,,,,False,False,False,0,0,,,7
u_01600,lp_business_emails,2026-02-10 04:04:28+00:00,2026-02-10,2026-02-10 04:13:28+00:00,2026-02-10 04:40:28+00:00,smart_email_reply,True,True,True,2,1,0.15,0.6,7
u_01601,lp_academic_writing,2026-02-02 11:00:39+00:00,2026-02-02,,,,False,False,False,0,0,,,7
u_01602,lp_academic_writing,2026-02-08 13:35:17+00:00,2026-02-08,,,,False,False,False,0,0,,,7
u_01603,lp_academic_writing,2026-02-15 09:23:26+00:00,2026-02-15,2026-02-15 09:28:26+00:00,2026-02-15 10:06:26+00:00,academic_citation_helper,True,True,True,1,0,0.08333333333333333,0.7166666666666667,7
u_01604,lp_academic_writing,2026-02-02 04:59:20+00:00,2026-02-02,,,,False,False,False,0,0,,,7
u_01605,lp_business_emails,2026-02-15 16:49:44+00:00,2026-02-15,,,,False,False,False,0,0,,,7
u_01606,lp_academic_writing,2026-02-02 09:57:41+00:00,2026-02-02,2026-02-02 10:06:41+00:00,2026-02-02 10:17:41+00:00,academic_citation_helper,True,True,True,2,1,0.15,0.3333333333333333,7
u_01607,lp_academic_writing,2026-02-26 07:18:02+00:00,2026-02-26,2026-02-26 07:27:02+00:00,2026-02-26 08:21:02+00:00,academic_citation_helper,True,True,True,4,1,0.15,1.05,7
u_01608,lp_academic_writing,2026-02-05 06:19:30+00:00,2026-02-05,,,,False,False,False,0,0,,,7
u_01609,lp_academic_writing,2026-02-10 18:50:58+00:00,2026-02-10,,,,False,False,False,0,0,,,7
u_01610,lp_academic_writing,2026-02-07 02:59:51+00:00,2026-02-07,,,,False,False,False,0,0,,,7
u_01611,lp_business_emails,2026-02-27 14:30:21+00:00,2026-02-27,,,,False,False,False,0,0,,,7
u_01612,lp_business_emails,2026-02-22 04:13:28+00:00,2026-02-22,2026-02-22 04:18:28+00:00,,,True,False,False,0,0,0.08333333333333333,,7
u_01613,lp_academic_writing,2026-02-25 03:59:06+00:00,2026-02-25,,,,False,False,False,0,0,,,7
u_01614,lp_business_emails,2026-02-28 23:01:05+00:00,2026-02-28,2026-02-28 23:14:05+00:00,,,True,False,False,0,0,0.21666666666666667,,7
u_01615,lp_business_emails,2026-02-24 04:58:26+00:00,2026-02-24,2026-02-24 05:05:26+00:00,,,True,False,False,0,0,0.11666666666666667,,7
u_01616,lp_business_emails,2026-02-16 17:29:42+00:00,2026-02-16,2026-02-16 17:43:42+00:00,2026-02-16 18:19:42+00:00,smart_email_reply,True,True,True,1,0,0.23333333333333334,0.8333333333333334,7
u_01617,lp_academic_writing,2026-02-13 23:53:56+00:00,2026-02-13,,,,False,False,False,0,0,,,7
u_01618,lp_business_emails,2026-02-24 16:10:10+00:00,2026-02-24,2026-02-24 16:16:10+00:00,,,True,False,False,0,0,0.1,,7
u_01619,lp_academic_writing,2026-02-26 02:53:54+00:00,2026-02-26,,,,False,False,False,0,0,,,7
u_01620,lp_business_emails,2026-02-05 21:44:14+00:00,2026-02-05,2026-02-05 21:46:14+00:00,2026-02-05 22:46:14+00:00,smart_email_reply,True,True,True,1,0,0.03333333333333333,1.0333333333333334,7
u_01621,lp_business_emails,2026-02-14 01:32:39+00:00,2026-02-14,,,,False,False,False,0,0,,,7
u_01622,lp_business_emails,2026-02-16 09:12:51+00:00,2026-02-16,,,,False,False,False,0,0,,,7
u_01623,lp_academic_writing,2026-02-12 09:08:06+00:00,2026-02-12,2026-02-12 09:18:06+00:00,2026-02-12 09:27:06+00:00,academic_citation_helper,True,True,True,1,0,0.16666666666666666,0.31666666666666665,7
u_01624,lp_academic_writing,2026-02-12 09:25:26+00:00,2026-02-12,,,,False,False,False,0,0,,,7
u_01625,lp_business_emails,2026-02-13 07:35:32+00:00,2026-02-13,,,,False,False,False,0,0,,,7
u_01626,lp_academic_writing,2026-02-11 19:11:43+00:00,2026-02-11,,,,False,False,False,0,0,,,7
u_01627,lp_academic_writing,2026-02-28 07:43:12+00:00,2026-02-28,2026-02-28 07:46:12+00:00,2026-02-28 08:02:12+00:00,academic_citation_helper,True,True,True,2,1,0.05,0.31666666666666665,7
u_01628,lp_academic_writing,2026-02-06 22:34:18+00:00,2026-02-06,2026-02-06 22:37:18+00:00,,,True,False,False,0,0,0.05,,7
u_01629,lp_business_emails,2026-02-27 06:28:10+00:00,2026-02-27,2026-02-27 06:43:10+00:00,,,True,False,False,0,0,0.25,,7
u_01630,lp_academic_writing,2026-02-08 12:55:29+00:00,2026-02-08,,,,False,False,False,0,0,,,7
u_01631,lp_academic_writing,2026-02-25 06:34:46+00:00,2026-02-25,2026-02-25 06:37:46+00:00,2026-02-25 07:17:46+00:00,academic_citation_helper,True,True,True,3,1,0.05,0.7166666666666667,7
u_01632,lp_academic_writing,2026-02-12 15:51:54+00:00,2026-02-12,2026-02-12 15:55:54+00:00,2026-02-12 16:47:54+00:00,academic_citation_helper,True,True,True,3,1,0.06666666666666667,0.9333333333333333,7
u_01633,lp_business_emails,2026-02-16 19:30:10+00:00,2026-02-16,2026-02-16 19:39:10+00:00,,,True,False,False,0,0,0.15,,7
u_01634,lp_academic_writing,2026-02-28 20:24:17+00:00,2026-02-28,,,,False,False,False,0,0,,,7
u_01635,lp_business_emails,2026-02-20 17:47:24+00:00,2026-02-20,,,,False,False,False,0,0,,,7
u_01636,lp_business_emails,2026-02-23 14:43:24+00:00,2026-02-23,2026-02-23 14:55:24+00:00,2026-02-23 15:38:24+00:00,smart_email_reply,True,True,True,2,1,0.2,0.9166666666666666,7
u_01637,lp_business_emails,2026-02-02 13:39:44+00:00,2026-02-02,2026-02-02 13:48:44+00:00,2026-02-02 14:16:44+00:00,smart_email_reply,True,True,True,1,0,0.15,0.6166666666666667,7
u_01638,lp_business_emails,2026-02-19 05:25:37+00:00,2026-02-19,2026-02-19 05:37:37+00:00,2026-02-19 06:13:37+00:00,smart_email_reply,True,True,True,1,0,0.2,0.8,7
u_01639,lp_academic_writing,2026-02-01 15:57:32+00:00,2026-02-01,2026-02-01 16:03:32+00:00,,,True,False,False,0,0,0.1,,7
u_01640,lp_academic_writing,2026-02-13 09:54:42+00:00,2026-02-13,,,,False,False,False,0,0,,,7
u_01641,lp_business_emails,2026-02-13 14:38:53+00:00,2026-02-13,,,,False,False,False,0,0,,,7
u_01642,lp_business_emails,2026-02-02 01:19:00+00:00,2026-02-02,,,,False,False,False,0,0,,,7
u_01643,lp_business_emails,2026-02-14 00:39:53+00:00,2026-02-14,2026-02-14 00:44:53+00:00,2026-02-14 01:40:53+00:00,smart_email_reply,True,True,True,2,1,0.08333333333333333,1.0166666666666666,7
u_01644,lp_business_emails,2026-02-10 09:37:44+00:00,2026-02-10,,,,False,False,False,0,0,,,7
u_01645,lp_academic_writing,2026-02-19 23:00:19+00:00,2026-02-19,2026-02-19 23:09:19+00:00,2026-02-19 23:38:19+00:00,academic_citation_helper,True,True,True,1,0,0.15,0.6333333333333333,7
u_01646,lp_academic_writing,2026-02-21 21:13:17+00:00,2026-02-21,2026-02-21 21:15:17+00:00,,,True,False,False,0,0,0.03333333333333333,,7
u_01647,lp_academic_writing,2026-02-08 03:42:06+00:00,2026-02-08,,,,False,False,False,0,0,,,7
u_01648,lp_business_emails,2026-02-13 14:58:47+00:00,2026-02-13,2026-02-13 15:06:47+00:00,,,True,False,False,0,0,0.13333333333333333,,7
u_01649,lp_business_emails,2026-02-15 23:01:31+00:00,2026-02-15,,,,False,False,False,0,0,,,7
u_01650,lp_business_emails,2026-02-24 17:39:27+00:00,2026-02-24,,,,False,False,False,0,0,,,7
u_01651,lp_academic_writing,2026-02-23 13:43:47+00:00,2026-02-23,,,,False,False,False,0,0,,,7
u_01652,lp_business_emails,2026-02-07 12:26:56+00:00,2026-02-07,,,,False,False,False,0,0,,,7
u_01653,lp_academic_writing,2026-02-04 07:47:32+00:00,2026-02-04,2026-02-04 07:48:32+00:00,2026-02-04 08:23:32+00:00,academic_citation_helper,True,True,True,2,1,0.016666666666666666,0.6,7
u_01654,lp_business_emails,2026-02-02 15:30:36+00:00,2026-02-02,2026-02-02 15:34:36+00:00,,,True,False,False,0,0,0.06666666666666667,,7
u_01655,lp_academic_writing,2026-02-26 14:53:48+00:00,2026-02-26,2026-02-26 14:55:48+00:00,,,True,False,False,0,0,0.03333333333333333,,7
u_01656,lp_business_emails,2026-02-01 03:33:42+00:00,2026-02-01,2026-02-01 03:42:42+00:00,2026-02-01 04:41:42+00:00,smart_email_reply,True,True,True,1,0,0.15,1.1333333333333333,7
u_01657,lp_business_emails,2026-02-17 20:18:48+00:00,2026-02-17,2026-02-17 20:21:48+00:00,2026-02-17 21:16:48+00:00,smart_email_reply,True,True,True,2,1,0.05,0.9666666666666667,7
u_01658,lp_academic_writing,2026-02-28 05:11:15+00:00,2026-02-28,,,,False,False,False,0,0,,,7
u_01659,lp_academic_writing,2026-02-11 14:50:08+00:00,2026-02-11,2026-02-11 14:56:08+00:00,,,True,False,False,0,0,0.1,,7
u_01660,lp_academic_writing,2026-02-08 12:43:45+00:00,2026-02-08,2026-02-08 12:48:45+00:00,2026-02-08 13:20:45+00:00,academic_citation_helper,True,True,True,4,1,0.08333333333333333,0.6166666666666667,7
u_01661,lp_academic_writing,2026-02-15 04:08:26+00:00,2026-02-15,,,,False,False,False,0,0,,,7
u_01662,lp_academic_writing,2026-02-21 01:40:40+00:00,2026-02-21,2026-02-21 01:43:40+00:00,,,True,False,False,0,0,0.05,,7
u_01663,lp_business_emails,2026-02-18 22:01:28+00:00,2026-02-18,,,,False,False,False,0,0,,,7
u_01664,lp_business_emails,2026-02-24 05:55:37+00:00,2026-02-24,2026-02-24 05:58:37+00:00,,,True,False,False,0,0,0.05,,7
u_01665,lp_business_emails,2026-02-11 17:32:06+00:00,2026-02-11,,,,False,False,False,0,0,,,7
u_01666,lp_business_emails,2026-02-25 00:12:46+00:00,2026-02-25,,,,False,False,False,0,0,,,7
u_01667,lp_academic_writing,2026-02-16 05:31:52+00:00,2026-02-16,,,,False,False,False,0,0,,,7
u_01668,lp_business_emails,2026-02-09 17:51:33+00:00,2026-02-09,,,,False,False,False,0,0,,,7
u_01669,lp_academic_writing,2026-02-13 04:49:54+00:00,2026-02-13,,,,False,False,False,0,0,,,7
u_01670,lp_business_emails,2026-02-22 22:21:02+00:00,2026-02-22,2026-02-22 22:32:02+00:00,2026-02-22 23:29:02+00:00,smart_email_reply,True,True,True,1,0,0.18333333333333332,1.1333333333333333,7
u_01671,lp_academic_writing,2026-02-20 10:23:05+00:00,2026-02-20,,,,False,False,False,0,0,,,7
u_01672,lp_business_emails,2026-02-23 20:59:06+00:00,2026-02-23,,,,False,False,False,0,0,,,7
u_01673,lp_business_emails,2026-02-22 03:29:30+00:00,2026-02-22,,,,False,False,False,0,0,,,7
u_01674,lp_business_emails,2026-02-17 00:32:32+00:00,2026-02-17,,,,False,False,False,0,0,,,7
u_01675,lp_academic_writing,2026-02-15 03:49:51+00:00,2026-02-15,2026-02-15 03:59:51+00:00,,,True,False,False,0,0,0.16666666666666666,,7
u_01676,lp_academic_writing,2026-02-17 20:56:45+00:00,2026-02-17,,,,False,False,False,0,0,,,7
u_01677,lp_business_emails,2026-02-20 16:34:54+00:00,2026-02-20,,,,False,False,False,0,0,,,7
u_01678,lp_academic_writing,2026-02-13 20:06:17+00:00,2026-02-13,,,,False,False,False,0,0,,,7
u_01679,lp_academic_writing,2026-02-09 17:28:08+00:00,2026-02-09,,,,False,False,False,0,0,,,7
u_01680,lp_business_emails,2026-02-23 13:35:04+00:00,2026-02-23,2026-02-23 13:45:04+00:00,2026-02-23 14:02:04+00:00,smart_email_reply,True,True,True,1,0,0.16666666666666666,0.45,7
u_01681,lp_business_emails,2026-02-25 05:50:00+00:00,2026-02-25,2026-02-25 05:56:00+00:00,2026-02-25 06:55:00+00:00,smart_email_reply,True,True,True,1,0,0.1,1.0833333333333333,7
u_01682,lp_academic_writing,2026-02-01 04:26:54+00:00,2026-02-01,2026-02-01 04:29:54+00:00,2026-02-01 04:35:54+00:00,academic_citation_helper,True,True,True,3,1,0.05,0.15,7
u_01683,lp_business_emails,2026-02-19 05:06:03+00:00,2026-02-19,2026-02-19 05:17:03+00:00,2026-02-19 05:47:03+00:00,smart_email_reply,True,True,True,1,0,0.18333333333333332,0.6833333333333333,7
u_01684,lp_business_emails,2026-02-28 20:11:49+00:00,2026-02-28,,,,False,False,False,0,0,,,7
u_01685,lp_business_emails,2026-02-19 17:11:41+00:00,2026-02-19,2026-02-19 17:12:41+00:00,,,True,False,False,0,0,0.016666666666666666,,7
u_01686,lp_academic_writing,2026-02-03 16:58:12+00:00,2026-02-03,,,,False,False,False,0,0,,,7
u_01687,lp_business_emails,2026-02-24 18:27:23+00:00,2026-02-24,,,,False,False,False,0,0,,,7
u_01688,lp_business_emails,2026-02-11 20:58:57+00:00,2026-02-11,,,,False,False,False,0,0,,,7
u_01689,lp_business_emails,2026-02-03 07:08:41+00:00,2026-02-03,,,,False,False,False,0,0,,,7
u_01690,lp_academic_writing,2026-02-15 13:14:36+00:00,2026-02-15,,,,False,False,False,0,0,,,7
u_01691,lp_academic_writing,2026-02-07 22:59:30+00:00,2026-02-07,2026-02-07 23:00:30+00:00,2026-02-07 23:10:30+00:00,academic_citation_helper,True,True,True,1,0,0.016666666666666666,0.18333333333333332,7
u_01692,lp_academic_writing,2026-02-18 09:56:54+00:00,2026-02-18,,,,False,False,False,0,0,,,7
u_01693,lp_business_emails,2026-02-18 11:35:16+00:00,2026-02-18,,,,False,False,False,0,0,,,7
u_01694,lp_academic_writing,2026-02-22 15:31:50+00:00,2026-02-22,,,,False,False,False,0,0,,,7
u_01695,lp_business_emails,2026-02-12 21:02:25+00:00,2026-02-12,,,,False,False,False,0,0,,,7
u_01696,lp_academic_writing,2026-02-21 17:34:39+00:00,2026-02-21,2026-02-21 17:36:39+00:00,2026-02-21 18:13:39+00:00,academic_citation_helper,True,True,True,1,0,0.03333333333333333,0.65,7
u_01697,lp_academic_writing,2026-02-25 22:36:06+00:00,2026-02-25,,,,False,False,False,0,0,,,7
u_01698,lp_business_emails,2026-02-27 09:52:00+00:00,2026-02-27,,,,False,False,False,0,0,,,7
u_01699,lp_academic_writing,2026-02-16 03:02:52+00:00,2026-02-16,2026-02-16 03:07:52+00:00,,,True,False,False,0,0,0.08333333333333333,,7
u_01700,lp_business_emails,2026-02-07 06:13:48+00:00,2026-02-07,,,,False,False,False,0,0,,,7
u_01701,lp_academic_writing,2026-02-06 01:12:07+00:00,2026-02-06,,,,False,False,False,0,0,,,7
u_01702,lp_business_emails,2026-02-17 03:31:09+00:00,2026-02-17,,,,False,False,False,0,0,,,7
u_01703,lp_academic_writing,2026-02-19 15:24:18+00:00,2026-02-19,,,,False,False,False,0,0,,,7
u_01704,lp_business_emails,2026-02-22 02:30:24+00:00,2026-02-22,2026-02-22 02:43:24+00:00,2026-02-22 03:04:24+00:00,smart_email_reply,True,True,True,1,0,0.21666666666666667,0.5666666666666667,7
u_01705,lp_business_emails,2026-02-28 15:04:22+00:00,2026-02-28,2026-02-28 15:09:22+00:00,,,True,False,False,0,0,0.08333333333333333,,7
u_01706,lp_academic_writing,2026-02-18 21:40:51+00:00,2026-02-18,,,,False,False,False,0,0,,,7
u_01707,lp_academic_writing,2026-02-14 05:03:06+00:00,2026-02-14,2026-02-14 05:07:06+00:00,2026-02-14 05:47:06+00:00,academic_citation_helper,True,True,True,2,1,0.06666666666666667,0.7333333333333333,7
u_01708,lp_business_emails,2026-02-22 12:54:16+00:00,2026-02-22,2026-02-22 13:00:16+00:00,,,True,False,False,0,0,0.1,,7
u_01709,lp_academic_writing,2026-02-14 06:52:40+00:00,2026-02-14,2026-02-14 07:02:40+00:00,2026-02-14 07:53:40+00:00,academic_citation_helper,True,True,True,1,0,0.16666666666666666,1.0166666666666666,7
u_01710,lp_academic_writing,2026-02-15 21:39:07+00:00,2026-02-15,,,,False,False,False,0,0,,,7
u_01711,lp_academic_writing,2026-02-16 18:35:22+00:00,2026-02-16,2026-02-16 18:41:22+00:00,2026-02-16 18:57:22+00:00,academic_citation_helper,True,True,True,4,1,0.1,0.36666666666666664,7
u_01712,lp_academic_writing,2026-02-22 17:40:50+00:00,2026-02-22,,,,False,False,False,0,0,,,7
u_01713,lp_academic_writing,2026-02-06 21:32:55+00:00,2026-02-06,,,,False,False,False,0,0,,,7
u_01714,lp_academic_writing,2026-02-18 13:54:24+00:00,2026-02-18,2026-02-18 13:57:24+00:00,2026-02-18 14:02:24+00:00,academic_citation_helper,True,True,True,2,1,0.05,0.13333333333333333,7
u_01715,lp_academic_writing,2026-02-04 15:10:07+00:00,2026-02-04,2026-02-04 15:15:07+00:00,2026-02-04 15:59:07+00:00,academic_citation_helper,True,True,True,2,1,0.08333333333333333,0.8166666666666667,7
u_01716,lp_academic_writing,2026-02-11 01:35:45+00:00,2026-02-11,2026-02-11 01:40:45+00:00,,,True,False,False,0,0,0.08333333333333333,,7
u_01717,lp_business_emails,2026-02-04 12:16:53+00:00,2026-02-04,,,,False,False,False,0,0,,,7
u_01718,lp_business_emails,2026-02-03 22:36:48+00:00,2026-02-03,,,,False,False,False,0,0,,,7
u_01719,lp_business_emails,2026-02-09 23:49:57+00:00,2026-02-09,,,,False,False,False,0,0,,,7
u_01720,lp_academic_writing,2026-02-03 02:24:35+00:00,2026-02-03,2026-02-03 02:30:35+00:00,,,True,False,False,0,0,0.1,,7
u_01721,lp_business_emails,2026-02-12 11:48:18+00:00,2026-02-12,,,,False,False,False,0,0,,,7
u_01722,lp_academic_writing,2026-02-22 04:28:23+00:00,2026-02-22,,,,False,False,False,0,0,,,7
u_01723,lp_business_emails,2026-02-14 05:36:34+00:00,2026-02-14,,,,False,False,False,0,0,,,7
u_01724,lp_academic_writing,2026-02-16 17:34:52+00:00,2026-02-16,2026-02-16 17:36:52+00:00,,,True,False,False,0,0,0.03333333333333333,,7
u_01725,lp_academic_writing,2026-02-06 14:43:06+00:00,2026-02-06,2026-02-06 14:49:06+00:00,,,True,False,False,0,0,0.1,,7
u_01726,lp_academic_writing,2026-02-26 12:17:44+00:00,2026-02-26,2026-02-26 12:20:44+00:00,,,True,False,False,0,0,0.05,,7
u_01727,lp_business_emails,2026-02-23 05:17:45+00:00,2026-02-23,,,,False,False,False,0,0,,,7
u_01728,lp_academic_writing,2026-02-02 08:08:22+00:00,2026-02-02,,,,False,False,False,0,0,,,7
u_01729,lp_business_emails,2026-02-22 14:14:06+00:00,2026-02-22,,,,False,False,False,0,0,,,7
u_01730,lp_business_emails,2026-02-18 13:02:47+00:00,2026-02-18,,,,False,False,False,0,0,,,7
u_01731,lp_business_emails,2026-02-15 16:41:07+00:00,2026-02-15,,,,False,False,False,0,0,,,7
u_01732,lp_business_emails,2026-02-22 12:16:14+00:00,2026-02-22,2026-02-22 12:22:14+00:00,,,True,False,False,0,0,0.1,,7
u_01733,lp_business_emails,2026-02-10 20:02:56+00:00,2026-02-10,,,,False,False,False,0,0,,,7
u_01734,lp_business_emails,2026-02-15 13:24:07+00:00,2026-02-15,2026-02-15 13:25:07+00:00,,,True,False,False,0,0,0.016666666666666666,,7
u_01735,lp_business_emails,2026-02-23 09:03:06+00:00,2026-02-23,,,,False,False,False,0,0,,,7
u_01736,lp_business_emails,2026-02-01 04:07:41+00:00,2026-02-01,,,,False,False,False,0,0,,,7
u_01737,lp_business_emails,2026-02-09 23:46:17+00:00,2026-02-09,,,,False,False,False,0,0,,,7
u_01738,lp_business_emails,2026-02-03 18:16:46+00:00,2026-02-03,,,,False,False,False,0,0,,,7
u_01739,lp_academic_writing,2026-02-25 14:02:06+00:00,2026-02-25,,,,False,False,False,0,0,,,7
u_01740,lp_academic_writing,2026-02-25 18:42:09+00:00,2026-02-25,,,,False,False,False,0,0,,,7
u_01741,lp_academic_writing,2026-02-26 18:41:02+00:00,2026-02-26,2026-02-26 18:45:02+00:00,2026-02-26 19:05:02+00:00,academic_citation_helper,True,True,True,3,1,0.06666666666666667,0.4,7
u_01742,lp_business_emails,2026-02-05 17:50:23+00:00,2026-02-05,,,,False,False,False,0,0,,,7
u_01743,lp_business_emails,2026-02-26 19:23:21+00:00,2026-02-26,2026-02-26 19:31:21+00:00,,,True,False,False,0,0,0.13333333333333333,,7
u_01744,lp_academic_writing,2026-02-14 06:30:45+00:00,2026-02-14,,,,False,False,False,0,0,,,7
u_01745,lp_academic_writing,2026-02-12 22:12:17+00:00,2026-02-12,2026-02-12 22:20:17+00:00,2026-02-12 23:05:17+00:00,academic_citation_helper,True,True,True,1,0,0.13333333333333333,0.8833333333333333,7
u_01746,lp_academic_writing,2026-02-22 17:35:38+00:00,2026-02-22,,,,False,False,False,0,0,,,7
u_01747,lp_business_emails,2026-02-21 06:37:51+00:00,2026-02-21,,,,False,False,False,0,0,,,7
u_01748,lp_business_emails,2026-02-13 04:43:29+00:00,2026-02-13,2026-02-13 04:55:29+00:00,2026-02-13 05:09:29+00:00,smart_email_reply,True,True,True,1,0,0.2,0.43333333333333335,7
u_01749,lp_academic_writing,2026-02-19 07:58:16+00:00,2026-02-19,,,,False,False,False,0,0,,,7
u_01750,lp_academic_writing,2026-02-17 21:26:52+00:00,2026-02-17,2026-02-17 21:28:52+00:00,2026-02-17 22:12:52+00:00,academic_citation_helper,True,True,True,3,1,0.03333333333333333,0.7666666666666667,7
u_01751,lp_academic_writing,2026-02-07 18:46:53+00:00,2026-02-07,2026-02-07 18:51:53+00:00,,,True,False,False,0,0,0.08333333333333333,,7
u_01752,lp_business_emails,2026-02-28 17:13:20+00:00,2026-02-28,,,,False,False,False,0,0,,,7
u_01753,lp_academic_writing,2026-02-12 10:43:19+00:00,2026-02-12,,,,False,False,False,0,0,,,7
u_01754,lp_academic_writing,2026-02-15 12:00:46+00:00,2026-02-15,2026-02-15 12:05:46+00:00,,,True,False,False,0,0,0.08333333333333333,,7
u_01755,lp_business_emails,2026-02-01 02:42:08+00:00,2026-02-01,2026-02-01 02:57:08+00:00,2026-02-01 03:50:08+00:00,smart_email_reply,True,True,True,1,0,0.25,1.1333333333333333,7
u_01756,lp_business_emails,2026-02-07 04:51:50+00:00,2026-02-07,2026-02-07 05:02:50+00:00,2026-02-07 05:14:50+00:00,smart_email_reply,True,True,True,1,0,0.18333333333333332,0.38333333333333336,7
u_01757,lp_business_emails,2026-02-13 07:09:01+00:00,2026-02-13,,,,False,False,False,0,0,,,7
u_01758,lp_academic_writing,2026-02-07 15:26:48+00:00,2026-02-07,,,,False,False,False,0,0,,,7
u_01759,lp_business_emails,2026-02-06 00:09:40+00:00,2026-02-06,2026-02-06 00:22:40+00:00,2026-02-06 00:50:40+00:00,smart_email_reply,True,True,True,1,0,0.21666666666666667,0.6833333333333333,7
u_01760,lp_academic_writing,2026-02-01 19:06:11+00:00,2026-02-01,2026-02-01 19:15:11+00:00,,,True,False,False,0,0,0.15,,7
u_01761,lp_business_emails,2026-02-13 04:55:36+00:00,2026-02-13,,,,False,False,False,0,0,,,7
u_01762,lp_business_emails,2026-02-17 02:14:11+00:00,2026-02-17,,,,False,False,False,0,0,,,7
u_01763,lp_academic_writing,2026-02-18 07:06:29+00:00,2026-02-18,2026-02-18 07:09:29+00:00,2026-02-18 07:17:29+00:00,academic_citation_helper,True,True,True,1,0,0.05,0.18333333333333332,7
u_01764,lp_academic_writing,2026-02-17 09:26:25+00:00,2026-02-17,,,,False,False,False,0,0,,,7
u_01765,lp_business_emails,2026-02-19 07:45:37+00:00,2026-02-19,,,,False,False,False,0,0,,,7
u_01766,lp_business_emails,2026-02-28 05:07:11+00:00,2026-02-28,2026-02-28 05:10:11+00:00,,,True,False,False,0,0,0.05,,7
u_01767,lp_business_emails,2026-02-25 21:17:15+00:00,2026-02-25,,,,False,False,False,0,0,,,7
u_01768,lp_business_emails,2026-02-22 03:24:37+00:00,2026-02-22,,,,False,False,False,0,0,,,7
u_01769,lp_academic_writing,2026-02-07 14:38:30+00:00,2026-02-07,,,,False,False,False,0,0,,,7
u_01770,lp_business_emails,2026-02-04 04:11:07+00:00,2026-02-04,2026-02-04 04:24:07+00:00,,,True,False,False,0,0,0.21666666666666667,,7
u_01771,lp_academic_writing,2026-02-24 07:30:22+00:00,2026-02-24,,,,False,False,False,0,0,,,7
u_01772,lp_academic_writing,2026-02-19 18:45:57+00:00,2026-02-19,,,,False,False,False,0,0,,,7
u_01773,lp_academic_writing,2026-02-20 11:44:43+00:00,2026-02-20,,,,False,False,False,0,0,,,7
u_01774,lp_academic_writing,2026-02-21 15:18:16+00:00,2026-02-21,,,,False,False,False,0,0,,,7
u_01775,lp_business_emails,2026-02-22 22:06:30+00:00,2026-02-22,,,,False,False,False,0,0,,,7
u_01776,lp_business_emails,2026-02-09 18:50:46+00:00,2026-02-09,,,,False,False,False,0,0,,,7
u_01777,lp_academic_writing,2026-02-16 23:26:52+00:00,2026-02-16,2026-02-16 23:35:52+00:00,2026-02-17 00:25:52+00:00,academic_citation_helper,True,True,True,3,1,0.15,0.9833333333333333,7
u_01778,lp_business_emails,2026-02-05 14:40:24+00:00,2026-02-05,,,,False,False,False,0,0,,,7
u_01779,lp_academic_writing,2026-02-03 08:34:13+00:00,2026-02-03,,,,False,False,False,0,0,,,7
u_01780,lp_business_emails,2026-02-22 16:00:25+00:00,2026-02-22,,,,False,False,False,0,0,,,7
u_01781,lp_business_emails,2026-02-23 14:15:05+00:00,2026-02-23,2026-02-23 14:22:05+00:00,2026-02-23 14:59:05+00:00,smart_email_reply,True,True,True,1,0,0.11666666666666667,0.7333333333333333,7
u_01782,lp_business_emails,2026-02-17 06:09:53+00:00,2026-02-17,,,,False,False,False,0,0,,,7
u_01783,lp_business_emails,2026-02-05 14:34:56+00:00,2026-02-05,2026-02-05 14:37:56+00:00,2026-02-05 15:26:56+00:00,smart_email_reply,True,True,True,1,0,0.05,0.8666666666666667,7
u_01784,lp_business_emails,2026-02-18 07:05:21+00:00,2026-02-18,2026-02-18 07:16:21+00:00,,,True,False,False,0,0,0.18333333333333332,,7
u_01785,lp_business_emails,2026-02-27 17:48:34+00:00,2026-02-27,,,,False,False,False,0,0,,,7
u_01786,lp_business_emails,2026-02-17 04:25:24+00:00,2026-02-17,,,,False,False,False,0,0,,,7
u_01787,lp_business_emails,2026-02-17 09:41:08+00:00,2026-02-17,2026-02-17 09:51:08+00:00,2026-02-17 10:41:08+00:00,smart_email_reply,True,True,True,1,0,0.16666666666666666,1.0,7
u_01788,lp_business_emails,2026-02-05 19:36:58+00:00,2026-02-05,,,,False,False,False,0,0,,,7
u_01789,lp_academic_writing,2026-02-14 23:31:48+00:00,2026-02-14,,,,False,False,False,0,0,,,7
u_01790,lp_business_emails,2026-02-27 15:02:16+00:00,2026-02-27,,,,False,False,False,0,0,,,7
u_01791,lp_academic_writing,2026-02-15 20:25:27+00:00,2026-02-15,2026-02-15 20:32:27+00:00,,,True,False,False,0,0,0.11666666666666667,,7
u_01792,lp_academic_writing,2026-02-01 08:50:13+00:00,2026-02-01,2026-02-01 09:00:13+00:00,2026-02-01 09:39:13+00:00,academic_citation_helper,True,True,True,4,1,0.16666666666666666,0.8166666666666667,7
u_01793,lp_academic_writing,2026-02-13 15:37:08+00:00,2026-02-13,2026-02-13 15:46:08+00:00,,,True,False,False,0,0,0.15,,7
u_01794,lp_business_emails,2026-02-22 13:13:02+00:00,2026-02-22,,,,False,False,False,0,0,,,7
u_01795,lp_business_emails,2026-02-24 12:51:39+00:00,2026-02-24,,,,False,False,False,0,0,,,7
u_01796,lp_academic_writing,2026-02-21 13:17:53+00:00,2026-02-21,2026-02-21 13:23:53+00:00,,,True,False,False,0,0,0.1,,7
u_01797,lp_academic_writing,2026-02-15 18:27:24+00:00,2026-02-15,2026-02-15 18:31:24+00:00,2026-02-15 19:24:24+00:00,academic_citation_helper,True,True,True,2,1,0.06666666666666667,0.95,7
u_01798,lp_academic_writing,2026-02-10 09:36:17+00:00,2026-02-10,,,,False,False,False,0,0,,,7
u_01799,lp_business_emails,2026-02-05 23:56:24+00:00,2026-02-05,,,,False,False,False,0,0,,,7
u_01800,lp_academic_writing,2026-02-08 19:07:49+00:00,2026-02-08,,,,False,False,False,0,0,,,7
u_01801,lp_business_emails,2026-02-28 09:23:09+00:00,2026-02-28,2026-02-28 09:35:09+00:00,2026-02-28 10:25:09+00:00,smart_email_reply,True,True,True,1,0,0.2,1.0333333333333334,7
u_01802,lp_business_emails,2026-02-09 23:18:52+00:00,2026-02-09,,,,False,False,False,0,0,,,7
u_01803,lp_business_emails,2026-02-03 20:31:35+00:00,2026-02-03,,,,False,False,False,0,0,,,7
u_01804,lp_business_emails,2026-02-09 12:07:41+00:00,2026-02-09,2026-02-09 12:08:41+00:00,2026-02-09 12:52:41+00:00,smart_email_reply,True,True,True,1,0,0.016666666666666666,0.75,7
u_01805,lp_business_emails,2026-02-27 23:21:40+00:00,2026-02-27,,,,False,False,False,0,0,,,7
u_01806,lp_business_emails,2026-02-01 15:20:57+00:00,2026-02-01,2026-02-01 15:31:57+00:00,2026-02-01 15:53:57+00:00,smart_email_reply,True,True,True,1,0,0.18333333333333332,0.55,7
u_01807,lp_academic_writing,2026-02-11 00:09:57+00:00,2026-02-11,,,,False,False,False,0,0,,,7
u_01808,lp_academic_writing,2026-02-22 19:12:04+00:00,2026-02-22,2026-02-22 19:19:04+00:00,2026-02-22 20:05:04+00:00,academic_citation_helper,True,True,True,1,0,0.11666666666666667,0.8833333333333333,7
u_01809,lp_academic_writing,2026-02-06 00:40:45+00:00,2026-02-06,,,,False,False,False,0,0,,,7
u_01810,lp_business_emails,2026-02-21 14:47:47+00:00,2026-02-21,,,,False,False,False,0,0,,,7
u_01811,lp_business_emails,2026-02-20 18:01:28+00:00,2026-02-20,,,,False,False,False,0,0,,,7
u_01812,lp_business_emails,2026-02-13 01:10:36+00:00,2026-02-13,,,,False,False,False,0,0,,,7
u_01813,lp_business_emails,2026-02-16 20:54:31+00:00,2026-02-16,,,,False,False,False,0,0,,,7
u_01814,lp_business_emails,2026-02-15 11:56:13+00:00,2026-02-15,,,,False,False,False,0,0,,,7
u_01815,lp_academic_writing,2026-02-23 08:06:02+00:00,2026-02-23,2026-02-23 08:16:02+00:00,,,True,False,False,0,0,0.16666666666666666,,7
u_01816,lp_business_emails,2026-02-13 20:24:16+00:00,2026-02-13,,,,False,False,False,0,0,,,7
u_01817,lp_academic_writing,2026-02-16 18:00:31+00:00,2026-02-16,,,,False,False,False,0,0,,,7
u_01818,lp_business_emails,2026-02-07 16:51:32+00:00,2026-02-07,2026-02-07 17:04:32+00:00,2026-02-07 17:51:32+00:00,smart_email_reply,True,True,True,1,0,0.21666666666666667,1.0,7
u_01819,lp_academic_writing,2026-02-27 17:57:18+00:00,2026-02-27,,,,False,False,False,0,0,,,7
u_01820,lp_academic_writing,2026-02-20 10:59:53+00:00,2026-02-20,,,,False,False,False,0,0,,,7
u_01821,lp_academic_writing,2026-02-06 09:53:14+00:00,2026-02-06,,,,False,False,False,0,0,,,7
u_01822,lp_academic_writing,2026-02-21 23:40:56+00:00,2026-02-21,,,,False,False,False,0,0,,,7
u_01823,lp_academic_writing,2026-02-26 19:00:07+00:00,2026-02-26,2026-02-26 19:06:07+00:00,,,True,False,False,0,0,0.1,,7
u_01824,lp_academic_writing,2026-02-13 21:12:19+00:00,2026-02-13,,,,False,False,False,0,0,,,7
u_01825,lp_academic_writing,2026-02-28 22:39:40+00:00,2026-02-28,,,,False,False,False,0,0,,,7
u_01826,lp_academic_writing,2026-02-11 05:36:27+00:00,2026-02-11,2026-02-11 05:43:27+00:00,2026-02-11 06:29:27+00:00,academic_citation_helper,True,True,True,3,1,0.11666666666666667,0.8833333333333333,7
u_01827,lp_business_emails,2026-02-17 06:23:24+00:00,2026-02-17,,,,False,False,False,0,0,,,7
u_01828,lp_academic_writing,2026-02-23 10:32:59+00:00,2026-02-23,,,,False,False,False,0,0,,,7
u_01829,lp_academic_writing,2026-02-07 01:13:55+00:00,2026-02-07,2026-02-07 01:20:55+00:00,2026-02-07 02:05:55+00:00,academic_citation_helper,True,True,True,3,1,0.11666666666666667,0.8666666666666667,7
u_01830,lp_business_emails,2026-02-01 20:02:55+00:00,2026-02-01,,,,False,False,False,0,0,,,7
u_01831,lp_academic_writing,2026-02-15 18:08:05+00:00,2026-02-15,,,,False,False,False,0,0,,,7
u_01832,lp_academic_writing,2026-02-20 11:34:30+00:00,2026-02-20,2026-02-20 11:38:30+00:00,2026-02-20 12:31:30+00:00,academic_citation_helper,True,True,True,1,0,0.06666666666666667,0.95,7
u_01833,lp_academic_writing,2026-02-17 15:04:33+00:00,2026-02-17,,,,False,False,False,0,0,,,7
u_01834,lp_academic_writing,2026-02-25 04:18:29+00:00,2026-02-25,2026-02-25 04:27:29+00:00,,,True,False,False,0,0,0.15,,7
u_01835,lp_academic_writing,2026-02-04 22:03:59+00:00,2026-02-04,,,,False,False,False,0,0,,,7
u_01836,lp_business_emails,2026-02-14 00:32:55+00:00,2026-02-14,,,,False,False,False,0,0,,,7
u_01837,lp_academic_writing,2026-02-08 04:00:59+00:00,2026-02-08,,,,False,False,False,0,0,,,7
u_01838,lp_business_emails,2026-02-16 11:15:44+00:00,2026-02-16,,,,False,False,False,0,0,,,7
u_01839,lp_academic_writing,2026-02-06 02:23:12+00:00,2026-02-06,2026-02-06 02:33:12+00:00,,,True,False,False,0,0,0.16666666666666666,,7
u_01840,lp_business_emails,2026-02-22 08:31:21+00:00,2026-02-22,,,,False,False,False,0,0,,,7
u_01841,lp_academic_writing,2026-02-15 15:07:54+00:00,2026-02-15,,,,False,False,False,0,0,,,7
u_01842,lp_academic_writing,2026-02-12 04:23:28+00:00,2026-02-12,,,,False,False,False,0,0,,,7
u_01843,lp_academic_writing,2026-02-28 23:46:19+00:00,2026-02-28,2026-02-28 23:55:19+00:00,,,True,False,False,0,0,0.15,,7
u_01844,lp_business_emails,2026-02-24 01:53:23+00:00,2026-02-24,,,,False,False,False,0,0,,,7
u_01845,lp_business_emails,2026-02-21 16:59:21+00:00,2026-02-21,2026-02-21 17:14:21+00:00,2026-02-21 17:38:21+00:00,smart_email_reply,True,True,True,1,0,0.25,0.65,7
u_01846,lp_business_emails,2026-02-14 01:15:09+00:00,2026-02-14,,,,False,False,False,0,0,,,7
u_01847,lp_business_emails,2026-02-02 09:42:08+00:00,2026-02-02,,,,False,False,False,0,0,,,7
u_01848,lp_academic_writing,2026-02-16 12:22:37+00:00,2026-02-16,,,,False,False,False,0,0,,,7
u_01849,lp_academic_writing,2026-02-01 15:10:34+00:00,2026-02-01,2026-02-01 15:17:34+00:00,,,True,False,False,0,0,0.11666666666666667,,7
u_01850,lp_business_emails,2026-02-25 23:42:20+00:00,2026-02-25,2026-02-25 23:52:20+00:00,2026-02-26 00:29:20+00:00,smart_email_reply,True,True,True,1,0,0.16666666666666666,0.7833333333333333,7
u_01851,lp_academic_writing,2026-02-13 03:14:53+00:00,2026-02-13,,,,False,False,False,0,0,,,7
u_01852,lp_academic_writing,2026-02-12 07:41:17+00:00,2026-02-12,2026-02-12 07:48:17+00:00,2026-02-12 07:59:17+00:00,academic_citation_helper,True,True,True,4,1,0.11666666666666667,0.3,7
u_01853,lp_academic_writing,2026-02-07 04:33:48+00:00,2026-02-07,2026-02-07 04:34:48+00:00,,,True,False,False,0,0,0.016666666666666666,,7
u_01854,lp_academic_writing,2026-02-12 14:09:15+00:00,2026-02-12,2026-02-12 14:14:15+00:00,,,True,False,False,0,0,0.08333333333333333,,7
u_01855,lp_academic_writing,2026-02-11 17:49:39+00:00,2026-02-11,,,,False,False,False,0,0,,,7
u_01856,lp_academic_writing,2026-02-26 15:01:48+00:00,2026-02-26,2026-02-26 15:03:48+00:00,,,True,False,False,0,0,0.03333333333333333,,7
u_01857,lp_academic_writing,2026-02-13 18:26:15+00:00,2026-02-13,,,,False,False,False,0,0,,,7
u_01858,lp_business_emails,2026-02-06 16:17:21+00:00,2026-02-06,,,,False,False,False,0,0,,,7
u_01859,lp_business_emails,2026-02-11 23:56:50+00:00,2026-02-11,2026-02-11 23:57:50+00:00,2026-02-12 00:33:50+00:00,smart_email_reply,True,True,True,1,0,0.016666666666666666,0.6166666666666667,7
u_01860,lp_business_emails,2026-02-09 14:09:18+00:00,2026-02-09,2026-02-09 14:16:18+00:00,2026-02-09 14:30:18+00:00,smart_email_reply,True,True,True,1,0,0.11666666666666667,0.35,7
u_01861,lp_academic_writing,2026-02-09 20:45:57+00:00,2026-02-09,,,,False,False,False,0,0,,,7
u_01862,lp_academic_writing,2026-02-17 06:45:12+00:00,2026-02-17,,,,False,False,False,0,0,,,7
u_01863,lp_business_emails,2026-02-27 00:12:25+00:00,2026-02-27,2026-02-27 00:25:25+00:00,,,True,False,False,0,0,0.21666666666666667,,7
u_01864,lp_business_emails,2026-02-13 12:34:15+00:00,2026-02-13,,,,False,False,False,0,0,,,7
u_01865,lp_academic_writing,2026-02-20 03:52:35+00:00,2026-02-20,2026-02-20 03:54:35+00:00,2026-02-20 04:06:35+00:00,academic_citation_helper,True,True,True,1,0,0.03333333333333333,0.23333333333333334,7
u_01866,lp_business_emails,2026-02-14 21:07:09+00:00,2026-02-14,,,,False,False,False,0,0,,,7
u_01867,lp_academic_writing,2026-02-10 23:12:30+00:00,2026-02-10,2026-02-10 23:16:30+00:00,2026-02-10 23:58:30+00:00,academic_citation_helper,True,True,True,1,0,0.06666666666666667,0.7666666666666667,7
u_01868,lp_academic_writing,2026-02-03 22:17:09+00:00,2026-02-03,,,,False,False,False,0,0,,,7
u_01869,lp_academic_writing,2026-02-26 02:20:54+00:00,2026-02-26,2026-02-26 02:27:54+00:00,2026-02-26 03:00:54+00:00,academic_citation_helper,True,True,True,1,0,0.11666666666666667,0.6666666666666666,7
u_01870,lp_business_emails,2026-02-15 22:44:01+00:00,2026-02-15,,,,False,False,False,0,0,,,7
u_01871,lp_business_emails,2026-02-11 23:53:51+00:00,2026-02-11,2026-02-12 00:08:51+00:00,2026-02-12 00:53:51+00:00,smart_email_reply,True,True,True,1,0,0.25,1.0,7
u_01872,lp_business_emails,2026-02-24 19:18:17+00:00,2026-02-24,,,,False,False,False,0,0,,,7
u_01873,lp_business_emails,2026-02-22 11:28:06+00:00,2026-02-22,2026-02-22 11:29:06+00:00,,,True,False,False,0,0,0.016666666666666666,,7
u_01874,lp_academic_writing,2026-02-16 17:02:32+00:00,2026-02-16,2026-02-16 17:05:32+00:00,2026-02-16 17:17:32+00:00,academic_citation_helper,True,True,True,3,1,0.05,0.25,7
u_01875,lp_business_emails,2026-02-26 03:51:59+00:00,2026-02-26,2026-02-26 03:56:59+00:00,2026-02-26 04:42:59+00:00,smart_email_reply,True,True,True,1,0,0.08333333333333333,0.85,7
u_01876,lp_academic_writing,2026-02-07 10:12:12+00:00,2026-02-07,2026-02-07 10:21:12+00:00,2026-02-07 10:54:12+00:00,academic_citation_helper,True,True,True,3,1,0.15,0.7,7
u_01877,lp_academic_writing,2026-02-04 06:28:26+00:00,2026-02-04,,,,False,False,False,0,0,,,7
u_01878,lp_business_emails,2026-02-15 13:00:07+00:00,2026-02-15,2026-02-15 13:01:07+00:00,,,True,False,False,0,0,0.016666666666666666,,7
u_01879,lp_academic_writing,2026-02-08 19:28:58+00:00,2026-02-08,2026-02-08 19:38:58+00:00,,,True,False,False,0,0,0.16666666666666666,,7
u_01880,lp_business_emails,2026-02-25 23:00:13+00:00,2026-02-25,,,,False,False,False,0,0,,,7
u_01881,lp_academic_writing,2026-02-22 19:09:07+00:00,2026-02-22,,,,False,False,False,0,0,,,7
u_01882,lp_business_emails,2026-02-17 01:23:25+00:00,2026-02-17,,,,False,False,False,0,0,,,7
u_01883,lp_business_emails,2026-02-09 10:12:01+00:00,2026-02-09,,,,False,False,False,0,0,,,7
u_01884,lp_business_emails,2026-02-05 05:47:52+00:00,2026-02-05,,,,False,False,False,0,0,,,7
u_01885,lp_business_emails,2026-02-20 02:03:48+00:00,2026-02-20,,,,False,False,False,0,0,,,7
u_01886,lp_business_emails,2026-02-17 03:44:37+00:00,2026-02-17,,,,False,False,False,0,0,,,7
u_01887,lp_academic_writing,2026-02-12 13:12:31+00:00,2026-02-12,,,,False,False,False,0,0,,,7
u_01888,lp_academic_writing,2026-02-24 11:08:44+00:00,2026-02-24,,,,False,False,False,0,0,,,7
u_01889,lp_business_emails,2026-02-08 06:31:38+00:00,2026-02-08,,,,False,False,False,0,0,,,7
u_01890,lp_academic_writing,2026-02-17 07:40:51+00:00,2026-02-17,,,,False,False,False,0,0,,,7
u_01891,lp_business_emails,2026-02-02 15:20:22+00:00,2026-02-02,2026-02-02 15:32:22+00:00,2026-02-02 16:26:22+00:00,smart_email_reply,True,True,True,1,0,0.2,1.1,7
u_01892,lp_business_emails,2026-02-03 07:34:35+00:00,2026-02-03,2026-02-03 07:43:35+00:00,,,True,False,False,0,0,0.15,,7
u_01893,lp_business_emails,2026-02-26 21:11:37+00:00,2026-02-26,,,,False,False,False,0,0,,,7
u_01894,lp_business_emails,2026-02-26 04:39:59+00:00,2026-02-26,2026-02-26 04:54:59+00:00,,,True,False,False,0,0,0.25,,7
u_01895,lp_business_emails,2026-02-18 14:19:59+00:00,2026-02-18,,,,False,False,False,0,0,,,7
u_01896,lp_academic_writing,2026-02-11 05:43:46+00:00,2026-02-11,,,,False,False,False,0,0,,,7
u_01897,lp_business_emails,2026-02-08 05:30:59+00:00,2026-02-08,,,,False,False,False,0,0,,,7
u_01898,lp_academic_writing,2026-02-17 15:27:13+00:00,2026-02-17,2026-02-17 15:29:13+00:00,,,True,False,False,0,0,0.03333333333333333,,7
u_01899,lp_academic_writing,2026-02-19 01:11:38+00:00,2026-02-19,2026-02-19 01:21:38+00:00,2026-02-19 02:02:38+00:00,academic_citation_helper,True,True,True,2,1,0.16666666666666666,0.85,7
u_01900,lp_academic_writing,2026-02-21 07:52:13+00:00,2026-02-21,,,,False,False,False,0,0,,,7
u_01901,lp_business_emails,2026-02-02 16:23:01+00:00,2026-02-02,,,,False,False,False,0,0,,,7
u_01902,lp_academic_writing,2026-02-21 10:45:07+00:00,2026-02-21,,,,False,False,False,0,0,,,7
u_01903,lp_business_emails,2026-02-19 12:55:49+00:00,2026-02-19,,,,False,False,False,0,0,,,7
u_01904,lp_business_emails,2026-02-18 23:57:33+00:00,2026-02-18,2026-02-18 23:58:33+00:00,2026-02-19 00:42:33+00:00,smart_email_reply,True,True,True,1,0,0.016666666666666666,0.75,7
u_01905,lp_business_emails,2026-02-22 17:16:04+00:00,2026-02-22,,,,False,False,False,0,0,,,7
u_01906,lp_business_emails,2026-02-13 20:09:25+00:00,2026-02-13,2026-02-13 20:16:25+00:00,,,True,False,False,0,0,0.11666666666666667,,7
u_01907,lp_academic_writing,2026-02-19 08:15:04+00:00,2026-02-19,,,,False,False,False,0,0,,,7
u_01908,lp_business_emails,2026-02-17 09:40:28+00:00,2026-02-17,2026-02-17 09:53:28+00:00,,,True,False,False,0,0,0.21666666666666667,,7
u_01909,lp_business_emails,2026-02-27 16:32:58+00:00,2026-02-27,,,,False,False,False,0,0,,,7
u_01910,lp_business_emails,2026-02-01 10:39:15+00:00,2026-02-01,2026-02-01 10:50:15+00:00,2026-02-01 10:58:15+00:00,smart_email_reply,True,True,True,1,0,0.18333333333333332,0.31666666666666665,7
u_01911,lp_academic_writing,2026-02-25 05:01:38+00:00,2026-02-25,,,,False,False,False,0,0,,,7
u_01912,lp_academic_writing,2026-02-16 00:51:08+00:00,2026-02-16,,,,False,False,False,0,0,,,7
u_01913,lp_business_emails,2026-02-09 12:56:24+00:00,2026-02-09,,,,False,False,False,0,0,,,7
u_01914,lp_academic_writing,2026-02-20 04:50:13+00:00,2026-02-20,,,,False,False,False,0,0,,,7
u_01915,lp_business_emails,2026-02-20 00:46:09+00:00,2026-02-20,,,,False,False,False,0,0,,,7
u_01916,lp_academic_writing,2026-02-21 12:09:53+00:00,2026-02-21,,,,False,False,False,0,0,,,7
u_01917,lp_academic_writing,2026-02-13 14:04:40+00:00,2026-02-13,,,,False,False,False,0,0,,,7
u_01918,lp_business_emails,2026-02-05 15:12:51+00:00,2026-02-05,2026-02-05 15:21:51+00:00,2026-02-05 16:21:51+00:00,smart_email_reply,True,True,True,1,0,0.15,1.15,7
u_01919,lp_academic_writing,2026-02-28 15:47:37+00:00,2026-02-28,,,,False,False,False,0,0,,,7
u_01920,lp_business_emails,2026-02-06 07:17:06+00:00,2026-02-06,2026-02-06 07:28:06+00:00,2026-02-06 08:08:06+00:00,smart_email_reply,True,True,True,1,0,0.18333333333333332,0.85,7
u_01921,lp_academic_writing,2026-02-15 04:55:45+00:00,2026-02-15,,,,False,False,False,0,0,,,7
u_01922,lp_academic_writing,2026-02-17 03:44:31+00:00,2026-02-17,,,,False,False,False,0,0,,,7
u_01923,lp_business_emails,2026-02-19 16:43:17+00:00,2026-02-19,,,,False,False,False,0,0,,,7
u_01924,lp_business_emails,2026-02-16 01:02:14+00:00,2026-02-16,,,,False,False,False,0,0,,,7
u_01925,lp_business_emails,2026-02-04 14:35:48+00:00,2026-02-04,2026-02-04 14:38:48+00:00,2026-02-04 14:52:48+00:00,smart_email_reply,True,True,True,1,0,0.05,0.2833333333333333,7
u_01926,lp_business_emails,2026-02-09 20:17:59+00:00,2026-02-09,2026-02-09 20:22:59+00:00,,,True,False,False,0,0,0.08333333333333333,,7
u_01927,lp_business_emails,2026-02-27 05:30:24+00:00,2026-02-27,2026-02-27 05:36:24+00:00,2026-02-27 05:50:24+00:00,smart_email_reply,True,True,True,1,0,0.1,0.3333333333333333,7
u_01928,lp_business_emails,2026-02-17 17:54:49+00:00,2026-02-17,2026-02-17 17:57:49+00:00,,,True,False,False,0,0,0.05,,7
u_01929,lp_academic_writing,2026-02-08 09:13:55+00:00,2026-02-08,,,,False,False,False,0,0,,,7
u_01930,lp_academic_writing,2026-02-06 03:00:45+00:00,2026-02-06,2026-02-06 03:01:45+00:00,2026-02-06 03:28:45+00:00,academic_citation_helper,True,True,True,4,1,0.016666666666666666,0.4666666666666667,7
u_01931,lp_academic_writing,2026-02-06 12:49:25+00:00,2026-02-06,2026-02-06 12:52:25+00:00,2026-02-06 13:28:25+00:00,academic_citation_helper,True,True,True,1,0,0.05,0.65,7
u_01932,lp_business_emails,2026-02-18 12:50:28+00:00,2026-02-18,,,,False,False,False,0,0,,,7
u_01933,lp_academic_writing,2026-02-26 13:07:26+00:00,2026-02-26,2026-02-26 13:17:26+00:00,,,True,False,False,0,0,0.16666666666666666,,7
u_01934,lp_business_emails,2026-02-19 06:55:46+00:00,2026-02-19,,,,False,False,False,0,0,,,7
u_01935,lp_business_emails,2026-02-25 03:14:40+00:00,2026-02-25,,,,False,False,False,0,0,,,7
u_01936,lp_academic_writing,2026-02-09 20:44:41+00:00,2026-02-09,2026-02-09 20:50:41+00:00,,,True,False,False,0,0,0.1,,7
u_01937,lp_business_emails,2026-02-13 15:45:31+00:00,2026-02-13,,,,False,False,False,0,0,,,7
u_01938,lp_business_emails,2026-02-02 00:48:57+00:00,2026-02-02,,,,False,False,False,0,0,,,7
u_01939,lp_business_emails,2026-02-05 23:25:48+00:00,2026-02-05,,,,False,False,False,0,0,,,7
u_01940,lp_business_emails,2026-02-14 03:17:41+00:00,2026-02-14,,,,False,False,False,0,0,,,7
u_01941,lp_academic_writing,2026-02-27 14:18:58+00:00,2026-02-27,2026-02-27 14:20:58+00:00,2026-02-27 14:52:58+00:00,academic_citation_helper,True,True,True,2,1,0.03333333333333333,0.5666666666666667,7
u_01942,lp_academic_writing,2026-02-23 22:42:01+00:00,2026-02-23,2026-02-23 22:51:01+00:00,2026-02-23 23:06:01+00:00,academic_citation_helper,True,True,True,2,1,0.15,0.4,7
u_01943,lp_academic_writing,2026-02-17 06:50:09+00:00,2026-02-17,2026-02-17 06:53:09+00:00,,,True,False,False,0,0,0.05,,7
u_01944,lp_academic_writing,2026-02-03 16:12:49+00:00,2026-02-03,,,,False,False,False,0,0,,,7
u_01945,lp_business_emails,2026-02-25 10:15:31+00:00,2026-02-25,,,,False,False,False,0,0,,,7
u_01946,lp_academic_writing,2026-02-14 06:44:58+00:00,2026-02-14,2026-02-14 06:49:58+00:00,2026-02-14 07:11:58+00:00,academic_citation_helper,True,True,True,3,1,0.08333333333333333,0.45,7
u_01947,lp_business_emails,2026-02-26 15:17:26+00:00,2026-02-26,,,,False,False,False,0,0,,,7
u_01948,lp_academic_writing,2026-02-25 04:41:43+00:00,2026-02-25,2026-02-25 04:50:43+00:00,,,True,False,False,0,0,0.15,,7
u_01949,lp_academic_writing,2026-02-15 12:29:50+00:00,2026-02-15,,,,False,False,False,0,0,,,7
u_01950,lp_academic_writing,2026-02-01 03:42:59+00:00,2026-02-01,,,,False,False,False,0,0,,,7
u_01951,lp_business_emails,2026-02-22 01:31:37+00:00,2026-02-22,2026-02-22 01:42:37+00:00,,,True,False,False,0,0,0.18333333333333332,,7
u_01952,lp_academic_writing,2026-02-03 12:23:32+00:00,2026-02-03,2026-02-03 12:27:32+00:00,,,True,False,False,0,0,0.06666666666666667,,7
u_01953,lp_business_emails,2026-02-24 17:32:40+00:00,2026-02-24,,,,False,False,False,0,0,,,7
u_01954,lp_business_emails,2026-02-05 22:25:39+00:00,2026-02-05,,,,False,False,False,0,0,,,7
u_01955,lp_academic_writing,2026-02-04 01:29:22+00:00,2026-02-04,2026-02-04 01:34:22+00:00,2026-02-04 02:16:22+00:00,academic_citation_helper,True,True,True,4,1,0.08333333333333333,0.7833333333333333,7
u_01956,lp_academic_writing,2026-02-09 12:52:57+00:00,2026-02-09,2026-02-09 12:56:57+00:00,2026-02-09 13:39:57+00:00,academic_citation_helper,True,True,True,4,1,0.06666666666666667,0.7833333333333333,7
u_01957,lp_business_emails,2026-02-07 00:04:10+00:00,2026-02-07,,,,False,False,False,0,0,,,7
u_01958,lp_business_emails,2026-02-16 22:27:26+00:00,2026-02-16,2026-02-16 22:29:26+00:00,,,True,False,False,0,0,0.03333333333333333,,7
u_01959,lp_academic_writing,2026-02-03 11:41:30+00:00,2026-02-03,,,,False,False,False,0,0,,,7
u_01960,lp_academic_writing,2026-02-28 12:09:28+00:00,2026-02-28,2026-02-28 12:16:28+00:00,2026-02-28 12:51:28+00:00,academic_citation_helper,True,True,True,2,1,0.11666666666666667,0.7,7
u_01961,lp_business_emails,2026-02-17 04:42:43+00:00,2026-02-17,,,,False,False,False,0,0,,,7
u_01962,lp_business_emails,2026-02-07 18:59:22+00:00,2026-02-07,,,,False,False,False,0,0,,,7
u_01963,lp_academic_writing,2026-02-12 11:54:25+00:00,2026-02-12,2026-02-12 11:57:25+00:00,,,True,False,False,0,0,0.05,,7
u_01964,lp_academic_writing,2026-02-04 11:46:52+00:00,2026-02-04,,,,False,False,False,0,0,,,7
u_01965,lp_business_emails,2026-02-02 04:32:51+00:00,2026-02-02,,,,False,False,False,0,0,,,7
u_01966,lp_academic_writing,2026-02-13 23:08:54+00:00,2026-02-13,,,,False,False,False,0,0,,,7
u_01967,lp_business_emails,2026-02-17 16:36:56+00:00,2026-02-17,2026-02-17 16:51:56+00:00,2026-02-17 17:21:56+00:00,smart_email_reply,True,True,True,1,0,0.25,0.75,7
u_01968,lp_academic_writing,2026-02-07 13:37:58+00:00,2026-02-07,2026-02-07 13:41:58+00:00,2026-02-07 14:08:58+00:00,academic_citation_helper,True,True,True,3,1,0.06666666666666667,0.5166666666666667,7
u_01969,lp_academic_writing,2026-02-10 07:33:27+00:00,2026-02-10,2026-02-10 07:34:27+00:00,,,True,False,False,0,0,0.016666666666666666,,7
u_01970,lp_academic_writing,2026-02-09 06:45:38+00:00,2026-02-09,,,,False,False,False,0,0,,,7
u_01971,lp_academic_writing,2026-02-25 13:44:57+00:00,2026-02-25,,,,False,False,False,0,0,,,7
u_01972,lp_business_emails,2026-02-28 06:45:26+00:00,2026-02-28,2026-02-28 06:49:26+00:00,2026-02-28 07:18:26+00:00,smart_email_reply,True,True,True,1,0,0.06666666666666667,0.55,7
u_01973,lp_business_emails,2026-02-27 12:49:36+00:00,2026-02-27,2026-02-27 12:53:36+00:00,,,True,False,False,0,0,0.06666666666666667,,7
u_01974,lp_business_emails,2026-02-05 02:55:50+00:00,2026-02-05,,,,False,False,False,0,0,,,7
u_01975,lp_academic_writing,2026-02-21 18:55:06+00:00,2026-02-21,2026-02-21 19:05:06+00:00,2026-02-21 19:19:06+00:00,academic_citation_helper,True,True,True,4,1,0.16666666666666666,0.4,7
u_01976,lp_academic_writing,2026-02-08 04:12:52+00:00,2026-02-08,,,,False,False,False,0,0,,,7
u_01977,lp_business_emails,2026-02-05 22:57:48+00:00,2026-02-05,2026-02-05 22:58:48+00:00,,,True,False,False,0,0,0.016666666666666666,,7
u_01978,lp_academic_writing,2026-02-23 20:17:27+00:00,2026-02-23,,,,False,False,False,0,0,,,7
u_01979,lp_business_emails,2026-02-21 19:50:26+00:00,2026-02-21,,,,False,False,False,0,0,,,7
u_01980,lp_business_emails,2026-02-07 13:16:52+00:00,2026-02-07,2026-02-07 13:20:52+00:00,,,True,False,False,0,0,0.06666666666666667,,7
u_01981,lp_business_emails,2026-02-23 17:19:58+00:00,2026-02-23,,,,False,False,False,0,0,,,7
u_01982,lp_business_emails,2026-02-24 14:28:24+00:00,2026-02-24,,,,False,False,False,0,0,,,7
u_01983,lp_academic_writing,2026-02-04 07:07:03+00:00,2026-02-04,,,,False,False,False,0,0,,,7
u_01984,lp_business_emails,2026-02-16 19:14:44+00:00,2026-02-16,2026-02-16 19:21:44+00:00,,,True,False,False,0,0,0.11666666666666667,,7
u_01985,lp_business_emails,2026-02-16 10:53:01+00:00,2026-02-16,,,,False,False,False,0,0,,,7
u_01986,lp_business_emails,2026-02-13 17:41:46+00:00,2026-02-13,2026-02-13 17:51:46+00:00,2026-02-13 18:27:46+00:00,smart_email_reply,True,True,True,1,0,0.16666666666666666,0.7666666666666667,7
u_01987,lp_academic_writing,2026-02-27 18:48:41+00:00,2026-02-27,2026-02-27 18:57:41+00:00,,,True,False,False,0,0,0.15,,7
u_01988,lp_academic_writing,2026-02-05 06:19:27+00:00,2026-02-05,,,,False,False,False,0,0,,,7
u_01989,lp_business_emails,2026-02-06 01:13:33+00:00,2026-02-06,2026-02-06 01:25:33+00:00,,,True,False,False,0,0,0.2,,7
u_01990,lp_business_emails,2026-02-11 05:15:02+00:00,2026-02-11,,,,False,False,False,0,0,,,7
u_01991,lp_business_emails,2026-02-14 13:57:42+00:00,2026-02-14,,,,False,False,False,0,0,,,7
u_01992,lp_academic_writing,2026-02-03 06:33:06+00:00,2026-02-03,2026-02-03 06:37:06+00:00,2026-02-03 06:54:06+00:00,academic_citation_helper,True,True,True,2,1,0.06666666666666667,0.35,7
u_01993,lp_academic_writing,2026-02-26 18:13:48+00:00,2026-02-26,2026-02-26 18:23:48+00:00,2026-02-26 18:55:48+00:00,academic_citation_helper,True,True,True,1,0,0.16666666666666666,0.7,7
u_01994,lp_business_emails,2026-02-03 18:27:07+00:00,2026-02-03,2026-02-03 18:28:07+00:00,2026-02-03 19:06:07+00:00,smart_email_reply,True,True,True,1,0,0.016666666666666666,0.65,7
u_01995,lp_academic_writing,2026-02-02 05:24:40+00:00,2026-02-02,2026-02-02 05:26:40+00:00,,,True,False,False,0,0,0.03333333333333333,,7
u_01996,lp_academic_writing,2026-02-15 17:11:24+00:00,2026-02-15,,,,False,False,False,0,0,,,7
u_01997,lp_academic_writing,2026-02-13 10:47:25+00:00,2026-02-13,,,,False,False,False,0,0,,,7
u_01998,lp_business_emails,2026-02-16 18:47:44+00:00,2026-02-16,2026-02-16 18:59:44+00:00,2026-02-16 19:44:44+00:00,smart_email_reply,True,True,True,1,0,0.2,0.95,7
u_01999,lp_business_emails,2026-02-17 01:46:45+00:00,2026-02-17,,,,False,False,False,0,0,,,7
u_02000,lp_business_emails,2026-02-13 23:02:35+00:00,2026-02-13,,,,False,False,False,0,0,,,7
u_02001,lp_academic_writing,2026-02-15 06:13:43+00:00,2026-02-15,,,,False,False,False,0,0,,,7
u_02002,lp_business_emails,2026-02-21 18:07:30+00:00,2026-02-21,,,,False,False,False,0,0,,,7
u_02003,lp_academic_writing,2026-02-08 07:21:27+00:00,2026-02-08,,,,False,False,False,0,0,,,7
u_02004,lp_academic_writing,2026-02-26 19:25:42+00:00,2026-02-26,2026-02-26 19:28:42+00:00,,,True,False,False,0,0,0.05,,7
u_02005,lp_academic_writing,2026-02-12 14:44:50+00:00,2026-02-12,2026-02-12 14:46:50+00:00,,,True,False,False,0,0,0.03333333333333333,,7
u_02006,lp_business_emails,2026-02-08 22:54:47+00:00,2026-02-08,2026-02-08 23:00:47+00:00,2026-02-08 23:26:47+00:00,smart_email_reply,True,True,True,1,0,0.1,0.5333333333333333,7
u_02007,lp_academic_writing,2026-02-15 10:00:25+00:00,2026-02-15,2026-02-15 10:02:25+00:00,,,True,False,False,0,0,0.03333333333333333,,7
u_02008,lp_business_emails,2026-02-13 06:52:33+00:00,2026-02-13,2026-02-13 06:55:33+00:00,2026-02-13 07:35:33+00:00,smart_email_reply,True,True,True,1,0,0.05,0.7166666666666667,7
u_02009,lp_business_emails,2026-02-14 12:01:11+00:00,2026-02-14,,,,False,False,False,0,0,,,7
u_02010,lp_academic_writing,2026-02-22 15:58:30+00:00,2026-02-22,,,,False,False,False,0,0,,,7
u_02011,lp_business_emails,2026-02-26 20:50:19+00:00,2026-02-26,,,,False,False,False,0,0,,,7
u_02012,lp_business_emails,2026-02-07 02:35:54+00:00,2026-02-07,,,,False,False,False,0,0,,,7
u_02013,lp_academic_writing,2026-02-21 01:08:15+00:00,2026-02-21,,,,False,False,False,0,0,,,7
u_02014,lp_business_emails,2026-02-25 07:23:23+00:00,2026-02-25,2026-02-25 07:37:23+00:00,2026-02-25 08:18:23+00:00,smart_email_reply,True,True,True,1,0,0.23333333333333334,0.9166666666666666,7
u_02015,lp_business_emails,2026-02-03 19:24:17+00:00,2026-02-03,,,,False,False,False,0,0,,,7
u_02016,lp_academic_writing,2026-02-21 04:30:09+00:00,2026-02-21,,,,False,False,False,0,0,,,7
u_02017,lp_academic_writing,2026-02-19 15:49:49+00:00,2026-02-19,2026-02-19 15:58:49+00:00,,,True,False,False,0,0,0.15,,7
u_02018,lp_academic_writing,2026-02-27 00:35:17+00:00,2026-02-27,2026-02-27 00:41:17+00:00,,,True,False,False,0,0,0.1,,7
u_02019,lp_academic_writing,2026-02-19 10:39:19+00:00,2026-02-19,,,,False,False,False,0,0,,,7
u_02020,lp_academic_writing,2026-02-23 17:08:25+00:00,2026-02-23,,,,False,False,False,0,0,,,7
u_02021,lp_academic_writing,2026-02-03 09:05:24+00:00,2026-02-03,2026-02-03 09:07:24+00:00,2026-02-03 09:49:24+00:00,academic_citation_helper,True,True,True,3,1,0.03333333333333333,0.7333333333333333,7
u_02022,lp_business_emails,2026-02-11 10:06:02+00:00,2026-02-11,,,,False,False,False,0,0,,,7
u_02023,lp_business_emails,2026-02-19 01:00:07+00:00,2026-02-19,2026-02-19 01:10:07+00:00,,,True,False,False,0,0,0.16666666666666666,,7
u_02024,lp_academic_writing,2026-02-14 11:06:09+00:00,2026-02-14,,,,False,False,False,0,0,,,7
u_02025,lp_business_emails,2026-02-15 13:57:01+00:00,2026-02-15,,,,False,False,False,0,0,,,7
u_02026,lp_academic_writing,2026-02-14 07:06:45+00:00,2026-02-14,,,,False,False,False,0,0,,,7
u_02027,lp_academic_writing,2026-02-03 16:54:46+00:00,2026-02-03,,,,False,False,False,0,0,,,7
u_02028,lp_academic_writing,2026-02-11 14:48:16+00:00,2026-02-11,,,,False,False,False,0,0,,,7
u_02029,lp_business_emails,2026-02-28 10:13:31+00:00,2026-02-28,,,,False,False,False,0,0,,,7
u_02030,lp_business_emails,2026-02-17 13:41:55+00:00,2026-02-17,,,,False,False,False,0,0,,,7
u_02031,lp_academic_writing,2026-02-03 15:46:44+00:00,2026-02-03,,,,False,False,False,0,0,,,7
u_02032,lp_academic_writing,2026-02-22 03:55:14+00:00,2026-02-22,2026-02-22 04:03:14+00:00,,,True,False,False,0,0,0.13333333333333333,,7
u_02033,lp_academic_writing,2026-02-15 05:10:13+00:00,2026-02-15,,,,False,False,False,0,0,,,7
u_02034,lp_academic_writing,2026-02-14 20:54:50+00:00,2026-02-14,,,,False,False,False,0,0,,,7
u_02035,lp_business_emails,2026-02-28 19:04:09+00:00,2026-02-28,,,,False,False,False,0,0,,,7
u_02036,lp_academic_writing,2026-02-21 23:31:05+00:00,2026-02-21,,,,False,False,False,0,0,,,7
u_02037,lp_academic_writing,2026-02-13 08:35:34+00:00,2026-02-13,,,,False,False,False,0,0,,,7
u_02038,lp_academic_writing,2026-02-15 19:36:32+00:00,2026-02-15,2026-02-15 19:43:32+00:00,2026-02-15 20:13:32+00:00,academic_citation_helper,True,True,True,4,1,0.11666666666666667,0.6166666666666667,7
u_02039,lp_business_emails,2026-02-20 09:09:15+00:00,2026-02-20,,,,False,False,False,0,0,,,7
u_02040,lp_academic_writing,2026-02-01 13:41:43+00:00,2026-02-01,,,,False,False,False,0,0,,,7
u_02041,lp_business_emails,2026-02-08 12:08:53+00:00,2026-02-08,,,,False,False,False,0,0,,,7
u_02042,lp_business_emails,2026-02-26 22:27:01+00:00,2026-02-26,,,,False,False,False,0,0,,,7
u_02043,lp_business_emails,2026-02-03 05:34:20+00:00,2026-02-03,2026-02-03 05:46:20+00:00,2026-02-03 06:32:20+00:00,smart_email_reply,True,True,True,1,0,0.2,0.9666666666666667,7
u_02044,lp_business_emails,2026-02-05 19:51:40+00:00,2026-02-05,2026-02-05 19:59:40+00:00,2026-02-05 20:59:40+00:00,smart_email_reply,True,True,True,1,0,0.13333333333333333,1.1333333333333333,7
u_02045,lp_business_emails,2026-02-25 09:04:04+00:00,2026-02-25,,,,False,False,False,0,0,,,7
u_02046,lp_academic_writing,2026-02-24 16:19:49+00:00,2026-02-24,2026-02-24 16:21:49+00:00,,,True,False,False,0,0,0.03333333333333333,,7
u_02047,lp_academic_writing,2026-02-18 22:59:30+00:00,2026-02-18,,,,False,False,False,0,0,,,7
u_02048,lp_academic_writing,2026-02-24 21:25:20+00:00,2026-02-24,2026-02-24 21:35:20+00:00,2026-02-24 22:00:20+00:00,academic_citation_helper,True,True,True,1,0,0.16666666666666666,0.5833333333333334,7
u_02049,lp_academic_writing,2026-02-22 08:18:41+00:00,2026-02-22,,,,False,False,False,0,0,,,7
u_02050,lp_business_emails,2026-02-09 17:22:53+00:00,2026-02-09,2026-02-09 17:23:53+00:00,,,True,False,False,0,0,0.016666666666666666,,7
u_02051,lp_business_emails,2026-02-11 13:49:32+00:00,2026-02-11,2026-02-11 14:03:32+00:00,,,True,False,False,0,0,0.23333333333333334,,7
u_02052,lp_academic_writing,2026-02-14 03:59:45+00:00,2026-02-14,,,,False,False,False,0,0,,,7
u_02053,lp_academic_writing,2026-02-25 10:16:10+00:00,2026-02-25,,,,False,False,False,0,0,,,7
u_02054,lp_academic_writing,2026-02-01 23:15:52+00:00,2026-02-01,2026-02-01 23:16:52+00:00,2026-02-01 23:32:52+00:00,academic_citation_helper,True,True,True,2,1,0.016666666666666666,0.2833333333333333,7
u_02055,lp_academic_writing,2026-02-09 09:52:58+00:00,2026-02-09,,,,False,False,False,0,0,,,7
u_02056,lp_academic_writing,2026-02-09 01:58:46+00:00,2026-02-09,,,,False,False,False,0,0,,,7
u_02057,lp_academic_writing,2026-02-09 09:05:59+00:00,2026-02-09,,,,False,False,False,0,0,,,7
u_02058,lp_business_emails,2026-02-24 09:53:44+00:00,2026-02-24,,,,False,False,False,0,0,,,7
u_02059,lp_academic_writing,2026-02-18 19:50:39+00:00,2026-02-18,,,,False,False,False,0,0,,,7
u_02060,lp_business_emails,2026-02-25 18:28:57+00:00,2026-02-25,2026-02-25 18:30:57+00:00,2026-02-25 19:01:57+00:00,smart_email_reply,True,True,True,1,0,0.03333333333333333,0.55,7
u_02061,lp_academic_writing,2026-02-11 17:27:29+00:00,2026-02-11,2026-02-11 17:34:29+00:00,,,True,False,False,0,0,0.11666666666666667,,7
u_02062,lp_academic_writing,2026-02-02 10:05:19+00:00,2026-02-02,2026-02-02 10:11:19+00:00,,,True,False,False,0,0,0.1,,7
u_02063,lp_academic_writing,2026-02-07 15:25:41+00:00,2026-02-07,,,,False,False,False,0,0,,,7
u_02064,lp_academic_writing,2026-02-27 23:47:52+00:00,2026-02-27,,,,False,False,False,0,0,,,7
u_02065,lp_academic_writing,2026-02-04 04:20:55+00:00,2026-02-04,2026-02-04 04:30:55+00:00,,,True,False,False,0,0,0.16666666666666666,,7
u_02066,lp_academic_writing,2026-02-21 22:44:28+00:00,2026-02-21,,,,False,False,False,0,0,,,7
u_02067,lp_academic_writing,2026-02-18 22:02:38+00:00,2026-02-18,2026-02-18 22:04:38+00:00,2026-02-18 22:37:38+00:00,academic_citation_helper,True,True,True,3,1,0.03333333333333333,0.5833333333333334,7
u_02068,lp_business_emails,2026-02-09 10:22:03+00:00,2026-02-09,,,,False,False,False,0,0,,,7
u_02069,lp_academic_writing,2026-02-14 06:18:12+00:00,2026-02-14,,,,False,False,False,0,0,,,7
u_02070,lp_business_emails,2026-02-13 09:54:28+00:00,2026-02-13,2026-02-13 10:08:28+00:00,,,True,False,False,0,0,0.23333333333333334,,7
u_02071,lp_business_emails,2026-02-24 22:56:23+00:00,2026-02-24,,,,False,False,False,0,0,,,7
u_02072,lp_business_emails,2026-02-10 17:10:09+00:00,2026-02-10,,,,False,False,False,0,0,,,7
u_02073,lp_business_emails,2026-02-21 03:21:20+00:00,2026-02-21,2026-02-21 03:35:20+00:00,2026-02-21 04:34:20+00:00,smart_email_reply,True,True,True,1,0,0.23333333333333334,1.2166666666666666,7
u_02074,lp_business_emails,2026-02-16 17:38:53+00:00,2026-02-16,,,,False,False,False,0,0,,,7
u_02075,lp_academic_writing,2026-02-14 20:57:02+00:00,2026-02-14,2026-02-14 21:02:02+00:00,2026-02-14 21:23:02+00:00,academic_citation_helper,True,True,True,1,0,0.08333333333333333,0.43333333333333335,7
u_02076,lp_business_emails,2026-02-25 13:23:41+00:00,2026-02-25,2026-02-25 13:30:41+00:00,2026-02-25 13:39:41+00:00,smart_email_reply,True,True,True,1,0,0.11666666666666667,0.26666666666666666,7
u_02077,lp_academic_writing,2026-02-09 15:29:13+00:00,2026-02-09,,,,False,False,False,0,0,,,7
u_02078,lp_business_emails,2026-02-25 04:55:50+00:00,2026-02-25,2026-02-25 05:08:50+00:00,2026-02-25 05:45:50+00:00,smart_email_reply,True,True,True,2,1,0.21666666666666667,0.8333333333333334,7
u_02079,lp_academic_writing,2026-02-23 07:23:28+00:00,2026-02-23,,,,False,False,False,0,0,,,7
u_02080,lp_business_emails,2026-02-09 23:46:23+00:00,2026-02-09,2026-02-09 23:49:23+00:00,2026-02-10 00:27:23+00:00,smart_email_reply,True,True,True,1,0,0.05,0.6833333333333333,7
u_02081,lp_business_emails,2026-02-22 00:40:51+00:00,2026-02-22,,,,False,False,False,0,0,,,7
u_02082,lp_business_emails,2026-02-27 13:56:07+00:00,2026-02-27,,,,False,False,False,0,0,,,7
u_02083,lp_academic_writing,2026-02-08 10:15:51+00:00,2026-02-08,,,,False,False,False,0,0,,,7
u_02084,lp_academic_writing,2026-02-07 17:24:44+00:00,2026-02-07,2026-02-07 17:34:44+00:00,2026-02-07 18:19:44+00:00,academic_citation_helper,True,True,True,4,1,0.16666666666666666,0.9166666666666666,7
u_02085,lp_business_emails,2026-02-27 06:34:40+00:00,2026-02-27,2026-02-27 06:48:40+00:00,2026-02-27 06:52:40+00:00,smart_email_reply,True,True,True,2,1,0.23333333333333334,0.3,7
u_02086,lp_academic_writing,2026-02-17 17:54:47+00:00,2026-02-17,,,,False,False,False,0,0,,,7
u_02087,lp_business_emails,2026-02-22 11:06:14+00:00,2026-02-22,,,,False,False,False,0,0,,,7
u_02088,lp_business_emails,2026-02-23 09:46:01+00:00,2026-02-23,,,,False,False,False,0,0,,,7
u_02089,lp_academic_writing,2026-02-10 23:00:31+00:00,2026-02-10,,,,False,False,False,0,0,,,7
u_02090,lp_academic_writing,2026-02-20 02:41:21+00:00,2026-02-20,2026-02-20 02:48:21+00:00,,,True,False,False,0,0,0.11666666666666667,,7
u_02091,lp_academic_writing,2026-02-04 23:33:08+00:00,2026-02-04,,,,False,False,False,0,0,,,7
u_02092,lp_academic_writing,2026-02-07 04:03:14+00:00,2026-02-07,2026-02-07 04:11:14+00:00,2026-02-07 05:01:14+00:00,academic_citation_helper,True,True,True,3,1,0.13333333333333333,0.9666666666666667,7
u_02093,lp_academic_writing,2026-02-02 05:20:48+00:00,2026-02-02,2026-02-02 05:26:48+00:00,,,True,False,False,0,0,0.1,,7
u_02094,lp_business_emails,2026-02-22 04:38:08+00:00,2026-02-22,2026-02-22 04:47:08+00:00,,,True,False,False,0,0,0.15,,7
u_02095,lp_business_emails,2026-02-03 23:40:42+00:00,2026-02-03,,,,False,False,False,0,0,,,7
u_02096,lp_academic_writing,2026-02-25 10:26:28+00:00,2026-02-25,2026-02-25 10:30:28+00:00,2026-02-25 11:04:28+00:00,academic_citation_helper,True,True,True,2,1,0.06666666666666667,0.6333333333333333,7
u_02097,lp_business_emails,2026-02-13 01:42:54+00:00,2026-02-13,,,,False,False,False,0,0,,,7
u_02098,lp_academic_writing,2026-02-13 21:11:44+00:00,2026-02-13,,,,False,False,False,0,0,,,7
u_02099,lp_academic_writing,2026-02-06 17:00:46+00:00,2026-02-06,2026-02-06 17:04:46+00:00,,,True,False,False,0,0,0.06666666666666667,,7
u_02100,lp_business_emails,2026-02-01 18:36:23+00:00,2026-02-01,,,,False,False,False,0,0,,,7
u_02101,lp_academic_writing,2026-02-10 20:12:11+00:00,2026-02-10,,,,False,False,False,0,0,,,7
u_02102,lp_academic_writing,2026-02-01 07:18:10+00:00,2026-02-01,,,,False,False,False,0,0,,,7
u_02103,lp_academic_writing,2026-02-08 14:22:05+00:00,2026-02-08,2026-02-08 14:32:05+00:00,,,True,False,False,0,0,0.16666666666666666,,7
u_02104,lp_academic_writing,2026-02-12 14:26:58+00:00,2026-02-12,,,,False,False,False,0,0,,,7
u_02105,lp_academic_writing,2026-02-13 09:46:44+00:00,2026-02-13,2026-02-13 09:49:44+00:00,,,True,False,False,0,0,0.05,,7
u_02106,lp_academic_writing,2026-02-01 05:23:22+00:00,2026-02-01,,,,False,False,False,0,0,,,7
u_02107,lp_academic_writing,2026-02-02 05:59:36+00:00,2026-02-02,,,,False,False,False,0,0,,,7
u_02108,lp_business_emails,2026-02-13 00:23:03+00:00,2026-02-13,,,,False,False,False,0,0,,,7
u_02109,lp_academic_writing,2026-02-06 17:10:31+00:00,2026-02-06,2026-02-06 17:13:31+00:00,2026-02-06 17:46:31+00:00,academic_citation_helper,True,True,True,3,1,0.05,0.6,7
u_02110,lp_academic_writing,2026-02-24 21:52:18+00:00,2026-02-24,,,,False,False,False,0,0,,,7
u_02111,lp_academic_writing,2026-02-06 08:56:40+00:00,2026-02-06,,,,False,False,False,0,0,,,7
u_02112,lp_business_emails,2026-02-25 05:55:40+00:00,2026-02-25,,,,False,False,False,0,0,,,7
u_02113,lp_business_emails,2026-02-03 21:22:04+00:00,2026-02-03,,,,False,False,False,0,0,,,7
u_02114,lp_business_emails,2026-02-05 05:26:07+00:00,2026-02-05,,,,False,False,False,0,0,,,7
u_02115,lp_academic_writing,2026-02-22 14:09:55+00:00,2026-02-22,,,,False,False,False,0,0,,,7
u_02116,lp_academic_writing,2026-02-07 02:37:09+00:00,2026-02-07,2026-02-07 02:41:09+00:00,2026-02-07 03:02:09+00:00,academic_citation_helper,True,True,True,3,1,0.06666666666666667,0.4166666666666667,7
u_02117,lp_business_emails,2026-02-04 16:49:53+00:00,2026-02-04,,,,False,False,False,0,0,,,7
u_02118,lp_business_emails,2026-02-12 12:02:09+00:00,2026-02-12,2026-02-12 12:06:09+00:00,,,True,False,False,0,0,0.06666666666666667,,7
u_02119,lp_academic_writing,2026-02-02 07:17:05+00:00,2026-02-02,,,,False,False,False,0,0,,,7
u_02120,lp_business_emails,2026-02-17 16:42:16+00:00,2026-02-17,,,,False,False,False,0,0,,,7
u_02121,lp_academic_writing,2026-02-27 23:29:17+00:00,2026-02-27,,,,False,False,False,0,0,,,7
u_02122,lp_business_emails,2026-02-27 17:41:38+00:00,2026-02-27,,,,False,False,False,0,0,,,7
u_02123,lp_academic_writing,2026-02-21 16:31:08+00:00,2026-02-21,,,,False,False,False,0,0,,,7
u_02124,lp_business_emails,2026-02-14 02:04:05+00:00,2026-02-14,,,,False,False,False,0,0,,,7
u_02125,lp_academic_writing,2026-02-05 22:42:06+00:00,2026-02-05,2026-02-05 22:48:06+00:00,,,True,False,False,0,0,0.1,,7
u_02126,lp_business_emails,2026-02-17 05:07:46+00:00,2026-02-17,,,,False,False,False,0,0,,,7
u_02127,lp_academic_writing,2026-02-17 03:40:36+00:00,2026-02-17,,,,False,False,False,0,0,,,7
u_02128,lp_academic_writing,2026-02-19 08:16:54+00:00,2026-02-19,,,,False,False,False,0,0,,,7
u_02129,lp_academic_writing,2026-02-01 09:59:02+00:00,2026-02-01,,,,False,False,False,0,0,,,7
u_02130,lp_business_emails,2026-02-23 23:14:42+00:00,2026-02-23,,,,False,False,False,0,0,,,7
u_02131,lp_academic_writing,2026-02-28 00:30:07+00:00,2026-02-28,2026-02-28 00:37:07+00:00,,,True,False,False,0,0,0.11666666666666667,,7
u_02132,lp_academic_writing,2026-02-18 00:09:54+00:00,2026-02-18,2026-02-18 00:16:54+00:00,2026-02-18 00:46:54+00:00,academic_citation_helper,True,True,True,1,0,0.11666666666666667,0.6166666666666667,7
u_02133,lp_business_emails,2026-02-20 23:55:29+00:00,2026-02-20,,,,False,False,False,0,0,,,7
u_02134,lp_academic_writing,2026-02-23 18:25:54+00:00,2026-02-23,,,,False,False,False,0,0,,,7
u_02135,lp_academic_writing,2026-02-21 04:07:36+00:00,2026-02-21,,,,False,False,False,0,0,,,7
u_02136,lp_business_emails,2026-02-25 13:12:10+00:00,2026-02-25,,,,False,False,False,0,0,,,7
u_02137,lp_business_emails,2026-02-01 23:43:05+00:00,2026-02-01,2026-02-01 23:56:05+00:00,,,True,False,False,0,0,0.21666666666666667,,7
u_02138,lp_business_emails,2026-02-22 10:17:47+00:00,2026-02-22,2026-02-22 10:19:47+00:00,2026-02-22 10:59:47+00:00,smart_email_reply,True,True,True,2,1,0.03333333333333333,0.7,7
u_02139,lp_academic_writing,2026-02-24 07:38:55+00:00,2026-02-24,2026-02-24 07:44:55+00:00,2026-02-24 08:29:55+00:00,academic_citation_helper,True,True,True,4,1,0.1,0.85,7
u_02140,lp_business_emails,2026-02-01 09:16:13+00:00,2026-02-01,2026-02-01 09:17:13+00:00,2026-02-01 10:01:13+00:00,smart_email_reply,True,True,True,1,0,0.016666666666666666,0.75,7
u_02141,lp_business_emails,2026-02-03 19:18:22+00:00,2026-02-03,,,,False,False,False,0,0,,,7
u_02142,lp_business_emails,2026-02-16 00:02:03+00:00,2026-02-16,,,,False,False,False,0,0,,,7
u_02143,lp_academic_writing,2026-02-03 01:58:02+00:00,2026-02-03,2026-02-03 02:00:02+00:00,,,True,False,False,0,0,0.03333333333333333,,7
u_02144,lp_academic_writing,2026-02-21 01:14:07+00:00,2026-02-21,,,,False,False,False,0,0,,,7
u_02145,lp_academic_writing,2026-02-05 11:22:51+00:00,2026-02-05,,,,False,False,False,0,0,,,7
u_02146,lp_business_emails,2026-02-17 13:09:49+00:00,2026-02-17,,,,False,False,False,0,0,,,7
u_02147,lp_academic_writing,2026-02-17 21:38:02+00:00,2026-02-17,,,,False,False,False,0,0,,,7
u_02148,lp_business_emails,2026-02-14 20:38:21+00:00,2026-02-14,,,,False,False,False,0,0,,,7
u_02149,lp_business_emails,2026-02-05 02:29:38+00:00,2026-02-05,,,,False,False,False,0,0,,,7
u_02150,lp_academic_writing,2026-02-23 03:42:52+00:00,2026-02-23,2026-02-23 03:43:52+00:00,2026-02-23 04:07:52+00:00,academic_citation_helper,True,True,True,1,0,0.016666666666666666,0.4166666666666667,7
u_02151,lp_academic_writing,2026-02-24 13:50:40+00:00,2026-02-24,,,,False,False,False,0,0,,,7
u_02152,lp_academic_writing,2026-02-19 05:36:03+00:00,2026-02-19,,,,False,False,False,0,0,,,7
u_02153,lp_academic_writing,2026-02-11 17:15:11+00:00,2026-02-11,2026-02-11 17:18:11+00:00,,,True,False,False,0,0,0.05,,7
u_02154,lp_academic_writing,2026-02-16 16:40:41+00:00,2026-02-16,,,,False,False,False,0,0,,,7
u_02155,lp_academic_writing,2026-02-09 14:29:16+00:00,2026-02-09,2026-02-09 14:34:16+00:00,,,True,False,False,0,0,0.08333333333333333,,7
u_02156,lp_academic_writing,2026-02-06 20:42:27+00:00,2026-02-06,2026-02-06 20:52:27+00:00,,,True,False,False,0,0,0.16666666666666666,,7
u_02157,lp_academic_writing,2026-02-17 04:56:19+00:00,2026-02-17,2026-02-17 05:00:19+00:00,2026-02-17 05:25:19+00:00,academic_citation_helper,True,True,True,2,1,0.06666666666666667,0.48333333333333334,7
u_02158,lp_academic_writing,2026-02-18 17:51:12+00:00,2026-02-18,2026-02-18 17:52:12+00:00,2026-02-18 18:15:12+00:00,academic_citation_helper,True,True,True,1,0,0.016666666666666666,0.4,7
u_02159,lp_business_emails,2026-02-11 22:06:40+00:00,2026-02-11,2026-02-11 22:21:40+00:00,2026-02-11 22:50:40+00:00,smart_email_reply,True,True,True,1,0,0.25,0.7333333333333333,7
u_02160,lp_academic_writing,2026-02-06 10:13:05+00:00,2026-02-06,2026-02-06 10:20:05+00:00,2026-02-06 11:14:05+00:00,academic_citation_helper,True,True,True,4,1,0.11666666666666667,1.0166666666666666,7
u_02161,lp_business_emails,2026-02-21 12:20:39+00:00,2026-02-21,,,,False,False,False,0,0,,,7
u_02162,lp_business_emails,2026-02-26 21:30:45+00:00,2026-02-26,,,,False,False,False,0,0,,,7
u_02163,lp_academic_writing,2026-02-15 16:50:43+00:00,2026-02-15,2026-02-15 16:51:43+00:00,2026-02-15 17:45:43+00:00,academic_citation_helper,True,True,True,3,1,0.016666666666666666,0.9166666666666666,7
u_02164,lp_academic_writing,2026-02-08 22:32:17+00:00,2026-02-08,,,,False,False,False,0,0,,,7
u_02165,lp_academic_writing,2026-02-18 23:31:08+00:00,2026-02-18,2026-02-18 23:34:08+00:00,2026-02-18 23:58:08+00:00,academic_citation_helper,True,True,True,2,1,0.05,0.45,7
u_02166,lp_business_emails,2026-02-27 03:34:47+00:00,2026-02-27,,,,False,False,False,0,0,,,7
u_02167,lp_business_emails,2026-02-13 20:33:08+00:00,2026-02-13,,,,False,False,False,0,0,,,7
u_02168,lp_business_emails,2026-02-24 02:39:50+00:00,2026-02-24,,,,False,False,False,0,0,,,7
u_02169,lp_academic_writing,2026-02-07 07:12:53+00:00,2026-02-07,2026-02-07 07:22:53+00:00,2026-02-07 08:16:53+00:00,academic_citation_helper,True,True,True,3,1,0.16666666666666666,1.0666666666666667,7
u_02170,lp_academic_writing,2026-02-13 18:19:46+00:00,2026-02-13,,,,False,False,False,0,0,,,7
u_02171,lp_academic_writing,2026-02-12 22:42:25+00:00,2026-02-12,,,,False,False,False,0,0,,,7
u_02172,lp_business_emails,2026-02-07 08:03:25+00:00,2026-02-07,2026-02-07 08:18:25+00:00,,,True,False,False,0,0,0.25,,7
u_02173,lp_business_emails,2026-02-19 14:57:24+00:00,2026-02-19,2026-02-19 15:07:24+00:00,2026-02-19 15:11:24+00:00,smart_email_reply,True,True,True,1,0,0.16666666666666666,0.23333333333333334,7
u_02174,lp_academic_writing,2026-02-11 18:47:24+00:00,2026-02-11,,,,False,False,False,0,0,,,7
u_02175,lp_business_emails,2026-02-24 16:17:33+00:00,2026-02-24,,,,False,False,False,0,0,,,7
u_02176,lp_business_emails,2026-02-25 19:36:32+00:00,2026-02-25,,,,False,False,False,0,0,,,7
u_02177,lp_business_emails,2026-02-02 09:24:12+00:00,2026-02-02,2026-02-02 09:33:12+00:00,2026-02-02 10:28:12+00:00,smart_email_reply,True,True,True,1,0,0.15,1.0666666666666667,7
u_02178,lp_business_emails,2026-02-23 01:23:36+00:00,2026-02-23,,,,False,False,False,0,0,,,7
u_02179,lp_business_emails,2026-02-22 15:20:19+00:00,2026-02-22,,,,False,False,False,0,0,,,7
u_02180,lp_business_emails,2026-02-09 23:43:36+00:00,2026-02-09,,,,False,False,False,0,0,,,7
u_02181,lp_academic_writing,2026-02-06 10:55:58+00:00,2026-02-06,,,,False,False,False,0,0,,,7
u_02182,lp_business_emails,2026-02-11 23:37:24+00:00,2026-02-11,,,,False,False,False,0,0,,,7
u_02183,lp_business_emails,2026-02-21 06:45:07+00:00,2026-02-21,,,,False,False,False,0,0,,,7
u_02184,lp_business_emails,2026-02-15 09:02:07+00:00,2026-02-15,,,,False,False,False,0,0,,,7
u_02185,lp_academic_writing,2026-02-06 15:27:08+00:00,2026-02-06,2026-02-06 15:34:08+00:00,2026-02-06 15:46:08+00:00,academic_citation_helper,True,True,True,2,1,0.11666666666666667,0.31666666666666665,7
u_02186,lp_business_emails,2026-02-05 14:54:47+00:00,2026-02-05,,,,False,False,False,0,0,,,7
u_02187,lp_academic_writing,2026-02-23 04:48:08+00:00,2026-02-23,,,,False,False,False,0,0,,,7
u_02188,lp_business_emails,2026-02-19 13:19:10+00:00,2026-02-19,,,,False,False,False,0,0,,,7
u_02189,lp_academic_writing,2026-02-16 22:31:30+00:00,2026-02-16,2026-02-16 22:38:30+00:00,,,True,False,False,0,0,0.11666666666666667,,7
u_02190,lp_academic_writing,2026-02-17 23:50:17+00:00,2026-02-17,2026-02-17 23:51:17+00:00,,,True,False,False,0,0,0.016666666666666666,,7
u_02191,lp_academic_writing,2026-02-26 09:36:15+00:00,2026-02-26,2026-02-26 09:41:15+00:00,,,True,False,False,0,0,0.08333333333333333,,7
u_02192,lp_academic_writing,2026-02-11 02:09:38+00:00,2026-02-11,,,,False,False,False,0,0,,,7
u_02193,lp_academic_writing,2026-02-06 12:57:20+00:00,2026-02-06,,,,False,False,False,0,0,,,7
u_02194,lp_academic_writing,2026-02-16 08:44:47+00:00,2026-02-16,2026-02-16 08:54:47+00:00,2026-02-16 09:29:47+00:00,academic_citation_helper,True,True,True,1,0,0.16666666666666666,0.75,7
u_02195,lp_business_emails,2026-02-26 09:42:20+00:00,2026-02-26,2026-02-26 09:50:20+00:00,2026-02-26 10:02:20+00:00,smart_email_reply,True,True,True,2,1,0.13333333333333333,0.3333333333333333,7
u_02196,lp_academic_writing,2026-02-05 15:48:26+00:00,2026-02-05,,,,False,False,False,0,0,,,7
u_02197,lp_business_emails,2026-02-26 06:07:26+00:00,2026-02-26,,,,False,False,False,0,0,,,7
u_02198,lp_academic_writing,2026-02-02 17:51:58+00:00,2026-02-02,,,,False,False,False,0,0,,,7
u_02199,lp_business_emails,2026-02-03 03:56:40+00:00,2026-02-03,,,,False,False,False,0,0,,,7
u_02200,lp_business_emails,2026-02-15 01:52:36+00:00,2026-02-15,2026-02-15 01:53:36+00:00,2026-02-15 02:00:36+00:00,smart_email_reply,True,True,True,1,0,0.016666666666666666,0.13333333333333333,7
u_02201,lp_academic_writing,2026-02-07 16:07:55+00:00,2026-02-07,,,,False,False,False,0,0,,,7
u_02202,lp_business_emails,2026-02-20 11:15:55+00:00,2026-02-20,,,,False,False,False,0,0,,,7
u_02203,lp_business_emails,2026-02-10 01:15:03+00:00,2026-02-10,2026-02-10 01:25:03+00:00,2026-02-10 02:25:03+00:00,smart_email_reply,True,True,True,1,0,0.16666666666666666,1.1666666666666667,7
u_02204,lp_academic_writing,2026-02-02 15:16:26+00:00,2026-02-02,2026-02-02 15:22:26+00:00,,,True,False,False,0,0,0.1,,7
u_02205,lp_business_emails,2026-02-05 02:03:17+00:00,2026-02-05,,,,False,False,False,0,0,,,7
u_02206,lp_business_emails,2026-02-28 10:51:02+00:00,2026-02-28,,,,False,False,False,0,0,,,7
u_02207,lp_academic_writing,2026-02-14 22:04:07+00:00,2026-02-14,2026-02-14 22:07:07+00:00,,,True,False,False,0,0,0.05,,7
u_02208,lp_business_emails,2026-02-19 08:28:40+00:00,2026-02-19,,,,False,False,False,0,0,,,7
u_02209,lp_business_emails,2026-02-06 16:55:32+00:00,2026-02-06,,,,False,False,False,0,0,,,7
u_02210,lp_business_emails,2026-02-05 13:56:44+00:00,2026-02-05,,,,False,False,False,0,0,,,7
u_02211,lp_academic_writing,2026-02-02 22:38:31+00:00,2026-02-02,2026-02-02 22:42:31+00:00,2026-02-02 23:11:31+00:00,academic_citation_helper,True,True,True,3,1,0.06666666666666667,0.55,7
u_02212,lp_business_emails,2026-02-10 13:15:14+00:00,2026-02-10,2026-02-10 13:25:14+00:00,,,True,False,False,0,0,0.16666666666666666,,7
u_02213,lp_business_emails,2026-02-25 16:31:48+00:00,2026-02-25,,,,False,False,False,0,0,,,7
u_02214,lp_academic_writing,2026-02-04 12:02:27+00:00,2026-02-04,2026-02-04 12:07:27+00:00,2026-02-04 12:49:27+00:00,academic_citation_helper,True,True,True,1,0,0.08333333333333333,0.7833333333333333,7
u_02215,lp_business_emails,2026-02-24 02:49:33+00:00,2026-02-24,2026-02-24 02:54:33+00:00,,,True,False,False,0,0,0.08333333333333333,,7
u_02216,lp_business_emails,2026-02-02 06:19:27+00:00,2026-02-02,2026-02-02 06:26:27+00:00,,,True,False,False,0,0,0.11666666666666667,,7
u_02217,lp_academic_writing,2026-02-08 02:32:41+00:00,2026-02-08,2026-02-08 02:35:41+00:00,2026-02-08 03:03:41+00:00,academic_citation_helper,True,True,True,3,1,0.05,0.5166666666666667,7
u_02218,lp_academic_writing,2026-02-09 19:38:44+00:00,2026-02-09,2026-02-09 19:40:44+00:00,2026-02-09 20:24:44+00:00,academic_citation_helper,True,True,True,4,1,0.03333333333333333,0.7666666666666667,7
u_02219,lp_business_emails,2026-02-11 20:57:06+00:00,2026-02-11,2026-02-11 21:03:06+00:00,2026-02-11 21:35:06+00:00,smart_email_reply,True,True,True,1,0,0.1,0.6333333333333333,7
u_02220,lp_academic_writing,2026-02-11 17:28:03+00:00,2026-02-11,2026-02-11 17:36:03+00:00,,,True,False,False,0,0,0.13333333333333333,,7
u_02221,lp_business_emails,2026-02-02 00:16:34+00:00,2026-02-02,2026-02-02 00:24:34+00:00,2026-02-02 01:09:34+00:00,smart_email_reply,True,True,True,2,1,0.13333333333333333,0.8833333333333333,7
u_02222,lp_academic_writing,2026-02-20 23:39:59+00:00,2026-02-20,2026-02-20 23:48:59+00:00,2026-02-21 00:01:59+00:00,academic_citation_helper,True,True,True,3,1,0.15,0.36666666666666664,7
u_02223,lp_business_emails,2026-02-25 07:46:06+00:00,2026-02-25,2026-02-25 07:55:06+00:00,,,True,False,False,0,0,0.15,,7
u_02224,lp_academic_writing,2026-02-28 04:22:18+00:00,2026-02-28,,,,False,False,False,0,0,,,7
u_02225,lp_business_emails,2026-02-12 14:37:36+00:00,2026-02-12,2026-02-12 14:52:36+00:00,2026-02-12 15:26:36+00:00,smart_email_reply,True,True,True,1,0,0.25,0.8166666666666667,7
u_02226,lp_business_emails,2026-02-26 23:47:41+00:00,2026-02-26,2026-02-27 00:02:41+00:00,2026-02-27 00:47:41+00:00,smart_email_reply,True,True,True,1,0,0.25,1.0,7
u_02227,lp_academic_writing,2026-02-16 15:13:37+00:00,2026-02-16,2026-02-16 15:20:37+00:00,2026-02-16 15:27:37+00:00,academic_citation_helper,True,True,True,2,1,0.11666666666666667,0.23333333333333334,7
u_02228,lp_academic_writing,2026-02-23 17:11:37+00:00,2026-02-23,,,,False,False,False,0,0,,,7
u_02229,lp_business_emails,2026-02-23 12:18:34+00:00,2026-02-23,2026-02-23 12:32:34+00:00,,,True,False,False,0,0,0.23333333333333334,,7
u_02230,lp_academic_writing,2026-02-09 20:32:22+00:00,2026-02-09,2026-02-09 20:34:22+00:00,2026-02-09 21:15:22+00:00,academic_citation_helper,True,True,True,2,1,0.03333333333333333,0.7166666666666667,7
u_02231,lp_business_emails,2026-02-13 18:22:23+00:00,2026-02-13,,,,False,False,False,0,0,,,7
u_02232,lp_academic_writing,2026-02-24 11:57:58+00:00,2026-02-24,,,,False,False,False,0,0,,,7
u_02233,lp_business_emails,2026-02-11 06:23:15+00:00,2026-02-11,,,,False,False,False,0,0,,,7
u_02234,lp_business_emails,2026-02-06 04:59:07+00:00,2026-02-06,2026-02-06 05:11:07+00:00,,,True,False,False,0,0,0.2,,7
u_02235,lp_business_emails,2026-02-24 06:59:36+00:00,2026-02-24,,,,False,False,False,0,0,,,7
u_02236,lp_academic_writing,2026-02-14 22:58:22+00:00,2026-02-14,,,,False,False,False,0,0,,,7
u_02237,lp_business_emails,2026-02-25 20:54:59+00:00,2026-02-25,,,,False,False,False,0,0,,,7
u_02238,lp_business_emails,2026-02-26 09:49:43+00:00,2026-02-26,,,,False,False,False,0,0,,,7
u_02239,lp_academic_writing,2026-02-06 20:18:01+00:00,2026-02-06,2026-02-06 20:21:01+00:00,,,True,False,False,0,0,0.05,,7
u_02240,lp_academic_writing,2026-02-02 18:33:30+00:00,2026-02-02,,,,False,False,False,0,0,,,7
u_02241,lp_academic_writing,2026-02-18 19:58:09+00:00,2026-02-18,2026-02-18 20:08:09+00:00,,,True,False,False,0,0,0.16666666666666666,,7
u_02242,lp_academic_writing,2026-02-08 20:18:31+00:00,2026-02-08,,,,False,False,False,0,0,,,7
u_02243,lp_business_emails,2026-02-26 13:16:56+00:00,2026-02-26,,,,False,False,False,0,0,,,7
u_02244,lp_academic_writing,2026-02-09 02:07:06+00:00,2026-02-09,,,,False,False,False,0,0,,,7
u_02245,lp_business_emails,2026-02-18 09:19:16+00:00,2026-02-18,,,,False,False,False,0,0,,,7
u_02246,lp_academic_writing,2026-02-06 14:29:00+00:00,2026-02-06,,,,False,False,False,0,0,,,7
u_02247,lp_business_emails,2026-02-11 23:23:51+00:00,2026-02-11,,,,False,False,False,0,0,,,7
u_02248,lp_academic_writing,2026-02-23 06:56:29+00:00,2026-02-23,2026-02-23 07:02:29+00:00,,,True,False,False,0,0,0.1,,7
u_02249,lp_academic_writing,2026-02-03 19:06:43+00:00,2026-02-03,,,,False,False,False,0,0,,,7
u_02250,lp_academic_writing,2026-02-17 07:19:47+00:00,2026-02-17,,,,False,False,False,0,0,,,7
u_02251,lp_academic_writing,2026-02-11 08:13:37+00:00,2026-02-11,,,,False,False,False,0,0,,,7
u_02252,lp_business_emails,2026-02-21 02:37:32+00:00,2026-02-21,,,,False,False,False,0,0,,,7
u_02253,lp_business_emails,2026-02-28 05:25:18+00:00,2026-02-28,2026-02-28 05:39:18+00:00,2026-02-28 06:11:18+00:00,smart_email_reply,True,True,True,1,0,0.23333333333333334,0.7666666666666667,7
u_02254,lp_academic_writing,2026-02-20 09:21:58+00:00,2026-02-20,2026-02-20 09:23:58+00:00,2026-02-20 09:39:58+00:00,academic_citation_helper,True,True,True,2,1,0.03333333333333333,0.3,7
u_02255,lp_business_emails,2026-02-26 07:53:20+00:00,2026-02-26,,,,False,False,False,0,0,,,7
u_02256,lp_academic_writing,2026-02-21 13:12:17+00:00,2026-02-21,2026-02-21 13:14:17+00:00,2026-02-21 14:08:17+00:00,academic_citation_helper,True,True,True,1,0,0.03333333333333333,0.9333333333333333,7
u_02257,lp_academic_writing,2026-02-10 11:06:00+00:00,2026-02-10,2026-02-10 11:09:00+00:00,2026-02-10 11:14:00+00:00,academic_citation_helper,True,True,True,3,1,0.05,0.13333333333333333,7
u_02258,lp_academic_writing,2026-02-17 04:27:58+00:00,2026-02-17,,,,False,False,False,0,0,,,7
u_02259,lp_academic_writing,2026-02-16 12:30:38+00:00,2026-02-16,,,,False,False,False,0,0,,,7
u_02260,lp_business_emails,2026-02-10 08:26:07+00:00,2026-02-10,,,,False,False,False,0,0,,,7
u_02261,lp_business_emails,2026-02-15 05:45:07+00:00,2026-02-15,,,,False,False,False,0,0,,,7
u_02262,lp_business_emails,2026-02-03 13:43:56+00:00,2026-02-03,,,,False,False,False,0,0,,,7
u_02263,lp_business_emails,2026-02-02 11:41:50+00:00,2026-02-02,,,,False,False,False,0,0,,,7
u_02264,lp_business_emails,2026-02-25 21:47:29+00:00,2026-02-25,,,,False,False,False,0,0,,,7
u_02265,lp_business_emails,2026-02-09 19:37:24+00:00,2026-02-09,2026-02-09 19:38:24+00:00,,,True,False,False,0,0,0.016666666666666666,,7
u_02266,lp_academic_writing,2026-02-02 11:50:27+00:00,2026-02-02,,,,False,False,False,0,0,,,7
u_02267,lp_business_emails,2026-02-28 13:22:08+00:00,2026-02-28,,,,False,False,False,0,0,,,7
u_02268,lp_business_emails,2026-02-17 18:39:59+00:00,2026-02-17,,,,False,False,False,0,0,,,7
u_02269,lp_business_emails,2026-02-07 01:24:38+00:00,2026-02-07,,,,False,False,False,0,0,,,7
u_02270,lp_business_emails,2026-02-22 10:34:29+00:00,2026-02-22,,,,False,False,False,0,0,,,7
u_02271,lp_business_emails,2026-02-08 17:15:56+00:00,2026-02-08,2026-02-08 17:24:56+00:00,2026-02-08 18:10:56+00:00,smart_email_reply,True,True,True,1,0,0.15,0.9166666666666666,7
u_02272,lp_business_emails,2026-02-07 01:18:36+00:00,2026-02-07,2026-02-07 01:25:36+00:00,2026-02-07 02:02:36+00:00,smart_email_reply,True,True,True,2,1,0.11666666666666667,0.7333333333333333,7
u_02273,lp_academic_writing,2026-02-12 22:49:15+00:00,2026-02-12,,,,False,False,False,0,0,,,7
u_02274,lp_academic_writing,2026-02-09 02:01:04+00:00,2026-02-09,2026-02-09 02:09:04+00:00,,,True,False,False,0,0,0.13333333333333333,,7
u_02275,lp_business_emails,2026-02-13 17:46:21+00:00,2026-02-13,2026-02-13 17:57:21+00:00,2026-02-13 18:43:21+00:00,smart_email_reply,True,True,True,1,0,0.18333333333333332,0.95,7
u_02276,lp_academic_writing,2026-02-07 15:47:12+00:00,2026-02-07,2026-02-07 15:51:12+00:00,,,True,False,False,0,0,0.06666666666666667,,7
u_02277,lp_business_emails,2026-02-23 17:35:14+00:00,2026-02-23,2026-02-23 17:42:14+00:00,2026-02-23 18:34:14+00:00,smart_email_reply,True,True,True,1,0,0.11666666666666667,0.9833333333333333,7
u_02278,lp_academic_writing,2026-02-06 02:31:21+00:00,2026-02-06,,,,False,False,False,0,0,,,7
u_02279,lp_academic_writing,2026-02-11 22:27:56+00:00,2026-02-11,,,,False,False,False,0,0,,,7
u_02280,lp_academic_writing,2026-02-10 18:19:31+00:00,2026-02-10,,,,False,False,False,0,0,,,7
u_02281,lp_academic_writing,2026-02-04 05:29:20+00:00,2026-02-04,,,,False,False,False,0,0,,,7
u_02282,lp_business_emails,2026-02-02 18:02:41+00:00,2026-02-02,,,,False,False,False,0,0,,,7
u_02283,lp_business_emails,2026-02-12 02:17:26+00:00,2026-02-12,,,,False,False,False,0,0,,,7
u_02284,lp_business_emails,2026-02-15 08:37:51+00:00,2026-02-15,2026-02-15 08:50:51+00:00,,,True,False,False,0,0,0.21666666666666667,,7
u_02285,lp_academic_writing,2026-02-26 15:34:19+00:00,2026-02-26,2026-02-26 15:35:19+00:00,2026-02-26 15:54:19+00:00,academic_citation_helper,True,True,True,4,1,0.016666666666666666,0.3333333333333333,7
u_02286,lp_business_emails,2026-02-06 00:06:09+00:00,2026-02-06,,,,False,False,False,0,0,,,7
u_02287,lp_business_emails,2026-02-24 04:30:39+00:00,2026-02-24,,,,False,False,False,0,0,,,7
u_02288,lp_academic_writing,2026-02-21 18:51:11+00:00,2026-02-21,,,,False,False,False,0,0,,,7
u_02289,lp_academic_writing,2026-02-13 12:13:25+00:00,2026-02-13,2026-02-13 12:20:25+00:00,2026-02-13 12:31:25+00:00,academic_citation_helper,True,True,True,3,1,0.11666666666666667,0.3,7
u_02290,lp_business_emails,2026-02-04 07:19:57+00:00,2026-02-04,,,,False,False,False,0,0,,,7
u_02291,lp_academic_writing,2026-02-07 07:49:29+00:00,2026-02-07,,,,False,False,False,0,0,,,7
u_02292,lp_academic_writing,2026-02-27 21:28:43+00:00,2026-02-27,2026-02-27 21:35:43+00:00,,,True,False,False,0,0,0.11666666666666667,,7
u_02293,lp_academic_writing,2026-02-08 17:41:50+00:00,2026-02-08,2026-02-08 17:51:50+00:00,2026-02-08 18:01:50+00:00,academic_citation_helper,True,True,True,1,0,0.16666666666666666,0.3333333333333333,7
u_02294,lp_business_emails,2026-02-08 13:28:57+00:00,2026-02-08,,,,False,False,False,0,0,,,7
u_02295,lp_academic_writing,2026-02-02 10:44:36+00:00,2026-02-02,,,,False,False,False,0,0,,,7
u_02296,lp_academic_writing,2026-02-07 03:04:00+00:00,2026-02-07,2026-02-07 03:06:00+00:00,2026-02-07 03:26:00+00:00,academic_citation_helper,True,True,True,4,1,0.03333333333333333,0.36666666666666664,7
u_02297,lp_academic_writing,2026-02-24 21:09:01+00:00,2026-02-24,,,,False,False,False,0,0,,,7
u_02298,lp_business_emails,2026-02-08 05:20:41+00:00,2026-02-08,2026-02-08 05:24:41+00:00,,,True,False,False,0,0,0.06666666666666667,,7
u_02299,lp_business_emails,2026-02-01 18:21:59+00:00,2026-02-01,,,,False,False,False,0,0,,,7
u_02300,lp_business_emails,2026-02-11 01:28:18+00:00,2026-02-11,2026-02-11 01:42:18+00:00,2026-02-11 02:33:18+00:00,smart_email_reply,True,True,True,1,0,0.23333333333333334,1.0833333333333333,7
u_02301,lp_academic_writing,2026-02-21 04:54:32+00:00,2026-02-21,2026-02-21 04:57:32+00:00,2026-02-21 05:25:32+00:00,academic_citation_helper,True,True,True,4,1,0.05,0.5166666666666667,7
u_02302,lp_business_emails,2026-02-20 16:51:12+00:00,2026-02-20,,,,False,False,False,0,0,,,7
u_02303,lp_academic_writing,2026-02-14 16:26:23+00:00,2026-02-14,,,,False,False,False,0,0,,,7
u_02304,lp_business_emails,2026-02-04 20:12:22+00:00,2026-02-04,,,,False,False,False,0,0,,,7
u_02305,lp_academic_writing,2026-02-16 03:41:42+00:00,2026-02-16,,,,False,False,False,0,0,,,7
u_02306,lp_business_emails,2026-02-04 14:48:31+00:00,2026-02-04,,,,False,False,False,0,0,,,7
u_02307,lp_business_emails,2026-02-12 11:18:27+00:00,2026-02-12,,,,False,False,False,0,0,,,7
u_02308,lp_academic_writing,2026-02-13 12:25:06+00:00,2026-02-13,2026-02-13 12:30:06+00:00,2026-02-13 12:45:06+00:00,academic_citation_helper,True,True,True,1,0,0.08333333333333333,0.3333333333333333,7
u_02309,lp_academic_writing,2026-02-05 16:54:38+00:00,2026-02-05,,,,False,False,False,0,0,,,7
u_02310,lp_business_emails,2026-02-15 20:51:13+00:00,2026-02-15,2026-02-15 20:56:13+00:00,2026-02-15 21:00:13+00:00,smart_email_reply,True,True,True,1,0,0.08333333333333333,0.15,7
u_02311,lp_business_emails,2026-02-03 03:43:35+00:00,2026-02-03,,,,False,False,False,0,0,,,7
u_02312,lp_business_emails,2026-02-28 10:01:02+00:00,2026-02-28,,,,False,False,False,0,0,,,7
u_02313,lp_academic_writing,2026-02-25 16:29:53+00:00,2026-02-25,2026-02-25 16:30:53+00:00,2026-02-25 17:16:53+00:00,academic_citation_helper,True,True,True,3,1,0.016666666666666666,0.7833333333333333,7
u_02314,lp_business_emails,2026-02-08 07:44:45+00:00,2026-02-08,,,,False,False,False,0,0,,,7
u_02315,lp_academic_writing,2026-02-22 15:10:38+00:00,2026-02-22,,,,False,False,False,0,0,,,7
u_02316,lp_business_emails,2026-02-13 13:27:06+00:00,2026-02-13,2026-02-13 13:33:06+00:00,,,True,False,False,0,0,0.1,,7
u_02317,lp_academic_writing,2026-02-11 11:00:52+00:00,2026-02-11,2026-02-11 11:09:52+00:00,,,True,False,False,0,0,0.15,,7
u_02318,lp_academic_writing,2026-02-07 18:40:40+00:00,2026-02-07,2026-02-07 18:42:40+00:00,2026-02-07 18:49:40+00:00,academic_citation_helper,True,True,True,3,1,0.03333333333333333,0.15,7
u_02319,lp_business_emails,2026-02-15 21:12:54+00:00,2026-02-15,,,,False,False,False,0,0,,,7
u_02320,lp_academic_writing,2026-02-06 08:01:34+00:00,2026-02-06,,,,False,False,False,0,0,,,7
u_02321,lp_academic_writing,2026-02-08 02:49:38+00:00,2026-02-08,,,,False,False,False,0,0,,,7
u_02322,lp_academic_writing,2026-02-12 16:48:02+00:00,2026-02-12,,,,False,False,False,0,0,,,7
u_02323,lp_academic_writing,2026-02-15 19:31:44+00:00,2026-02-15,2026-02-15 19:39:44+00:00,,,True,False,False,0,0,0.13333333333333333,,7
u_02324,lp_business_emails,2026-02-27 17:03:04+00:00,2026-02-27,,,,False,False,False,0,0,,,7
u_02325,lp_business_emails,2026-02-13 22:58:45+00:00,2026-02-13,,,,False,False,False,0,0,,,7
u_02326,lp_business_emails,2026-02-12 09:12:52+00:00,2026-02-12,2026-02-12 09:23:52+00:00,2026-02-12 09:42:52+00:00,smart_email_reply,True,True,True,1,0,0.18333333333333332,0.5,7
u_02327,lp_academic_writing,2026-02-23 21:23:45+00:00,2026-02-23,,,,False,False,False,0,0,,,7
u_02328,lp_academic_writing,2026-02-09 22:39:34+00:00,2026-02-09,,,,False,False,False,0,0,,,7
u_02329,lp_business_emails,2026-02-08 08:51:47+00:00,2026-02-08,2026-02-08 09:06:47+00:00,,,True,False,False,0,0,0.25,,7
u_02330,lp_academic_writing,2026-02-05 16:55:33+00:00,2026-02-05,,,,False,False,False,0,0,,,7
u_02331,lp_academic_writing,2026-02-26 07:31:24+00:00,2026-02-26,2026-02-26 07:39:24+00:00,,,True,False,False,0,0,0.13333333333333333,,7
u_02332,lp_business_emails,2026-02-07 21:16:53+00:00,2026-02-07,2026-02-07 21:24:53+00:00,,,True,False,False,0,0,0.13333333333333333,,7
u_02333,lp_academic_writing,2026-02-25 16:16:10+00:00,2026-02-25,,,,False,False,False,0,0,,,7
u_02334,lp_business_emails,2026-02-18 23:18:06+00:00,2026-02-18,,,,False,False,False,0,0,,,7
u_02335,lp_business_emails,2026-02-20 16:35:49+00:00,2026-02-20,2026-02-20 16:38:49+00:00,2026-02-20 17:16:49+00:00,smart_email_reply,True,True,True,1,0,0.05,0.6833333333333333,7
u_02336,lp_academic_writing,2026-02-19 04:40:32+00:00,2026-02-19,2026-02-19 04:47:32+00:00,2026-02-19 05:31:32+00:00,academic_citation_helper,True,True,True,3,1,0.11666666666666667,0.85,7
u_02337,lp_academic_writing,2026-02-23 17:49:10+00:00,2026-02-23,,,,False,False,False,0,0,,,7
u_02338,lp_academic_writing,2026-02-13 12:37:12+00:00,2026-02-13,,,,False,False,False,0,0,,,7
u_02339,lp_business_emails,2026-02-12 14:59:50+00:00,2026-02-12,,,,False,False,False,0,0,,,7
u_02340,lp_business_emails,2026-02-10 00:04:16+00:00,2026-02-10,,,,False,False,False,0,0,,,7
u_02341,lp_business_emails,2026-02-16 17:00:21+00:00,2026-02-16,2026-02-16 17:06:21+00:00,,,True,False,False,0,0,0.1,,7
u_02342,lp_business_emails,2026-02-19 09:23:29+00:00,2026-02-19,2026-02-19 09:34:29+00:00,2026-02-19 10:33:29+00:00,smart_email_reply,True,True,True,1,0,0.18333333333333332,1.1666666666666667,7
u_02343,lp_academic_writing,2026-02-12 02:48:06+00:00,2026-02-12,,,,False,False,False,0,0,,,7
u_02344,lp_academic_writing,2026-02-22 00:29:33+00:00,2026-02-22,2026-02-22 00:33:33+00:00,2026-02-22 00:38:33+00:00,academic_citation_helper,True,True,True,2,1,0.06666666666666667,0.15,7
u_02345,lp_business_emails,2026-02-02 04:34:22+00:00,2026-02-02,,,,False,False,False,0,0,,,7
u_02346,lp_business_emails,2026-02-11 14:44:16+00:00,2026-02-11,,,,False,False,False,0,0,,,7
u_02347,lp_business_emails,2026-02-10 13:36:25+00:00,2026-02-10,,,,False,False,False,0,0,,,7
u_02348,lp_academic_writing,2026-02-09 09:54:14+00:00,2026-02-09,2026-02-09 09:59:14+00:00,,,True,False,False,0,0,0.08333333333333333,,7
u_02349,lp_business_emails,2026-02-01 19:03:35+00:00,2026-02-01,2026-02-01 19:09:35+00:00,2026-02-01 19:12:35+00:00,smart_email_reply,True,True,True,1,0,0.1,0.15,7
u_02350,lp_academic_writing,2026-02-19 00:23:52+00:00,2026-02-19,2026-02-19 00:28:52+00:00,,,True,False,False,0,0,0.08333333333333333,,7
u_02351,lp_academic_writing,2026-02-05 08:17:30+00:00,2026-02-05,2026-02-05 08:19:30+00:00,2026-02-05 08:59:30+00:00,academic_citation_helper,True,True,True,4,1,0.03333333333333333,0.7,7
u_02352,lp_business_emails,2026-02-02 19:06:37+00:00,2026-02-02,,,,False,False,False,0,0,,,7
u_02353,lp_academic_writing,2026-02-14 11:33:34+00:00,2026-02-14,2026-02-14 11:38:34+00:00,2026-02-14 11:48:34+00:00,academic_citation_helper,True,True,True,3,1,0.08333333333333333,0.25,7
u_02354,lp_business_emails,2026-02-15 09:10:37+00:00,2026-02-15,2026-02-15 09:11:37+00:00,2026-02-15 10:09:37+00:00,smart_email_reply,True,True,True,1,0,0.016666666666666666,0.9833333333333333,7
u_02355,lp_academic_writing,2026-02-07 06:44:09+00:00,2026-02-07,,,,False,False,False,0,0,,,7
u_02356,lp_business_emails,2026-02-02 14:39:28+00:00,2026-02-02,,,,False,False,False,0,0,,,7
u_02357,lp_business_emails,2026-02-25 12:13:11+00:00,2026-02-25,2026-02-25 12:20:11+00:00,,,True,False,False,0,0,0.11666666666666667,,7
u_02358,lp_business_emails,2026-02-12 20:15:57+00:00,2026-02-12,,,,False,False,False,0,0,,,7
u_02359,lp_business_emails,2026-02-22 23:19:26+00:00,2026-02-22,2026-02-22 23:20:26+00:00,2026-02-22 23:49:26+00:00,smart_email_reply,True,True,True,1,0,0.016666666666666666,0.5,7
u_02360,lp_academic_writing,2026-02-10 08:35:54+00:00,2026-02-10,,,,False,False,False,0,0,,,7
u_02361,lp_business_emails,2026-02-05 06:55:05+00:00,2026-02-05,2026-02-05 07:05:05+00:00,,,True,False,False,0,0,0.16666666666666666,,7
u_02362,lp_business_emails,2026-02-15 12:30:12+00:00,2026-02-15,,,,False,False,False,0,0,,,7
u_02363,lp_academic_writing,2026-02-09 00:06:24+00:00,2026-02-09,,,,False,False,False,0,0,,,7
u_02364,lp_business_emails,2026-02-27 07:20:53+00:00,2026-02-27,2026-02-27 07:35:53+00:00,,,True,False,False,0,0,0.25,,7
u_02365,lp_business_emails,2026-02-02 13:16:25+00:00,2026-02-02,2026-02-02 13:27:25+00:00,,,True,False,False,0,0,0.18333333333333332,,7
u_02366,lp_academic_writing,2026-02-02 10:41:01+00:00,2026-02-02,2026-02-02 10:43:01+00:00,,,True,False,False,0,0,0.03333333333333333,,7
u_02367,lp_academic_writing,2026-02-03 01:01:54+00:00,2026-02-03,,,,False,False,False,0,0,,,7
u_02368,lp_academic_writing,2026-02-28 22:30:23+00:00,2026-02-28,,,,False,False,False,0,0,,,7
u_02369,lp_academic_writing,2026-02-08 17:22:40+00:00,2026-02-08,,,,False,False,False,0,0,,,7
u_02370,lp_academic_writing,2026-02-05 01:23:00+00:00,2026-02-05,,,,False,False,False,0,0,,,7
u_02371,lp_business_emails,2026-02-17 05:40:31+00:00,2026-02-17,,,,False,False,False,0,0,,,7
u_02372,lp_business_emails,2026-02-16 20:14:41+00:00,2026-02-16,2026-02-16 20:22:41+00:00,,,True,False,False,0,0,0.13333333333333333,,7
u_02373,lp_business_emails,2026-02-20 12:05:48+00:00,2026-02-20,,,,False,False,False,0,0,,,7
u_02374,lp_academic_writing,2026-02-10 17:31:02+00:00,2026-02-10,,,,False,False,False,0,0,,,7
u_02375,lp_academic_writing,2026-02-16 00:20:26+00:00,2026-02-16,2026-02-16 00:28:26+00:00,2026-02-16 00:33:26+00:00,academic_citation_helper,True,True,True,4,1,0.13333333333333333,0.21666666666666667,7
u_02376,lp_business_emails,2026-02-13 03:29:34+00:00,2026-02-13,,,,False,False,False,0,0,,,7
u_02377,lp_business_emails,2026-02-21 03:36:06+00:00,2026-02-21,2026-02-21 03:49:06+00:00,2026-02-21 04:29:06+00:00,smart_email_reply,True,True,True,1,0,0.21666666666666667,0.8833333333333333,7
u_02378,lp_academic_writing,2026-02-24 02:35:38+00:00,2026-02-24,2026-02-24 02:42:38+00:00,2026-02-24 03:02:38+00:00,academic_citation_helper,True,True,True,1,0,0.11666666666666667,0.45,7
u_02379,lp_business_emails,2026-02-12 08:16:11+00:00,2026-02-12,,,,False,False,False,0,0,,,7
u_02380,lp_business_emails,2026-02-12 08:27:21+00:00,2026-02-12,,,,False,False,False,0,0,,,7
u_02381,lp_academic_writing,2026-02-16 16:49:58+00:00,2026-02-16,,,,False,False,False,0,0,,,7
u_02382,lp_academic_writing,2026-02-02 22:19:29+00:00,2026-02-02,,,,False,False,False,0,0,,,7
u_02383,lp_business_emails,2026-02-25 14:02:18+00:00,2026-02-25,2026-02-25 14:09:18+00:00,,,True,False,False,0,0,0.11666666666666667,,7
u_02384,lp_academic_writing,2026-02-21 14:47:12+00:00,2026-02-21,2026-02-21 14:51:12+00:00,2026-02-21 15:33:12+00:00,academic_citation_helper,True,True,True,3,1,0.06666666666666667,0.7666666666666667,7
u_02385,lp_academic_writing,2026-02-25 10:51:47+00:00,2026-02-25,2026-02-25 10:58:47+00:00,2026-02-25 11:03:47+00:00,academic_citation_helper,True,True,True,4,1,0.11666666666666667,0.2,7
u_02386,lp_business_emails,2026-02-22 17:15:46+00:00,2026-02-22,2026-02-22 17:16:46+00:00,,,True,False,False,0,0,0.016666666666666666,,7
u_02387,lp_academic_writing,2026-02-19 04:12:11+00:00,2026-02-19,,,,False,False,False,0,0,,,7
u_02388,lp_business_emails,2026-02-05 17:36:13+00:00,2026-02-05,,,,False,False,False,0,0,,,7
u_02389,lp_business_emails,2026-02-04 05:01:31+00:00,2026-02-04,2026-02-04 05:08:31+00:00,,,True,False,False,0,0,0.11666666666666667,,7
u_02390,lp_business_emails,2026-02-03 15:16:34+00:00,2026-02-03,2026-02-03 15:20:34+00:00,,,True,False,False,0,0,0.06666666666666667,,7
u_02391,lp_business_emails,2026-02-27 08:44:05+00:00,2026-02-27,,,,False,False,False,0,0,,,7
u_02392,lp_academic_writing,2026-02-04 01:56:27+00:00,2026-02-04,,,,False,False,False,0,0,,,7
u_02393,lp_business_emails,2026-02-10 21:32:01+00:00,2026-02-10,,,,False,False,False,0,0,,,7
u_02394,lp_academic_writing,2026-02-04 12:28:33+00:00,2026-02-04,,,,False,False,False,0,0,,,7
u_02395,lp_business_emails,2026-02-12 01:00:10+00:00,2026-02-12,,,,False,False,False,0,0,,,7
u_02396,lp_academic_writing,2026-02-20 07:38:14+00:00,2026-02-20,2026-02-20 07:39:14+00:00,2026-02-20 08:28:14+00:00,academic_citation_helper,True,True,True,1,0,0.016666666666666666,0.8333333333333334,7
u_02397,lp_academic_writing,2026-02-02 14:57:39+00:00,2026-02-02,,,,False,False,False,0,0,,,7
u_02398,lp_academic_writing,2026-02-27 21:10:46+00:00,2026-02-27,2026-02-27 21:17:46+00:00,2026-02-27 21:42:46+00:00,academic_citation_helper,True,True,True,4,1,0.11666666666666667,0.5333333333333333,7
u_02399,lp_academic_writing,2026-02-23 02:35:45+00:00,2026-02-23,,,,False,False,False,0,0,,,7
u_02400,lp_academic_writing,2026-02-04 09:15:47+00:00,2026-02-04,,,,False,False,False,0,0,,,7
u_02401,lp_academic_writing,2026-02-09 18:26:18+00:00,2026-02-09,,,,False,False,False,0,0,,,7
u_02402,lp_academic_writing,2026-02-25 16:32:54+00:00,2026-02-25,2026-02-25 16:37:54+00:00,,,True,False,False,0,0,0.08333333333333333,,7
u_02403,lp_academic_writing,2026-02-11 04:51:41+00:00,2026-02-11,,,,False,False,False,0,0,,,7
u_02404,lp_business_emails,2026-02-12 21:31:01+00:00,2026-02-12,2026-02-12 21:39:01+00:00,,,True,False,False,0,0,0.13333333333333333,,7
u_02405,lp_business_emails,2026-02-21 04:38:21+00:00,2026-02-21,,,,False,False,False,0,0,,,7
u_02406,lp_academic_writing,2026-02-13 06:31:20+00:00,2026-02-13,,,,False,False,False,0,0,,,7
u_02407,lp_academic_writing,2026-02-22 18:42:08+00:00,2026-02-22,,,,False,False,False,0,0,,,7
u_02408,lp_academic_writing,2026-02-02 14:03:19+00:00,2026-02-02,,,,False,False,False,0,0,,,7
u_02409,lp_academic_writing,2026-02-19 00:25:49+00:00,2026-02-19,2026-02-19 00:31:49+00:00,2026-02-19 00:42:49+00:00,academic_citation_helper,True,True,True,2,1,0.1,0.2833333333333333,7
u_02410,lp_business_emails,2026-02-08 10:46:34+00:00,2026-02-08,,,,False,False,False,0,0,,,7
u_02411,lp_business_emails,2026-02-26 02:38:50+00:00,2026-02-26,,,,False,False,False,0,0,,,7
u_02412,lp_academic_writing,2026-02-10 13:49:20+00:00,2026-02-10,,,,False,False,False,0,0,,,7
u_02413,lp_academic_writing,2026-02-01 14:53:39+00:00,2026-02-01,2026-02-01 14:56:39+00:00,2026-02-01 15:31:39+00:00,academic_citation_helper,True,True,True,4,1,0.05,0.6333333333333333,7
u_02414,lp_business_emails,2026-02-25 23:24:58+00:00,2026-02-25,,,,False,False,False,0,0,,,7
u_02415,lp_academic_writing,2026-02-22 17:44:07+00:00,2026-02-22,,,,False,False,False,0,0,,,7
u_02416,lp_business_emails,2026-02-23 03:59:18+00:00,2026-02-23,2026-02-23 04:03:18+00:00,,,True,False,False,0,0,0.06666666666666667,,7
u_02417,lp_academic_writing,2026-02-10 14:11:43+00:00,2026-02-10,2026-02-10 14:14:43+00:00,,,True,False,False,0,0,0.05,,7
u_02418,lp_academic_writing,2026-02-01 20:21:24+00:00,2026-02-01,2026-02-01 20:27:24+00:00,,,True,False,False,0,0,0.1,,7
u_02419,lp_business_emails,2026-02-22 00:01:34+00:00,2026-02-22,,,,False,False,False,0,0,,,7
u_02420,lp_business_emails,2026-02-08 18:22:47+00:00,2026-02-08,,,,False,False,False,0,0,,,7
u_02421,lp_business_emails,2026-02-20 13:52:25+00:00,2026-02-20,,,,False,False,False,0,0,,,7
u_02422,lp_academic_writing,2026-02-02 11:08:29+00:00,2026-02-02,,,,False,False,False,0,0,,,7
u_02423,lp_academic_writing,2026-02-19 02:58:44+00:00,2026-02-19,2026-02-19 03:03:44+00:00,2026-02-19 03:18:44+00:00,academic_citation_helper,True,True,True,2,1,0.08333333333333333,0.3333333333333333,7
u_02424,lp_academic_writing,2026-02-24 20:00:23+00:00,2026-02-24,,,,False,False,False,0,0,,,7
u_02425,lp_business_emails,2026-02-25 00:49:42+00:00,2026-02-25,,,,False,False,False,0,0,,,7
u_02426,lp_business_emails,2026-02-10 20:14:28+00:00,2026-02-10,2026-02-10 20:28:28+00:00,2026-02-10 21:01:28+00:00,smart_email_reply,True,True,True,1,0,0.23333333333333334,0.7833333333333333,7
u_02427,lp_academic_writing,2026-02-14 12:49:02+00:00,2026-02-14,,,,False,False,False,0,0,,,7
u_02428,lp_academic_writing,2026-02-22 16:29:43+00:00,2026-02-22,,,,False,False,False,0,0,,,7
u_02429,lp_business_emails,2026-02-04 07:02:53+00:00,2026-02-04,,,,False,False,False,0,0,,,7
u_02430,lp_business_emails,2026-02-17 11:43:44+00:00,2026-02-17,2026-02-17 11:47:44+00:00,2026-02-17 12:01:44+00:00,smart_email_reply,True,True,True,1,0,0.06666666666666667,0.3,7
u_02431,lp_business_emails,2026-02-11 17:22:04+00:00,2026-02-11,,,,False,False,False,0,0,,,7
u_02432,lp_academic_writing,2026-02-23 08:25:06+00:00,2026-02-23,,,,False,False,False,0,0,,,7
u_02433,lp_academic_writing,2026-02-04 17:47:52+00:00,2026-02-04,2026-02-04 17:49:52+00:00,2026-02-04 18:24:52+00:00,academic_citation_helper,True,True,True,1,0,0.03333333333333333,0.6166666666666667,7
u_02434,lp_academic_writing,2026-02-05 12:32:27+00:00,2026-02-05,,,,False,False,False,0,0,,,7
u_02435,lp_academic_writing,2026-02-15 21:31:07+00:00,2026-02-15,2026-02-15 21:35:07+00:00,2026-02-15 22:30:07+00:00,academic_citation_helper,True,True,True,3,1,0.06666666666666667,0.9833333333333333,7
u_02436,lp_business_emails,2026-02-16 12:50:38+00:00,2026-02-16,,,,False,False,False,0,0,,,7
u_02437,lp_business_emails,2026-02-11 08:58:11+00:00,2026-02-11,2026-02-11 09:02:11+00:00,,,True,False,False,0,0,0.06666666666666667,,7
u_02438,lp_business_emails,2026-02-09 05:56:27+00:00,2026-02-09,,,,False,False,False,0,0,,,7
u_02439,lp_business_emails,2026-02-17 08:18:47+00:00,2026-02-17,,,,False,False,False,0,0,,,7
u_02440,lp_academic_writing,2026-02-14 20:28:47+00:00,2026-02-14,,,,False,False,False,0,0,,,7
u_02441,lp_business_emails,2026-02-25 02:02:16+00:00,2026-02-25,2026-02-25 02:05:16+00:00,2026-02-25 02:43:16+00:00,smart_email_reply,True,True,True,1,0,0.05,0.6833333333333333,7
u_02442,lp_business_emails,2026-02-23 18:06:54+00:00,2026-02-23,,,,False,False,False,0,0,,,7
u_02443,lp_business_emails,2026-02-14 16:03:25+00:00,2026-02-14,,,,False,False,False,0,0,,,7
u_02444,lp_business_emails,2026-02-02 12:15:53+00:00,2026-02-02,,,,False,False,False,0,0,,,7
u_02445,lp_academic_writing,2026-02-15 12:45:55+00:00,2026-02-15,,,,False,False,False,0,0,,,7
u_02446,lp_business_emails,2026-02-14 05:10:25+00:00,2026-02-14,,,,False,False,False,0,0,,,7
u_02447,lp_business_emails,2026-02-12 20:09:37+00:00,2026-02-12,,,,False,False,False,0,0,,,7
u_02448,lp_academic_writing,2026-02-28 09:23:51+00:00,2026-02-28,,,,False,False,False,0,0,,,7
u_02449,lp_academic_writing,2026-02-05 21:35:07+00:00,2026-02-05,2026-02-05 21:42:07+00:00,,,True,False,False,0,0,0.11666666666666667,,7
u_02450,lp_academic_writing,2026-02-20 20:07:45+00:00,2026-02-20,,,,False,False,False,0,0,,,7
u_02451,lp_academic_writing,2026-02-21 19:58:39+00:00,2026-02-21,2026-02-21 19:59:39+00:00,,,True,False,False,0,0,0.016666666666666666,,7
u_02452,lp_academic_writing,2026-02-10 06:35:12+00:00,2026-02-10,,,,False,False,False,0,0,,,7
u_02453,lp_academic_writing,2026-02-26 09:12:05+00:00,2026-02-26,,,,False,False,False,0,0,,,7
u_02454,lp_business_emails,2026-02-03 11:01:23+00:00,2026-02-03,,,,False,False,False,0,0,,,7
u_02455,lp_business_emails,2026-02-27 06:17:56+00:00,2026-02-27,2026-02-27 06:22:56+00:00,2026-02-27 06:53:56+00:00,smart_email_reply,True,True,True,1,0,0.08333333333333333,0.6,7
u_02456,lp_academic_writing,2026-02-25 02:25:32+00:00,2026-02-25,,,,False,False,False,0,0,,,7
u_02457,lp_academic_writing,2026-02-08 12:05:46+00:00,2026-02-08,,,,False,False,False,0,0,,,7
u_02458,lp_academic_writing,2026-02-01 19:48:16+00:00,2026-02-01,2026-02-01 19:56:16+00:00,,,True,False,False,0,0,0.13333333333333333,,7
u_02459,lp_business_emails,2026-02-10 08:55:34+00:00,2026-02-10,2026-02-10 09:00:34+00:00,,,True,False,False,0,0,0.08333333333333333,,7
u_02460,lp_academic_writing,2026-02-09 19:12:12+00:00,2026-02-09,2026-02-09 19:19:12+00:00,2026-02-09 20:14:12+00:00,academic_citation_helper,True,True,True,3,1,0.11666666666666667,1.0333333333333334,7
u_02461,lp_business_emails,2026-02-04 02:39:04+00:00,2026-02-04,,,,False,False,False,0,0,,,7
u_02462,lp_academic_writing,2026-02-02 00:54:08+00:00,2026-02-02,,,,False,False,False,0,0,,,7
u_02463,lp_business_emails,2026-02-19 08:32:36+00:00,2026-02-19,,,,False,False,False,0,0,,,7
u_02464,lp_academic_writing,2026-02-14 06:36:22+00:00,2026-02-14,2026-02-14 06:38:22+00:00,2026-02-14 06:45:22+00:00,academic_citation_helper,True,True,True,1,0,0.03333333333333333,0.15,7
u_02465,lp_business_emails,2026-02-17 19:49:09+00:00,2026-02-17,,,,False,False,False,0,0,,,7
u_02466,lp_business_emails,2026-02-06 12:38:09+00:00,2026-02-06,2026-02-06 12:44:09+00:00,,,True,False,False,0,0,0.1,,7
u_02467,lp_academic_writing,2026-02-20 01:44:33+00:00,2026-02-20,,,,False,False,False,0,0,,,7
u_02468,lp_academic_writing,2026-02-06 17:19:07+00:00,2026-02-06,,,,False,False,False,0,0,,,7
u_02469,lp_academic_writing,2026-02-02 03:24:03+00:00,2026-02-02,2026-02-02 03:31:03+00:00,2026-02-02 04:14:03+00:00,academic_citation_helper,True,True,True,1,0,0.11666666666666667,0.8333333333333334,7
u_02470,lp_academic_writing,2026-02-20 16:29:42+00:00,2026-02-20,,,,False,False,False,0,0,,,7
u_02471,lp_business_emails,2026-02-20 17:29:39+00:00,2026-02-20,2026-02-20 17:30:39+00:00,,,True,False,False,0,0,0.016666666666666666,,7
u_02472,lp_business_emails,2026-02-03 22:35:59+00:00,2026-02-03,,,,False,False,False,0,0,,,7
u_02473,lp_business_emails,2026-02-12 11:03:19+00:00,2026-02-12,,,,False,False,False,0,0,,,7
u_02474,lp_business_emails,2026-02-01 10:54:10+00:00,2026-02-01,,,,False,False,False,0,0,,,7
u_02475,lp_academic_writing,2026-02-25 03:40:28+00:00,2026-02-25,,,,False,False,False,0,0,,,7
u_02476,lp_academic_writing,2026-02-24 00:48:20+00:00,2026-02-24,,,,False,False,False,0,0,,,7
u_02477,lp_business_emails,2026-02-10 02:15:10+00:00,2026-02-10,,,,False,False,False,0,0,,,7
u_02478,lp_business_emails,2026-02-28 02:01:49+00:00,2026-02-28,2026-02-28 02:11:49+00:00,2026-02-28 03:00:49+00:00,smart_email_reply,True,True,True,1,0,0.16666666666666666,0.9833333333333333,7
u_02479,lp_academic_writing,2026-02-27 09:01:41+00:00,2026-02-27,,,,False,False,False,0,0,,,7
u_02480,lp_academic_writing,2026-02-11 02:53:29+00:00,2026-02-11,,,,False,False,False,0,0,,,7
u_02481,lp_business_emails,2026-02-19 20:58:00+00:00,2026-02-19,,,,False,False,False,0,0,,,7
u_02482,lp_academic_writing,2026-02-21 10:26:40+00:00,2026-02-21,,,,False,False,False,0,0,,,7
u_02483,lp_academic_writing,2026-02-13 22:53:47+00:00,2026-02-13,2026-02-13 23:01:47+00:00,2026-02-13 23:10:47+00:00,academic_citation_helper,True,True,True,1,0,0.13333333333333333,0.2833333333333333,7
u_02484,lp_business_emails,2026-02-16 19:34:31+00:00,2026-02-16,,,,False,False,False,0,0,,,7
u_02485,lp_business_emails,2026-02-21 19:42:55+00:00,2026-02-21,,,,False,False,False,0,0,,,7
u_02486,lp_business_emails,2026-02-24 06:24:03+00:00,2026-02-24,,,,False,False,False,0,0,,,7
u_02487,lp_academic_writing,2026-02-13 02:05:10+00:00,2026-02-13,2026-02-13 02:11:10+00:00,2026-02-13 02:34:10+00:00,academic_citation_helper,True,True,True,3,1,0.1,0.48333333333333334,7
u_02488,lp_academic_writing,2026-02-23 00:02:15+00:00,2026-02-23,,,,False,False,False,0,0,,,7
u_02489,lp_business_emails,2026-02-14 11:42:25+00:00,2026-02-14,2026-02-14 11:52:25+00:00,2026-02-14 12:19:25+00:00,smart_email_reply,True,True,True,1,0,0.16666666666666666,0.6166666666666667,7
u_02490,lp_academic_writing,2026-02-25 14:01:57+00:00,2026-02-25,,,,False,False,False,0,0,,,7
u_02491,lp_business_emails,2026-02-16 07:24:58+00:00,2026-02-16,,,,False,False,False,0,0,,,7
u_02492,lp_academic_writing,2026-02-04 00:53:43+00:00,2026-02-04,2026-02-04 00:55:43+00:00,2026-02-04 01:13:43+00:00,academic_citation_helper,True,True,True,3,1,0.03333333333333333,0.3333333333333333,7
u_02493,lp_business_emails,2026-02-04 05:24:35+00:00,2026-02-04,,,,False,False,False,0,0,,,7
u_02494,lp_academic_writing,2026-02-01 05:12:21+00:00,2026-02-01,,,,False,False,False,0,0,,,7
u_02495,lp_business_emails,2026-02-04 14:31:29+00:00,2026-02-04,2026-02-04 14:33:29+00:00,,,True,False,False,0,0,0.03333333333333333,,7
u_02496,lp_business_emails,2026-02-05 00:58:28+00:00,2026-02-05,2026-02-05 01:11:28+00:00,2026-02-05 01:24:28+00:00,smart_email_reply,True,True,True,1,0,0.21666666666666667,0.43333333333333335,7
u_02497,lp_business_emails,2026-02-18 20:12:18+00:00,2026-02-18,2026-02-18 20:20:18+00:00,,,True,False,False,0,0,0.13333333333333333,,7
u_02498,lp_academic_writing,2026-02-04 00:45:33+00:00,2026-02-04,,,,False,False,False,0,0,,,7
u_02499,lp_business_emails,2026-02-14 01:48:27+00:00,2026-02-14,2026-02-14 01:54:27+00:00,,,True,False,False,0,0,0.1,,7
u_02500,lp_business_emails,2026-02-14 13:12:40+00:00,2026-02-14,2026-02-14 13:16:40+00:00,2026-02-14 13:58:40+00:00,smart_email_reply,True,True,True,1,0,0.06666666666666667,0.7666666666666667,7
u_02501,lp_business_emails,2026-02-28 03:46:56+00:00,2026-02-28,,,,False,False,False,0,0,,,7
u_02502,lp_business_emails,2026-02-19 10:56:28+00:00,2026-02-19,2026-02-19 11:06:28+00:00,,,True,False,False,0,0,0.16666666666666666,,7
u_02503,lp_academic_writing,2026-02-02 03:24:23+00:00,2026-02-02,,,,False,False,False,0,0,,,7
u_02504,lp_business_emails,2026-02-05 12:37:48+00:00,2026-02-05,2026-02-05 12:48:48+00:00,2026-02-05 13:33:48+00:00,smart_email_reply,True,True,True,1,0,0.18333333333333332,0.9333333333333333,7
u_02505,lp_business_emails,2026-02-25 15:35:49+00:00,2026-02-25,,,,False,False,False,0,0,,,7
u_02506,lp_business_emails,2026-02-01 18:12:44+00:00,2026-02-01,,,,False,False,False,0,0,,,7
u_02507,lp_academic_writing,2026-02-17 04:40:52+00:00,2026-02-17,2026-02-17 04:50:52+00:00,,,True,False,False,0,0,0.16666666666666666,,7
u_02508,lp_academic_writing,2026-02-02 15:14:58+00:00,2026-02-02,2026-02-02 15:18:58+00:00,,,True,False,False,0,0,0.06666666666666667,,7
u_02509,lp_academic_writing,2026-02-14 14:18:10+00:00,2026-02-14,,,,False,False,False,0,0,,,7
u_02510,lp_business_emails,2026-02-17 17:11:27+00:00,2026-02-17,,,,False,False,False,0,0,,,7
u_02511,lp_academic_writing,2026-02-08 00:07:48+00:00,2026-02-08,2026-02-08 00:09:48+00:00,,,True,False,False,0,0,0.03333333333333333,,7
u_02512,lp_business_emails,2026-02-20 03:30:27+00:00,2026-02-20,,,,False,False,False,0,0,,,7
u_02513,lp_academic_writing,2026-02-27 08:47:23+00:00,2026-02-27,,,,False,False,False,0,0,,,7
u_02514,lp_academic_writing,2026-02-07 02:52:39+00:00,2026-02-07,,,,False,False,False,0,0,,,7
u_02515,lp_business_emails,2026-02-06 10:10:38+00:00,2026-02-06,2026-02-06 10:17:38+00:00,,,True,False,False,0,0,0.11666666666666667,,7
u_02516,lp_business_emails,2026-02-09 11:46:32+00:00,2026-02-09,,,,False,False,False,0,0,,,7
u_02517,lp_academic_writing,2026-02-07 17:22:35+00:00,2026-02-07,2026-02-07 17:25:35+00:00,,,True,False,False,0,0,0.05,,7
u_02518,lp_academic_writing,2026-02-08 10:46:04+00:00,2026-02-08,,,,False,False,False,0,0,,,7
u_02519,lp_business_emails,2026-02-27 18:14:28+00:00,2026-02-27,2026-02-27 18:29:28+00:00,,,True,False,False,0,0,0.25,,7
u_02520,lp_business_emails,2026-02-23 10:04:45+00:00,2026-02-23,2026-02-23 10:08:45+00:00,,,True,False,False,0,0,0.06666666666666667,,7
u_02521,lp_academic_writing,2026-02-26 19:58:38+00:00,2026-02-26,,,,False,False,False,0,0,,,7
u_02522,lp_business_emails,2026-02-05 14:47:50+00:00,2026-02-05,,,,False,False,False,0,0,,,7
u_02523,lp_business_emails,2026-02-02 21:06:50+00:00,2026-02-02,2026-02-02 21:07:50+00:00,2026-02-02 22:05:50+00:00,smart_email_reply,True,True,True,1,0,0.016666666666666666,0.9833333333333333,7
u_02524,lp_business_emails,2026-02-22 21:12:49+00:00,2026-02-22,,,,False,False,False,0,0,,,7
u_02525,lp_academic_writing,2026-02-23 04:20:48+00:00,2026-02-23,,,,False,False,False,0,0,,,7
u_02526,lp_academic_writing,2026-02-06 14:32:27+00:00,2026-02-06,,,,False,False,False,0,0,,,7
u_02527,lp_academic_writing,2026-02-14 04:01:18+00:00,2026-02-14,,,,False,False,False,0,0,,,7
u_02528,lp_academic_writing,2026-02-09 03:43:33+00:00,2026-02-09,,,,False,False,False,0,0,,,7
u_02529,lp_business_emails,2026-02-01 09:17:35+00:00,2026-02-01,2026-02-01 09:23:35+00:00,2026-02-01 10:19:35+00:00,smart_email_reply,True,True,True,1,0,0.1,1.0333333333333334,7
u_02530,lp_academic_writing,2026-02-15 00:12:54+00:00,2026-02-15,,,,False,False,False,0,0,,,7
u_02531,lp_business_emails,2026-02-10 03:57:25+00:00,2026-02-10,,,,False,False,False,0,0,,,7
u_02532,lp_academic_writing,2026-02-23 23:05:13+00:00,2026-02-23,2026-02-23 23:07:13+00:00,2026-02-23 23:42:13+00:00,academic_citation_helper,True,True,True,3,1,0.03333333333333333,0.6166666666666667,7
u_02533,lp_academic_writing,2026-02-04 22:46:32+00:00,2026-02-04,,,,False,False,False,0,0,,,7
u_02534,lp_business_emails,2026-02-27 14:29:29+00:00,2026-02-27,2026-02-27 14:44:29+00:00,,,True,False,False,0,0,0.25,,7
u_02535,lp_academic_writing,2026-02-25 07:19:55+00:00,2026-02-25,,,,False,False,False,0,0,,,7
u_02536,lp_academic_writing,2026-02-11 02:35:34+00:00,2026-02-11,,,,False,False,False,0,0,,,7
u_02537,lp_business_emails,2026-02-11 07:42:45+00:00,2026-02-11,2026-02-11 07:55:45+00:00,2026-02-11 08:14:45+00:00,smart_email_reply,True,True,True,1,0,0.21666666666666667,0.5333333333333333,7
u_02538,lp_business_emails,2026-02-04 09:23:03+00:00,2026-02-04,2026-02-04 09:38:03+00:00,2026-02-04 10:22:03+00:00,smart_email_reply,True,True,True,1,0,0.25,0.9833333333333333,7
u_02539,lp_business_emails,2026-02-09 21:33:51+00:00,2026-02-09,2026-02-09 21:40:51+00:00,2026-02-09 22:19:51+00:00,smart_email_reply,True,True,True,1,0,0.11666666666666667,0.7666666666666667,7
u_02540,lp_academic_writing,2026-02-09 20:01:02+00:00,2026-02-09,2026-02-09 20:06:02+00:00,2026-02-09 20:59:02+00:00,academic_citation_helper,True,True,True,2,1,0.08333333333333333,0.9666666666666667,7
u_02541,lp_business_emails,2026-02-14 23:25:26+00:00,2026-02-14,,,,False,False,False,0,0,,,7
u_02542,lp_academic_writing,2026-02-27 12:08:07+00:00,2026-02-27,,,,False,False,False,0,0,,,7
u_02543,lp_business_emails,2026-02-13 12:37:39+00:00,2026-02-13,,,,False,False,False,0,0,,,7
u_02544,lp_business_emails,2026-02-18 23:34:55+00:00,2026-02-18,2026-02-18 23:47:55+00:00,2026-02-19 00:26:55+00:00,smart_email_reply,True,True,True,1,0,0.21666666666666667,0.8666666666666667,7
u_02545,lp_business_emails,2026-02-08 08:30:53+00:00,2026-02-08,2026-02-08 08:44:53+00:00,,,True,False,False,0,0,0.23333333333333334,,7
u_02546,lp_business_emails,2026-02-08 08:21:18+00:00,2026-02-08,,,,False,False,False,0,0,,,7
u_02547,lp_academic_writing,2026-02-22 17:57:58+00:00,2026-02-22,,,,False,False,False,0,0,,,7
u_02548,lp_academic_writing,2026-02-21 20:05:23+00:00,2026-02-21,,,,False,False,False,0,0,,,7
u_02549,lp_business_emails,2026-02-27 20:43:53+00:00,2026-02-27,2026-02-27 20:57:53+00:00,,,True,False,False,0,0,0.23333333333333334,,7
u_02550,lp_academic_writing,2026-02-01 09:17:32+00:00,2026-02-01,2026-02-01 09:24:32+00:00,2026-02-01 10:18:32+00:00,academic_citation_helper,True,True,True,4,1,0.11666666666666667,1.0166666666666666,7
u_02551,lp_business_emails,2026-02-18 21:10:56+00:00,2026-02-18,2026-02-18 21:19:56+00:00,,,True,False,False,0,0,0.15,,7
u_02552,lp_academic_writing,2026-02-23 21:50:09+00:00,2026-02-23,2026-02-23 21:52:09+00:00,2026-02-23 22:17:09+00:00,academic_citation_helper,True,True,True,3,1,0.03333333333333333,0.45,7
u_02553,lp_business_emails,2026-02-13 18:09:46+00:00,2026-02-13,2026-02-13 18:20:46+00:00,,,True,False,False,0,0,0.18333333333333332,,7
u_02554,lp_academic_writing,2026-02-19 20:50:49+00:00,2026-02-19,,,,False,False,False,0,0,,,7
u_02555,lp_business_emails,2026-02-10 01:57:07+00:00,2026-02-10,2026-02-10 02:02:07+00:00,2026-02-10 03:01:07+00:00,smart_email_reply,True,True,True,1,0,0.08333333333333333,1.0666666666666667,7
u_02556,lp_academic_writing,2026-02-15 03:01:31+00:00,2026-02-15,,,,False,False,False,0,0,,,7
u_02557,lp_business_emails,2026-02-03 18:59:29+00:00,2026-02-03,,,,False,False,False,0,0,,,7
u_02558,lp_academic_writing,2026-02-01 08:35:37+00:00,2026-02-01,,,,False,False,False,0,0,,,7
u_02559,lp_academic_writing,2026-02-15 15:10:05+00:00,2026-02-15,,,,False,False,False,0,0,,,7
u_02560,lp_academic_writing,2026-02-03 16:09:28+00:00,2026-02-03,2026-02-03 16:14:28+00:00,2026-02-03 16:48:28+00:00,academic_citation_helper,True,True,True,2,1,0.08333333333333333,0.65,7
u_02561,lp_business_emails,2026-02-05 02:56:48+00:00,2026-02-05,,,,False,False,False,0,0,,,7
u_02562,lp_business_emails,2026-02-13 04:27:17+00:00,2026-02-13,2026-02-13 04:30:17+00:00,,,True,False,False,0,0,0.05,,7
u_02563,lp_academic_writing,2026-02-09 04:17:55+00:00,2026-02-09,,,,False,False,False,0,0,,,7
u_02564,lp_academic_writing,2026-02-08 18:32:36+00:00,2026-02-08,,,,False,False,False,0,0,,,7
u_02565,lp_academic_writing,2026-02-11 22:34:32+00:00,2026-02-11,2026-02-11 22:40:32+00:00,,,True,False,False,0,0,0.1,,7
u_02566,lp_academic_writing,2026-02-01 05:16:56+00:00,2026-02-01,2026-02-01 05:17:56+00:00,,,True,False,False,0,0,0.016666666666666666,,7
u_02567,lp_academic_writing,2026-02-17 17:36:59+00:00,2026-02-17,,,,False,False,False,0,0,,,7
u_02568,lp_business_emails,2026-02-17 20:49:36+00:00,2026-02-17,2026-02-17 20:58:36+00:00,2026-02-17 21:15:36+00:00,smart_email_reply,True,True,True,1,0,0.15,0.43333333333333335,7
u_02569,lp_academic_writing,2026-02-01 01:42:22+00:00,2026-02-01,,,,False,False,False,0,0,,,7
u_02570,lp_business_emails,2026-02-07 01:45:05+00:00,2026-02-07,,,,False,False,False,0,0,,,7
u_02571,lp_business_emails,2026-02-18 09:11:20+00:00,2026-02-18,,,,False,False,False,0,0,,,7
u_02572,lp_business_emails,2026-02-14 04:18:19+00:00,2026-02-14,,,,False,False,False,0,0,,,7
u_02573,lp_business_emails,2026-02-28 19:14:53+00:00,2026-02-28,,,,False,False,False,0,0,,,7
u_02574,lp_business_emails,2026-02-11 03:05:32+00:00,2026-02-11,,,,False,False,False,0,0,,,7
u_02575,lp_business_emails,2026-02-20 17:14:08+00:00,2026-02-20,,,,False,False,False,0,0,,,7
u_02576,lp_academic_writing,2026-02-16 03:58:16+00:00,2026-02-16,2026-02-16 04:03:16+00:00,,,True,False,False,0,0,0.08333333333333333,,7
u_02577,lp_academic_writing,2026-02-18 13:58:35+00:00,2026-02-18,,,,False,False,False,0,0,,,7
u_02578,lp_academic_writing,2026-02-17 14:58:55+00:00,2026-02-17,2026-02-17 15:08:55+00:00,,,True,False,False,0,0,0.16666666666666666,,7
u_02579,lp_academic_writing,2026-02-10 05:58:23+00:00,2026-02-10,2026-02-10 06:02:23+00:00,,,True,False,False,0,0,0.06666666666666667,,7
u_02580,lp_business_emails,2026-02-05 21:57:35+00:00,2026-02-05,,,,False,False,False,0,0,,,7
u_02581,lp_academic_writing,2026-02-11 14:30:55+00:00,2026-02-11,,,,False,False,False,0,0,,,7
u_02582,lp_academic_writing,2026-02-09 17:24:19+00:00,2026-02-09,,,,False,False,False,0,0,,,7
u_02583,lp_academic_writing,2026-02-07 09:42:31+00:00,2026-02-07,,,,False,False,False,0,0,,,7
u_02584,lp_business_emails,2026-02-18 13:41:22+00:00,2026-02-18,2026-02-18 13:55:22+00:00,2026-02-18 14:27:22+00:00,smart_email_reply,True,True,True,1,0,0.23333333333333334,0.7666666666666667,7
u_02585,lp_business_emails,2026-02-20 23:52:05+00:00,2026-02-20,,,,False,False,False,0,0,,,7
u_02586,lp_business_emails,2026-02-16 22:50:16+00:00,2026-02-16,,,,False,False,False,0,0,,,7
u_02587,lp_academic_writing,2026-02-23 14:06:29+00:00,2026-02-23,2026-02-23 14:14:29+00:00,2026-02-23 14:33:29+00:00,academic_citation_helper,True,True,True,3,1,0.13333333333333333,0.45,7
u_02588,lp_business_emails,2026-02-26 11:27:41+00:00,2026-02-26,2026-02-26 11:36:41+00:00,2026-02-26 11:53:41+00:00,smart_email_reply,True,True,True,1,0,0.15,0.43333333333333335,7
u_02589,lp_business_emails,2026-02-24 10:07:39+00:00,2026-02-24,,,,False,False,False,0,0,,,7
u_02590,lp_academic_writing,2026-02-25 13:15:39+00:00,2026-02-25,2026-02-25 13:24:39+00:00,2026-02-25 13:46:39+00:00,academic_citation_helper,True,True,True,1,0,0.15,0.5166666666666667,7
u_02591,lp_academic_writing,2026-02-23 21:27:56+00:00,2026-02-23,2026-02-23 21:30:56+00:00,2026-02-23 22:07:56+00:00,academic_citation_helper,True,True,True,3,1,0.05,0.6666666666666666,7
u_02592,lp_business_emails,2026-02-17 05:29:17+00:00,2026-02-17,,,,False,False,False,0,0,,,7
u_02593,lp_business_emails,2026-02-28 23:20:03+00:00,2026-02-28,,,,False,False,False,0,0,,,7
u_02594,lp_academic_writing,2026-02-03 06:46:56+00:00,2026-02-03,,,,False,False,False,0,0,,,7
u_02595,lp_business_emails,2026-02-02 16:11:34+00:00,2026-02-02,,,,False,False,False,0,0,,,7
u_02596,lp_academic_writing,2026-02-24 01:51:06+00:00,2026-02-24,,,,False,False,False,0,0,,,7
u_02597,lp_academic_writing,2026-02-18 13:25:00+00:00,2026-02-18,2026-02-18 13:32:00+00:00,,,True,False,False,0,0,0.11666666666666667,,7
u_02598,lp_business_emails,2026-02-02 01:12:01+00:00,2026-02-02,2026-02-02 01:17:01+00:00,2026-02-02 01:44:01+00:00,smart_email_reply,True,True,True,1,0,0.08333333333333333,0.5333333333333333,7
u_02599,lp_business_emails,2026-02-04 04:50:23+00:00,2026-02-04,,,,False,False,False,0,0,,,7
u_02600,lp_business_emails,2026-02-03 13:16:22+00:00,2026-02-03,2026-02-03 13:22:22+00:00,,,True,False,False,0,0,0.1,,7
u_02601,lp_business_emails,2026-02-06 00:56:44+00:00,2026-02-06,2026-02-06 01:02:44+00:00,2026-02-06 01:16:44+00:00,smart_email_reply,True,True,True,2,1,0.1,0.3333333333333333,7
u_02602,lp_academic_writing,2026-02-28 08:29:33+00:00,2026-02-28,2026-02-28 08:39:33+00:00,2026-02-28 09:14:33+00:00,academic_citation_helper,True,True,True,2,1,0.16666666666666666,0.75,7
u_02603,lp_business_emails,2026-02-13 15:10:49+00:00,2026-02-13,2026-02-13 15:22:49+00:00,,,True,False,False,0,0,0.2,,7
u_02604,lp_business_emails,2026-02-20 04:32:58+00:00,2026-02-20,,,,False,False,False,0,0,,,7
u_02605,lp_academic_writing,2026-02-14 03:43:03+00:00,2026-02-14,,,,False,False,False,0,0,,,7
u_02606,lp_business_emails,2026-02-02 14:12:00+00:00,2026-02-02,,,,False,False,False,0,0,,,7
u_02607,lp_academic_writing,2026-02-19 00:39:32+00:00,2026-02-19,,,,False,False,False,0,0,,,7
u_02608,lp_academic_writing,2026-02-20 17:10:20+00:00,2026-02-20,,,,False,False,False,0,0,,,7
u_02609,lp_business_emails,2026-02-04 19:51:51+00:00,2026-02-04,,,,False,False,False,0,0,,,7
u_02610,lp_business_emails,2026-02-16 19:45:46+00:00,2026-02-16,2026-02-16 20:00:46+00:00,2026-02-16 20:55:46+00:00,smart_email_reply,True,True,True,1,0,0.25,1.1666666666666667,7
u_02611,lp_academic_writing,2026-02-07 19:34:36+00:00,2026-02-07,,,,False,False,False,0,0,,,7
u_02612,lp_business_emails,2026-02-15 18:44:35+00:00,2026-02-15,2026-02-15 18:45:35+00:00,,,True,False,False,0,0,0.016666666666666666,,7
u_02613,lp_academic_writing,2026-02-02 09:42:47+00:00,2026-02-02,,,,False,False,False,0,0,,,7
u_02614,lp_academic_writing,2026-02-06 07:51:33+00:00,2026-02-06,,,,False,False,False,0,0,,,7
u_02615,lp_academic_writing,2026-02-02 14:41:00+00:00,2026-02-02,2026-02-02 14:46:00+00:00,,,True,False,False,0,0,0.08333333333333333,,7
u_02616,lp_business_emails,2026-02-13 19:44:04+00:00,2026-02-13,2026-02-13 19:46:04+00:00,,,True,False,False,0,0,0.03333333333333333,,7
u_02617,lp_academic_writing,2026-02-05 10:15:34+00:00,2026-02-05,2026-02-05 10:23:34+00:00,,,True,False,False,0,0,0.13333333333333333,,7
u_02618,lp_business_emails,2026-02-26 02:06:34+00:00,2026-02-26,,,,False,False,False,0,0,,,7
u_02619,lp_business_emails,2026-02-25 16:30:06+00:00,2026-02-25,,,,False,False,False,0,0,,,7
u_02620,lp_business_emails,2026-02-02 00:58:09+00:00,2026-02-02,,,,False,False,False,0,0,,,7
u_02621,lp_business_emails,2026-02-01 21:59:36+00:00,2026-02-01,2026-02-01 22:11:36+00:00,2026-02-01 22:59:36+00:00,smart_email_reply,True,True,True,1,0,0.2,1.0,7
u_02622,lp_business_emails,2026-02-21 17:35:58+00:00,2026-02-21,,,,False,False,False,0,0,,,7
u_02623,lp_academic_writing,2026-02-06 12:22:20+00:00,2026-02-06,,,,False,False,False,0,0,,,7
u_02624,lp_academic_writing,2026-02-13 13:33:19+00:00,2026-02-13,,,,False,False,False,0,0,,,7
u_02625,lp_business_emails,2026-02-07 10:08:18+00:00,2026-02-07,2026-02-07 10:09:18+00:00,2026-02-07 10:41:18+00:00,smart_email_reply,True,True,True,1,0,0.016666666666666666,0.55,7
u_02626,lp_business_emails,2026-02-26 03:52:42+00:00,2026-02-26,2026-02-26 03:55:42+00:00,2026-02-26 04:45:42+00:00,smart_email_reply,True,True,True,1,0,0.05,0.8833333333333333,7
u_02627,lp_academic_writing,2026-02-09 01:24:24+00:00,2026-02-09,2026-02-09 01:25:24+00:00,2026-02-09 01:46:24+00:00,academic_citation_helper,True,True,True,3,1,0.016666666666666666,0.36666666666666664,7
u_02628,lp_business_emails,2026-02-17 03:35:45+00:00,2026-02-17,,,,False,False,False,0,0,,,7
u_02629,lp_business_emails,2026-02-09 18:25:37+00:00,2026-02-09,2026-02-09 18:34:37+00:00,2026-02-09 18:56:37+00:00,smart_email_reply,True,True,True,1,0,0.15,0.5166666666666667,7
u_02630,lp_academic_writing,2026-02-03 01:26:30+00:00,2026-02-03,,,,False,False,False,0,0,,,7
u_02631,lp_business_emails,2026-02-23 18:16:12+00:00,2026-02-23,,,,False,False,False,0,0,,,7
u_02632,lp_business_emails,2026-02-14 23:51:02+00:00,2026-02-14,,,,False,False,False,0,0,,,7
u_02633,lp_business_emails,2026-02-11 10:42:25+00:00,2026-02-11,2026-02-11 10:51:25+00:00,2026-02-11 11:07:25+00:00,smart_email_reply,True,True,True,1,0,0.15,0.4166666666666667,7
u_02634,lp_business_emails,2026-02-19 03:00:17+00:00,2026-02-19,2026-02-19 03:01:17+00:00,,,True,False,False,0,0,0.016666666666666666,,7
u_02635,lp_business_emails,2026-02-18 10:13:51+00:00,2026-02-18,,,,False,False,False,0,0,,,7
u_02636,lp_business_emails,2026-02-23 11:26:29+00:00,2026-02-23,,,,False,False,False,0,0,,,7
u_02637,lp_business_emails,2026-02-18 00:44:04+00:00,2026-02-18,2026-02-18 00:59:04+00:00,2026-02-18 01:28:04+00:00,smart_email_reply,True,True,True,1,0,0.25,0.7333333333333333,7
u_02638,lp_academic_writing,2026-02-18 14:41:35+00:00,2026-02-18,2026-02-18 14:43:35+00:00,2026-02-18 15:00:35+00:00,academic_citation_helper,True,True,True,4,1,0.03333333333333333,0.31666666666666665,7
u_02639,lp_business_emails,2026-02-27 06:10:40+00:00,2026-02-27,,,,False,False,False,0,0,,,7
u_02640,lp_academic_writing,2026-02-26 22:18:27+00:00,2026-02-26,,,,False,False,False,0,0,,,7
u_02641,lp_business_emails,2026-02-23 04:53:27+00:00,2026-02-23,,,,False,False,False,0,0,,,7
u_02642,lp_academic_writing,2026-02-11 23:31:48+00:00,2026-02-11,,,,False,False,False,0,0,,,7
u_02643,lp_business_emails,2026-02-21 10:06:14+00:00,2026-02-21,2026-02-21 10:18:14+00:00,2026-02-21 10:25:14+00:00,smart_email_reply,True,True,True,1,0,0.2,0.31666666666666665,7
u_02644,lp_business_emails,2026-02-07 16:02:26+00:00,2026-02-07,,,,False,False,False,0,0,,,7
u_02645,lp_academic_writing,2026-02-28 11:29:16+00:00,2026-02-28,2026-02-28 11:34:16+00:00,,,True,False,False,0,0,0.08333333333333333,,7
u_02646,lp_business_emails,2026-02-20 02:52:55+00:00,2026-02-20,,,,False,False,False,0,0,,,7
u_02647,lp_business_emails,2026-02-11 13:55:23+00:00,2026-02-11,,,,False,False,False,0,0,,,7
u_02648,lp_academic_writing,2026-02-03 20:07:34+00:00,2026-02-03,,,,False,False,False,0,0,,,7
u_02649,lp_academic_writing,2026-02-08 21:17:09+00:00,2026-02-08,2026-02-08 21:26:09+00:00,,,True,False,False,0,0,0.15,,7
u_02650,lp_business_emails,2026-02-25 00:59:32+00:00,2026-02-25,,,,False,False,False,0,0,,,7
u_02651,lp_academic_writing,2026-02-04 12:28:20+00:00,2026-02-04,,,,False,False,False,0,0,,,7
u_02652,lp_business_emails,2026-02-28 03:35:30+00:00,2026-02-28,,,,False,False,False,0,0,,,7
u_02653,lp_academic_writing,2026-02-16 01:17:26+00:00,2026-02-16,2026-02-16 01:25:26+00:00,2026-02-16 01:50:26+00:00,academic_citation_helper,True,True,True,3,1,0.13333333333333333,0.55,7
u_02654,lp_academic_writing,2026-02-24 04:30:58+00:00,2026-02-24,,,,False,False,False,0,0,,,7
u_02655,lp_business_emails,2026-02-04 20:50:38+00:00,2026-02-04,,,,False,False,False,0,0,,,7
u_02656,lp_academic_writing,2026-02-03 15:26:33+00:00,2026-02-03,,,,False,False,False,0,0,,,7
u_02657,lp_business_emails,2026-02-03 05:12:16+00:00,2026-02-03,2026-02-03 05:21:16+00:00,,,True,False,False,0,0,0.15,,7
u_02658,lp_business_emails,2026-02-13 06:34:39+00:00,2026-02-13,2026-02-13 06:37:39+00:00,2026-02-13 07:27:39+00:00,smart_email_reply,True,True,True,1,0,0.05,0.8833333333333333,7
u_02659,lp_academic_writing,2026-02-04 09:28:30+00:00,2026-02-04,2026-02-04 09:32:30+00:00,,,True,False,False,0,0,0.06666666666666667,,7
u_02660,lp_business_emails,2026-02-05 15:21:05+00:00,2026-02-05,,,,False,False,False,0,0,,,7
u_02661,lp_academic_writing,2026-02-16 14:29:36+00:00,2026-02-16,2026-02-16 14:31:36+00:00,2026-02-16 15:05:36+00:00,academic_citation_helper,True,True,True,4,1,0.03333333333333333,0.6,7
u_02662,lp_business_emails,2026-02-12 15:51:24+00:00,2026-02-12,,,,False,False,False,0,0,,,7
u_02663,lp_academic_writing,2026-02-02 23:31:50+00:00,2026-02-02,2026-02-02 23:33:50+00:00,2026-02-02 23:57:50+00:00,academic_citation_helper,True,True,True,1,0,0.03333333333333333,0.43333333333333335,7
u_02664,lp_academic_writing,2026-02-15 19:44:21+00:00,2026-02-15,,,,False,False,False,0,0,,,7
u_02665,lp_academic_writing,2026-02-17 04:01:37+00:00,2026-02-17,,,,False,False,False,0,0,,,7
u_02666,lp_academic_writing,2026-02-01 18:48:19+00:00,2026-02-01,,,,False,False,False,0,0,,,7
u_02667,lp_academic_writing,2026-02-15 17:45:53+00:00,2026-02-15,2026-02-15 17:55:53+00:00,2026-02-15 18:45:53+00:00,academic_citation_helper,True,True,True,3,1,0.16666666666666666,1.0,7
u_02668,lp_business_emails,2026-02-06 05:01:41+00:00,2026-02-06,,,,False,False,False,0,0,,,7
u_02669,lp_business_emails,2026-02-19 00:14:56+00:00,2026-02-19,,,,False,False,False,0,0,,,7
u_02670,lp_academic_writing,2026-02-14 05:22:15+00:00,2026-02-14,2026-02-14 05:28:15+00:00,2026-02-14 06:22:15+00:00,academic_citation_helper,True,True,True,3,1,0.1,1.0,7
u_02671,lp_academic_writing,2026-02-11 04:00:47+00:00,2026-02-11,,,,False,False,False,0,0,,,7
u_02672,lp_business_emails,2026-02-19 17:40:02+00:00,2026-02-19,,,,False,False,False,0,0,,,7
u_02673,lp_academic_writing,2026-02-05 04:12:21+00:00,2026-02-05,,,,False,False,False,0,0,,,7
u_02674,lp_academic_writing,2026-02-07 21:05:39+00:00,2026-02-07,,,,False,False,False,0,0,,,7
u_02675,lp_academic_writing,2026-02-02 05:54:31+00:00,2026-02-02,,,,False,False,False,0,0,,,7
u_02676,lp_academic_writing,2026-02-03 11:59:32+00:00,2026-02-03,2026-02-03 12:04:32+00:00,,,True,False,False,0,0,0.08333333333333333,,7
u_02677,lp_business_emails,2026-02-15 10:34:57+00:00,2026-02-15,2026-02-15 10:42:57+00:00,,,True,False,False,0,0,0.13333333333333333,,7
u_02678,lp_business_emails,2026-02-26 13:26:45+00:00,2026-02-26,2026-02-26 13:32:45+00:00,,,True,False,False,0,0,0.1,,7
u_02679,lp_business_emails,2026-02-28 00:36:42+00:00,2026-02-28,2026-02-28 00:39:42+00:00,2026-02-28 01:00:42+00:00,smart_email_reply,True,True,True,1,0,0.05,0.4,7
u_02680,lp_academic_writing,2026-02-08 04:45:20+00:00,2026-02-08,,,,False,False,False,0,0,,,7
u_02681,lp_academic_writing,2026-02-26 09:18:10+00:00,2026-02-26,2026-02-26 09:28:10+00:00,,,True,False,False,0,0,0.16666666666666666,,7
u_02682,lp_academic_writing,2026-02-19 08:48:50+00:00,2026-02-19,,,,False,False,False,0,0,,,7
u_02683,lp_business_emails,2026-02-16 11:15:25+00:00,2026-02-16,,,,False,False,False,0,0,,,7
u_02684,lp_academic_writing,2026-02-22 01:39:41+00:00,2026-02-22,2026-02-22 01:43:41+00:00,,,True,False,False,0,0,0.06666666666666667,,7
u_02685,lp_business_emails,2026-02-21 19:58:06+00:00,2026-02-21,,,,False,False,False,0,0,,,7
u_02686,lp_business_emails,2026-02-16 09:48:31+00:00,2026-02-16,2026-02-16 10:00:31+00:00,2026-02-16 10:40:31+00:00,smart_email_reply,True,True,True,1,0,0.2,0.8666666666666667,7
u_02687,lp_academic_writing,2026-02-13 18:00:16+00:00,2026-02-13,2026-02-13 18:09:16+00:00,2026-02-13 18:18:16+00:00,academic_citation_helper,True,True,True,3,1,0.15,0.3,7
u_02688,lp_academic_writing,2026-02-14 19:58:41+00:00,2026-02-14,,,,False,False,False,0,0,,,7
u_02689,lp_business_emails,2026-02-11 11:39:34+00:00,2026-02-11,,,,False,False,False,0,0,,,7
u_02690,lp_academic_writing,2026-02-07 22:11:02+00:00,2026-02-07,,,,False,False,False,0,0,,,7
u_02691,lp_business_emails,2026-02-05 13:20:29+00:00,2026-02-05,2026-02-05 13:32:29+00:00,2026-02-05 14:06:29+00:00,smart_email_reply,True,True,True,1,0,0.2,0.7666666666666667,7
u_02692,lp_academic_writing,2026-02-21 20:50:20+00:00,2026-02-21,,,,False,False,False,0,0,,,7
u_02693,lp_business_emails,2026-02-19 07:34:49+00:00,2026-02-19,,,,False,False,False,0,0,,,7
u_02694,lp_academic_writing,2026-02-17 10:04:59+00:00,2026-02-17,,,,False,False,False,0,0,,,7
u_02695,lp_academic_writing,2026-02-10 23:39:15+00:00,2026-02-10,,,,False,False,False,0,0,,,7
u_02696,lp_academic_writing,2026-02-21 22:58:24+00:00,2026-02-21,2026-02-21 23:08:24+00:00,,,True,False,False,0,0,0.16666666666666666,,7
u_02697,lp_academic_writing,2026-02-14 14:01:58+00:00,2026-02-14,,,,False,False,False,0,0,,,7
u_02698,lp_academic_writing,2026-02-10 14:24:25+00:00,2026-02-10,,,,False,False,False,0,0,,,7
u_02699,lp_academic_writing,2026-02-07 18:42:30+00:00,2026-02-07,,,,False,False,False,0,0,,,7
u_02700,lp_business_emails,2026-02-26 14:27:56+00:00,2026-02-26,,,,False,False,False,0,0,,,7
u_02701,lp_academic_writing,2026-02-18 04:47:37+00:00,2026-02-18,2026-02-18 04:49:37+00:00,2026-02-18 05:03:37+00:00,academic_citation_helper,True,True,True,2,1,0.03333333333333333,0.26666666666666666,7
u_02702,lp_academic_writing,2026-02-24 22:05:18+00:00,2026-02-24,2026-02-24 22:06:18+00:00,2026-02-24 22:47:18+00:00,academic_citation_helper,True,True,True,1,0,0.016666666666666666,0.7,7
u_02703,lp_business_emails,2026-02-25 17:41:08+00:00,2026-02-25,2026-02-25 17:46:08+00:00,2026-02-25 18:26:08+00:00,smart_email_reply,True,True,True,1,0,0.08333333333333333,0.75,7
u_02704,lp_business_emails,2026-02-03 11:13:25+00:00,2026-02-03,2026-02-03 11:19:25+00:00,2026-02-03 11:28:25+00:00,smart_email_reply,True,True,True,1,0,0.1,0.25,7
u_02705,lp_business_emails,2026-02-04 03:25:52+00:00,2026-02-04,,,,False,False,False,0,0,,,7
u_02706,lp_business_emails,2026-02-14 00:48:18+00:00,2026-02-14,,,,False,False,False,0,0,,,7
u_02707,lp_academic_writing,2026-02-13 20:05:04+00:00,2026-02-13,,,,False,False,False,0,0,,,7
u_02708,lp_academic_writing,2026-02-18 06:30:30+00:00,2026-02-18,2026-02-18 06:32:30+00:00,,,True,False,False,0,0,0.03333333333333333,,7
u_02709,lp_business_emails,2026-02-12 18:38:45+00:00,2026-02-12,2026-02-12 18:39:45+00:00,,,True,False,False,0,0,0.016666666666666666,,7
u_02710,lp_academic_writing,2026-02-25 20:03:03+00:00,2026-02-25,2026-02-25 20:06:03+00:00,,,True,False,False,0,0,0.05,,7
u_02711,lp_academic_writing,2026-02-10 09:30:18+00:00,2026-02-10,2026-02-10 09:31:18+00:00,,,True,False,False,0,0,0.016666666666666666,,7
u_02712,lp_business_emails,2026-02-06 15:18:43+00:00,2026-02-06,,,,False,False,False,0,0,,,7
u_02713,lp_business_emails,2026-02-19 23:08:41+00:00,2026-02-19,,,,False,False,False,0,0,,,7
u_02714,lp_academic_writing,2026-02-10 06:23:56+00:00,2026-02-10,2026-02-10 06:27:56+00:00,,,True,False,False,0,0,0.06666666666666667,,7
u_02715,lp_academic_writing,2026-02-27 13:59:47+00:00,2026-02-27,2026-02-27 14:08:47+00:00,2026-02-27 14:59:47+00:00,academic_citation_helper,True,True,True,3,1,0.15,1.0,7
u_02716,lp_academic_writing,2026-02-09 09:36:22+00:00,2026-02-09,,,,False,False,False,0,0,,,7
u_02717,lp_academic_writing,2026-02-11 04:52:45+00:00,2026-02-11,2026-02-11 04:56:45+00:00,,,True,False,False,0,0,0.06666666666666667,,7
u_02718,lp_business_emails,2026-02-02 14:08:46+00:00,2026-02-02,2026-02-02 14:20:46+00:00,,,True,False,False,0,0,0.2,,7
u_02719,lp_academic_writing,2026-02-23 19:30:47+00:00,2026-02-23,2026-02-23 19:34:47+00:00,2026-02-23 20:22:47+00:00,academic_citation_helper,True,True,True,3,1,0.06666666666666667,0.8666666666666667,7
u_02720,lp_business_emails,2026-02-11 20:19:43+00:00,2026-02-11,,,,False,False,False,0,0,,,7
u_02721,lp_business_emails,2026-02-01 04:01:20+00:00,2026-02-01,,,,False,False,False,0,0,,,7
u_02722,lp_academic_writing,2026-02-07 11:13:12+00:00,2026-02-07,,,,False,False,False,0,0,,,7
u_02723,lp_academic_writing,2026-02-05 20:59:36+00:00,2026-02-05,,,,False,False,False,0,0,,,7
u_02724,lp_business_emails,2026-02-21 16:23:01+00:00,2026-02-21,,,,False,False,False,0,0,,,7
u_02725,lp_business_emails,2026-02-06 07:38:33+00:00,2026-02-06,2026-02-06 07:51:33+00:00,2026-02-06 08:32:33+00:00,smart_email_reply,True,True,True,2,1,0.21666666666666667,0.9,7
u_02726,lp_academic_writing,2026-02-17 03:28:29+00:00,2026-02-17,,,,False,False,False,0,0,,,7
u_02727,lp_business_emails,2026-02-26 22:41:09+00:00,2026-02-26,,,,False,False,False,0,0,,,7
u_02728,lp_business_emails,2026-02-02 03:33:42+00:00,2026-02-02,,,,False,False,False,0,0,,,7
u_02729,lp_business_emails,2026-02-20 11:57:29+00:00,2026-02-20,,,,False,False,False,0,0,,,7
u_02730,lp_academic_writing,2026-02-24 21:17:33+00:00,2026-02-24,2026-02-24 21:23:33+00:00,,,True,False,False,0,0,0.1,,7
u_02731,lp_business_emails,2026-02-09 07:59:16+00:00,2026-02-09,,,,False,False,False,0,0,,,7
u_02732,lp_business_emails,2026-02-24 22:10:58+00:00,2026-02-24,2026-02-24 22:14:58+00:00,,,True,False,False,0,0,0.06666666666666667,,7
u_02733,lp_academic_writing,2026-02-13 01:57:34+00:00,2026-02-13,,,,False,False,False,0,0,,,7
u_02734,lp_business_emails,2026-02-19 09:17:15+00:00,2026-02-19,,,,False,False,False,0,0,,,7
u_02735,lp_business_emails,2026-02-24 08:10:42+00:00,2026-02-24,2026-02-24 08:15:42+00:00,2026-02-24 09:15:42+00:00,smart_email_reply,True,True,True,1,0,0.08333333333333333,1.0833333333333333,7
u_02736,lp_business_emails,2026-02-06 23:08:04+00:00,2026-02-06,,,,False,False,False,0,0,,,7
u_02737,lp_academic_writing,2026-02-12 11:10:53+00:00,2026-02-12,,,,False,False,False,0,0,,,7
u_02738,lp_academic_writing,2026-02-08 20:27:20+00:00,2026-02-08,2026-02-08 20:32:20+00:00,,,True,False,False,0,0,0.08333333333333333,,7
u_02739,lp_academic_writing,2026-02-06 07:02:34+00:00,2026-02-06,2026-02-06 07:03:34+00:00,,,True,False,False,0,0,0.016666666666666666,,7
u_02740,lp_academic_writing,2026-02-08 00:37:36+00:00,2026-02-08,,,,False,False,False,0,0,,,7
u_02741,lp_business_emails,2026-02-16 10:14:27+00:00,2026-02-16,2026-02-16 10:24:27+00:00,,,True,False,False,0,0,0.16666666666666666,,7
u_02742,lp_academic_writing,2026-02-10 21:40:38+00:00,2026-02-10,,,,False,False,False,0,0,,,7
u_02743,lp_business_emails,2026-02-02 02:17:06+00:00,2026-02-02,,,,False,False,False,0,0,,,7
u_02744,lp_business_emails,2026-02-26 06:38:25+00:00,2026-02-26,2026-02-26 06:51:25+00:00,,,True,False,False,0,0,0.21666666666666667,,7
u_02745,lp_academic_writing,2026-02-19 11:39:17+00:00,2026-02-19,,,,False,False,False,0,0,,,7
u_02746,lp_business_emails,2026-02-14 03:49:07+00:00,2026-02-14,,,,False,False,False,0,0,,,7
u_02747,lp_business_emails,2026-02-21 11:03:50+00:00,2026-02-21,,,,False,False,False,0,0,,,7
u_02748,lp_business_emails,2026-02-15 00:13:54+00:00,2026-02-15,,,,False,False,False,0,0,,,7
u_02749,lp_academic_writing,2026-02-02 12:56:40+00:00,2026-02-02,2026-02-02 13:05:40+00:00,,,True,False,False,0,0,0.15,,7
u_02750,lp_academic_writing,2026-02-05 01:43:46+00:00,2026-02-05,,,,False,False,False,0,0,,,7
u_02751,lp_business_emails,2026-02-05 22:47:11+00:00,2026-02-05,,,,False,False,False,0,0,,,7
u_02752,lp_business_emails,2026-02-05 08:24:14+00:00,2026-02-05,2026-02-05 08:26:14+00:00,,,True,False,False,0,0,0.03333333333333333,,7
u_02753,lp_business_emails,2026-02-25 01:41:18+00:00,2026-02-25,2026-02-25 01:54:18+00:00,,,True,False,False,0,0,0.21666666666666667,,7
u_02754,lp_academic_writing,2026-02-12 00:26:07+00:00,2026-02-12,2026-02-12 00:36:07+00:00,2026-02-12 01:17:07+00:00,academic_citation_helper,True,True,True,3,1,0.16666666666666666,0.85,7
u_02755,lp_business_emails,2026-02-08 22:18:57+00:00,2026-02-08,2026-02-08 22:28:57+00:00,,,True,False,False,0,0,0.16666666666666666,,7
u_02756,lp_academic_writing,2026-02-26 17:36:02+00:00,2026-02-26,,,,False,False,False,0,0,,,7
u_02757,lp_academic_writing,2026-02-16 09:00:49+00:00,2026-02-16,,,,False,False,False,0,0,,,7
u_02758,lp_academic_writing,2026-02-01 17:37:16+00:00,2026-02-01,2026-02-01 17:42:16+00:00,,,True,False,False,0,0,0.08333333333333333,,7
u_02759,lp_business_emails,2026-02-10 10:14:12+00:00,2026-02-10,,,,False,False,False,0,0,,,7
u_02760,lp_business_emails,2026-02-12 07:17:28+00:00,2026-02-12,,,,False,False,False,0,0,,,7
u_02761,lp_academic_writing,2026-02-01 19:54:23+00:00,2026-02-01,,,,False,False,False,0,0,,,7
u_02762,lp_business_emails,2026-02-20 02:49:49+00:00,2026-02-20,2026-02-20 02:56:49+00:00,,,True,False,False,0,0,0.11666666666666667,,7
u_02763,lp_academic_writing,2026-02-04 22:15:28+00:00,2026-02-04,,,,False,False,False,0,0,,,7
u_02764,lp_academic_writing,2026-02-01 04:23:09+00:00,2026-02-01,2026-02-01 04:25:09+00:00,2026-02-01 04:56:09+00:00,academic_citation_helper,True,True,True,3,1,0.03333333333333333,0.55,7
u_02765,lp_academic_writing,2026-02-18 18:19:39+00:00,2026-02-18,2026-02-18 18:25:39+00:00,2026-02-18 18:30:39+00:00,academic_citation_helper,True,True,True,3,1,0.1,0.18333333333333332,7
u_02766,lp_business_emails,2026-02-22 18:38:18+00:00,2026-02-22,,,,False,False,False,0,0,,,7
u_02767,lp_business_emails,2026-02-28 20:48:34+00:00,2026-02-28,,,,False,False,False,0,0,,,7
u_02768,lp_academic_writing,2026-02-25 01:09:22+00:00,2026-02-25,2026-02-25 01:12:22+00:00,,,True,False,False,0,0,0.05,,7
u_02769,lp_academic_writing,2026-02-27 17:25:55+00:00,2026-02-27,,,,False,False,False,0,0,,,7
u_02770,lp_academic_writing,2026-02-28 14:10:57+00:00,2026-02-28,,,,False,False,False,0,0,,,7
u_02771,lp_academic_writing,2026-02-25 09:29:10+00:00,2026-02-25,,,,False,False,False,0,0,,,7
u_02772,lp_business_emails,2026-02-22 08:47:57+00:00,2026-02-22,2026-02-22 09:02:57+00:00,,,True,False,False,0,0,0.25,,7
u_02773,lp_academic_writing,2026-02-14 21:08:15+00:00,2026-02-14,2026-02-14 21:14:15+00:00,,,True,False,False,0,0,0.1,,7
u_02774,lp_academic_writing,2026-02-15 02:00:30+00:00,2026-02-15,2026-02-15 02:06:30+00:00,,,True,False,False,0,0,0.1,,7
u_02775,lp_academic_writing,2026-02-04 15:47:48+00:00,2026-02-04,,,,False,False,False,0,0,,,7
u_02776,lp_business_emails,2026-02-11 20:15:30+00:00,2026-02-11,2026-02-11 20:18:30+00:00,,,True,False,False,0,0,0.05,,7
u_02777,lp_academic_writing,2026-02-19 08:44:28+00:00,2026-02-19,,,,False,False,False,0,0,,,7
u_02778,lp_business_emails,2026-02-04 19:05:40+00:00,2026-02-04,2026-02-06 14:06:04+00:00,,,True,False,False,0,0,43.00666666666667,,7
u_02779,lp_business_emails,2026-02-21 03:42:56+00:00,2026-02-21,,,,False,False,False,0,0,,,7
u_02780,lp_business_emails,2026-02-19 15:14:45+00:00,2026-02-19,,,,False,False,False,0,0,,,7
u_02781,lp_business_emails,2026-02-21 23:49:27+00:00,2026-02-21,,,,False,False,False,0,0,,,7
u_02782,lp_business_emails,2026-02-13 03:22:23+00:00,2026-02-13,,,,False,False,False,0,0,,,7
u_02783,lp_academic_writing,2026-02-18 05:10:50+00:00,2026-02-18,2026-02-18 05:19:50+00:00,2026-02-18 05:39:50+00:00,academic_citation_helper,True,True,True,4,1,0.15,0.48333333333333334,7
u_02784,lp_academic_writing,2026-02-05 01:53:27+00:00,2026-02-05,2026-02-05 01:56:27+00:00,,,True,False,False,0,0,0.05,,7
u_02785,lp_business_emails,2026-02-11 07:10:51+00:00,2026-02-11,,,,False,False,False,0,0,,,7
u_02786,lp_academic_writing,2026-02-02 18:09:03+00:00,2026-02-02,2026-02-02 18:12:03+00:00,2026-02-02 18:42:03+00:00,academic_citation_helper,True,True,True,2,1,0.05,0.55,7
u_02787,lp_business_emails,2026-02-08 20:09:51+00:00,2026-02-08,,,,False,False,False,0,0,,,7
u_02788,lp_business_emails,2026-02-07 18:35:14+00:00,2026-02-07,,,,False,False,False,0,0,,,7
u_02789,lp_business_emails,2026-02-24 18:54:17+00:00,2026-02-24,,,,False,False,False,0,0,,,7
u_02790,lp_business_emails,2026-02-23 23:25:48+00:00,2026-02-23,2026-02-23 23:40:48+00:00,2026-02-24 00:15:48+00:00,smart_email_reply,True,True,True,1,0,0.25,0.8333333333333334,7
u_02791,lp_academic_writing,2026-02-04 20:44:22+00:00,2026-02-04,,,,False,False,False,0,0,,,7
u_02792,lp_business_emails,2026-02-18 07:44:33+00:00,2026-02-18,2026-02-18 07:47:33+00:00,2026-02-18 08:00:33+00:00,smart_email_reply,True,True,True,1,0,0.05,0.26666666666666666,7
u_02793,lp_business_emails,2026-02-19 10:43:00+00:00,2026-02-19,2026-02-19 10:51:00+00:00,2026-02-19 11:38:00+00:00,smart_email_reply,True,True,True,1,0,0.13333333333333333,0.9166666666666666,7
u_02794,lp_business_emails,2026-02-27 20:12:59+00:00,2026-02-27,,,,False,False,False,0,0,,,7
u_02795,lp_academic_writing,2026-02-13 11:27:20+00:00,2026-02-13,,,,False,False,False,0,0,,,7
u_02796,lp_business_emails,2026-02-14 05:37:25+00:00,2026-02-14,,,,False,False,False,0,0,,,7
u_02797,lp_business_emails,2026-02-12 19:26:52+00:00,2026-02-12,2026-02-12 19:29:52+00:00,2026-02-12 20:05:52+00:00,smart_email_reply,True,True,True,1,0,0.05,0.65,7
u_02798,lp_academic_writing,2026-02-15 06:16:44+00:00,2026-02-15,,,,False,False,False,0,0,,,7
u_02799,lp_academic_writing,2026-02-06 13:16:44+00:00,2026-02-06,2026-02-06 13:25:44+00:00,,,True,False,False,0,0,0.15,,7
u_02800,lp_business_emails,2026-02-06 02:22:58+00:00,2026-02-06,,,,False,False,False,0,0,,,7
u_02801,lp_business_emails,2026-02-16 15:10:11+00:00,2026-02-16,2026-02-16 15:17:11+00:00,,,True,False,False,0,0,0.11666666666666667,,7
u_02802,lp_business_emails,2026-02-11 23:26:52+00:00,2026-02-11,2026-02-11 23:29:52+00:00,,,True,False,False,0,0,0.05,,7
u_02803,lp_business_emails,2026-02-15 09:54:10+00:00,2026-02-15,2026-02-15 10:04:10+00:00,2026-02-15 10:14:10+00:00,smart_email_reply,True,True,True,1,0,0.16666666666666666,0.3333333333333333,7
u_02804,lp_academic_writing,2026-02-09 23:08:26+00:00,2026-02-09,,,,False,False,False,0,0,,,7
u_02805,lp_business_emails,2026-02-06 18:03:40+00:00,2026-02-06,2026-02-06 18:13:40+00:00,,,True,False,False,0,0,0.16666666666666666,,7
u_02806,lp_business_emails,2026-02-27 23:49:02+00:00,2026-02-27,2026-02-28 00:01:02+00:00,,,True,False,False,0,0,0.2,,7
u_02807,lp_business_emails,2026-02-26 08:35:21+00:00,2026-02-26,,,,False,False,False,0,0,,,7
u_02808,lp_business_emails,2026-02-22 08:12:11+00:00,2026-02-22,,,,False,False,False,0,0,,,7
u_02809,lp_academic_writing,2026-02-05 09:26:43+00:00,2026-02-05,2026-02-05 09:36:43+00:00,,,True,False,False,0,0,0.16666666666666666,,7
u_02810,lp_academic_writing,2026-02-26 18:10:16+00:00,2026-02-26,,,,False,False,False,0,0,,,7
u_02811,lp_business_emails,2026-02-20 06:36:43+00:00,2026-02-20,2026-02-20 06:39:43+00:00,2026-02-20 07:07:43+00:00,smart_email_reply,True,True,True,1,0,0.05,0.5166666666666667,7
u_02812,lp_business_emails,2026-02-24 08:44:08+00:00,2026-02-24,,,,False,False,False,0,0,,,7
u_02813,lp_business_emails,2026-02-15 23:56:13+00:00,2026-02-15,2026-02-16 00:04:13+00:00,2026-02-16 00:30:13+00:00,smart_email_reply,True,True,True,1,0,0.13333333333333333,0.5666666666666667,7
u_02814,lp_business_emails,2026-02-11 02:20:59+00:00,2026-02-11,,,,False,False,False,0,0,,,7
u_02815,lp_academic_writing,2026-02-13 07:00:02+00:00,2026-02-13,,,,False,False,False,0,0,,,7
u_02816,lp_academic_writing,2026-02-05 06:13:51+00:00,2026-02-05,,,,False,False,False,0,0,,,7
u_02817,lp_academic_writing,2026-02-14 07:10:05+00:00,2026-02-14,2026-02-14 07:16:05+00:00,,,True,False,False,0,0,0.1,,7
u_02818,lp_academic_writing,2026-02-21 11:11:15+00:00,2026-02-21,,,,False,False,False,0,0,,,7
u_02819,lp_business_emails,2026-02-14 21:02:22+00:00,2026-02-14,,,,False,False,False,0,0,,,7
u_02820,lp_business_emails,2026-02-22 05:09:37+00:00,2026-02-22,,,,False,False,False,0,0,,,7
u_02821,lp_academic_writing,2026-02-26 08:59:14+00:00,2026-02-26,2026-02-26 09:01:14+00:00,2026-02-26 09:40:14+00:00,academic_citation_helper,True,True,True,3,1,0.03333333333333333,0.6833333333333333,7
u_02822,lp_academic_writing,2026-02-15 08:22:55+00:00,2026-02-15,,,,False,False,False,0,0,,,7
u_02823,lp_academic_writing,2026-02-22 05:00:07+00:00,2026-02-22,,,,False,False,False,0,0,,,7
u_02824,lp_academic_writing,2026-02-07 13:06:47+00:00,2026-02-07,,,,False,False,False,0,0,,,7
u_02825,lp_business_emails,2026-02-10 11:03:51+00:00,2026-02-10,,,,False,False,False,0,0,,,7
u_02826,lp_business_emails,2026-02-01 12:58:52+00:00,2026-02-01,2026-02-01 13:13:52+00:00,,,True,False,False,0,0,0.25,,7
u_02827,lp_business_emails,2026-02-01 12:49:47+00:00,2026-02-01,,,,False,False,False,0,0,,,7
u_02828,lp_business_emails,2026-02-21 16:12:30+00:00,2026-02-21,,,,False,False,False,0,0,,,7
u_02829,lp_business_emails,2026-02-01 21:07:10+00:00,2026-02-01,2026-02-01 21:16:10+00:00,2026-02-01 22:06:10+00:00,smart_email_reply,True,True,True,1,0,0.15,0.9833333333333333,7
u_02830,lp_business_emails,2026-02-20 03:05:51+00:00,2026-02-20,2026-02-20 03:15:51+00:00,,,True,False,False,0,0,0.16666666666666666,,7
u_02831,lp_academic_writing,2026-02-08 22:18:07+00:00,2026-02-08,2026-02-08 22:24:07+00:00,,,True,False,False,0,0,0.1,,7
u_02832,lp_academic_writing,2026-02-18 12:06:08+00:00,2026-02-18,2026-02-18 12:16:08+00:00,,,True,False,False,0,0,0.16666666666666666,,7
u_02833,lp_business_emails,2026-02-22 12:51:26+00:00,2026-02-22,,,,False,False,False,0,0,,,7
u_02834,lp_academic_writing,2026-02-14 15:03:09+00:00,2026-02-14,,,,False,False,False,0,0,,,7
u_02835,lp_business_emails,2026-02-14 16:02:34+00:00,2026-02-14,2026-02-14 16:04:34+00:00,,,True,False,False,0,0,0.03333333333333333,,7
u_02836,lp_academic_writing,2026-02-02 05:18:19+00:00,2026-02-02,2026-02-02 05:22:19+00:00,2026-02-02 06:14:19+00:00,academic_citation_helper,True,True,True,3,1,0.06666666666666667,0.9333333333333333,7
u_02837,lp_business_emails,2026-02-12 23:35:34+00:00,2026-02-12,2026-02-12 23:47:34+00:00,,,True,False,False,0,0,0.2,,7
u_02838,lp_academic_writing,2026-02-02 00:45:35+00:00,2026-02-02,,,,False,False,False,0,0,,,7
u_02839,lp_academic_writing,2026-02-12 03:17:58+00:00,2026-02-12,,,,False,False,False,0,0,,,7
u_02840,lp_academic_writing,2026-02-11 07:23:42+00:00,2026-02-11,2026-02-11 07:33:42+00:00,2026-02-11 08:00:42+00:00,academic_citation_helper,True,True,True,1,0,0.16666666666666666,0.6166666666666667,7
u_02841,lp_business_emails,2026-02-14 03:05:48+00:00,2026-02-14,,,,False,False,False,0,0,,,7
u_02842,lp_business_emails,2026-02-09 02:18:40+00:00,2026-02-09,,,,False,False,False,0,0,,,7
u_02843,lp_academic_writing,2026-02-13 13:12:25+00:00,2026-02-13,2026-02-13 13:18:25+00:00,2026-02-13 14:01:25+00:00,academic_citation_helper,True,True,True,4,1,0.1,0.8166666666666667,7
u_02844,lp_academic_writing,2026-02-14 09:58:38+00:00,2026-02-14,2026-02-14 10:07:38+00:00,2026-02-14 10:53:38+00:00,academic_citation_helper,True,True,True,3,1,0.15,0.9166666666666666,7
u_02845,lp_academic_writing,2026-02-17 13:41:52+00:00,2026-02-17,2026-02-17 13:42:52+00:00,2026-02-17 14:33:52+00:00,academic_citation_helper,True,True,True,3,1,0.016666666666666666,0.8666666666666667,7
u_02846,lp_business_emails,2026-02-18 22:43:19+00:00,2026-02-18,2026-02-18 22:53:19+00:00,,,True,False,False,0,0,0.16666666666666666,,7
u_02847,lp_academic_writing,2026-02-23 11:29:31+00:00,2026-02-23,2026-02-23 11:30:31+00:00,,,True,False,False,0,0,0.016666666666666666,,7
u_02848,lp_academic_writing,2026-02-28 12:05:01+00:00,2026-02-28,,,,False,False,False,0,0,,,7
u_02849,lp_business_emails,2026-02-22 09:17:00+00:00,2026-02-22,,,,False,False,False,0,0,,,7
u_02850,lp_academic_writing,2026-02-09 13:05:31+00:00,2026-02-09,,,,False,False,False,0,0,,,7
u_02851,lp_academic_writing,2026-02-08 21:44:14+00:00,2026-02-08,,,,False,False,False,0,0,,,7
u_02852,lp_academic_writing,2026-02-18 00:48:02+00:00,2026-02-18,,,,False,False,False,0,0,,,7
u_02853,lp_business_emails,2026-02-24 04:41:21+00:00,2026-02-24,2026-02-24 04:52:21+00:00,,,True,False,False,0,0,0.18333333333333332,,7
u_02854,lp_business_emails,2026-02-19 21:42:41+00:00,2026-02-19,,,,False,False,False,0,0,,,7
u_02855,lp_academic_writing,2026-02-05 17:13:04+00:00,2026-02-05,,,,False,False,False,0,0,,,7
u_02856,lp_business_emails,2026-02-13 22:09:35+00:00,2026-02-13,,,,False,False,False,0,0,,,7
u_02857,lp_academic_writing,2026-02-14 22:29:11+00:00,2026-02-14,,,,False,False,False,0,0,,,7
u_02858,lp_business_emails,2026-02-12 23:20:26+00:00,2026-02-12,2026-02-12 23:22:26+00:00,,,True,False,False,0,0,0.03333333333333333,,7
u_02859,lp_academic_writing,2026-02-11 18:46:29+00:00,2026-02-11,,,,False,False,False,0,0,,,7
u_02860,lp_business_emails,2026-02-05 23:18:29+00:00,2026-02-05,,,,False,False,False,0,0,,,7
u_02861,lp_academic_writing,2026-02-26 20:41:04+00:00,2026-02-26,,,,False,False,False,0,0,,,7
u_02862,lp_academic_writing,2026-02-04 04:59:01+00:00,2026-02-04,,,,False,False,False,0,0,,,7
u_02863,lp_business_emails,2026-02-13 14:34:36+00:00,2026-02-13,,,,False,False,False,0,0,,,7
u_02864,lp_business_emails,2026-02-19 19:40:26+00:00,2026-02-19,,,,False,False,False,0,0,,,7
u_02865,lp_business_emails,2026-02-25 14:00:16+00:00,2026-02-25,,,,False,False,False,0,0,,,7
u_02866,lp_business_emails,2026-02-16 22:54:09+00:00,2026-02-16,,,,False,False,False,0,0,,,7
u_02867,lp_academic_writing,2026-02-05 18:40:31+00:00,2026-02-05,2026-02-05 18:41:31+00:00,2026-02-05 19:05:31+00:00,academic_citation_helper,True,True,True,4,1,0.016666666666666666,0.4166666666666667,7
u_02868,lp_academic_writing,2026-02-18 05:30:24+00:00,2026-02-18,2026-02-18 05:34:24+00:00,,,True,False,False,0,0,0.06666666666666667,,7
u_02869,lp_academic_writing,2026-02-26 19:43:10+00:00,2026-02-26,,,,False,False,False,0,0,,,7
u_02870,lp_academic_writing,2026-02-19 20:48:43+00:00,2026-02-19,2026-02-19 20:56:43+00:00,2026-02-19 21:03:43+00:00,academic_citation_helper,True,True,True,4,1,0.13333333333333333,0.25,7
u_02871,lp_academic_writing,2026-02-06 12:56:24+00:00,2026-02-06,,,,False,False,False,0,0,,,7
u_02872,lp_business_emails,2026-02-11 10:59:14+00:00,2026-02-11,,,,False,False,False,0,0,,,7
u_02873,lp_business_emails,2026-02-19 15:54:17+00:00,2026-02-19,,,,False,False,False,0,0,,,7
u_02874,lp_academic_writing,2026-02-09 04:26:35+00:00,2026-02-09,2026-02-09 04:31:35+00:00,2026-02-09 05:12:35+00:00,academic_citation_helper,True,True,True,1,0,0.08333333333333333,0.7666666666666667,7
u_02875,lp_business_emails,2026-02-26 03:33:36+00:00,2026-02-26,,,,False,False,False,0,0,,,7
u_02876,lp_academic_writing,2026-02-12 16:51:32+00:00,2026-02-12,,,,False,False,False,0,0,,,7
u_02877,lp_business_emails,2026-02-09 02:22:50+00:00,2026-02-09,2026-02-09 02:25:50+00:00,2026-02-09 02:40:50+00:00,smart_email_reply,True,True,True,1,0,0.05,0.3,7
u_02878,lp_business_emails,2026-02-11 12:11:20+00:00,2026-02-11,,,,False,False,False,0,0,,,7
u_02879,lp_business_emails,2026-02-05 16:02:30+00:00,2026-02-05,,,,False,False,False,0,0,,,7
u_02880,lp_academic_writing,2026-02-26 21:04:36+00:00,2026-02-26,,,,False,False,False,0,0,,,7
u_02881,lp_academic_writing,2026-02-20 10:40:44+00:00,2026-02-20,2026-02-20 10:43:44+00:00,2026-02-20 11:28:44+00:00,academic_citation_helper,True,True,True,1,0,0.05,0.8,7
u_02882,lp_business_emails,2026-02-14 13:55:37+00:00,2026-02-14,2026-02-14 13:59:37+00:00,2026-02-14 14:57:37+00:00,smart_email_reply,True,True,True,1,0,0.06666666666666667,1.0333333333333334,7
u_02883,lp_academic_writing,2026-02-13 11:30:42+00:00,2026-02-13,,,,False,False,False,0,0,,,7
u_02884,lp_academic_writing,2026-02-03 19:49:11+00:00,2026-02-03,,,,False,False,False,0,0,,,7
u_02885,lp_business_emails,2026-02-27 18:34:52+00:00,2026-02-27,2026-02-27 18:45:52+00:00,2026-02-27 19:21:52+00:00,smart_email_reply,True,True,True,1,0,0.18333333333333332,0.7833333333333333,7
u_02886,lp_business_emails,2026-02-05 22:28:31+00:00,2026-02-05,2026-02-05 22:43:31+00:00,2026-02-05 23:42:31+00:00,smart_email_reply,True,True,True,2,1,0.25,1.2333333333333334,7
u_02887,lp_academic_writing,2026-02-19 21:14:52+00:00,2026-02-19,2026-02-19 21:19:52+00:00,,,True,False,False,0,0,0.08333333333333333,,7
u_02888,lp_academic_writing,2026-02-03 02:32:46+00:00,2026-02-03,,,,False,False,False,0,0,,,7
u_02889,lp_business_emails,2026-02-24 15:46:40+00:00,2026-02-24,,,,False,False,False,0,0,,,7
u_02890,lp_academic_writing,2026-02-02 13:22:12+00:00,2026-02-02,,,,False,False,False,0,0,,,7
u_02891,lp_business_emails,2026-02-13 11:40:21+00:00,2026-02-13,2026-02-13 11:52:21+00:00,,,True,False,False,0,0,0.2,,7
u_02892,lp_business_emails,2026-02-16 04:31:54+00:00,2026-02-16,,,,False,False,False,0,0,,,7
u_02893,lp_business_emails,2026-02-04 09:46:03+00:00,2026-02-04,,,,False,False,False,0,0,,,7
u_02894,lp_academic_writing,2026-02-26 15:20:17+00:00,2026-02-26,2026-02-26 15:23:17+00:00,2026-02-26 15:44:17+00:00,academic_citation_helper,True,True,True,3,1,0.05,0.4,7
u_02895,lp_business_emails,2026-02-13 16:12:04+00:00,2026-02-13,2026-02-13 16:16:04+00:00,,,True,False,False,0,0,0.06666666666666667,,7
u_02896,lp_academic_writing,2026-02-27 06:50:57+00:00,2026-02-27,,,,False,False,False,0,0,,,7
u_02897,lp_academic_writing,2026-02-06 18:31:13+00:00,2026-02-06,,,,False,False,False,0,0,,,7
u_02898,lp_academic_writing,2026-02-14 23:19:17+00:00,2026-02-14,2026-02-14 23:25:17+00:00,2026-02-15 00:05:17+00:00,academic_citation_helper,True,True,True,1,0,0.1,0.7666666666666667,7
u_02899,lp_academic_writing,2026-02-12 20:18:45+00:00,2026-02-12,,,,False,False,False,0,0,,,7
u_02900,lp_business_emails,2026-02-25 12:48:13+00:00,2026-02-25,2026-02-25 12:53:13+00:00,,,True,False,False,0,0,0.08333333333333333,,7
u_02901,lp_business_emails,2026-02-25 00:40:23+00:00,2026-02-25,,,,False,False,False,0,0,,,7
u_02902,lp_academic_writing,2026-02-21 10:11:45+00:00,2026-02-21,,,,False,False,False,0,0,,,7
u_02903,lp_business_emails,2026-02-20 06:47:26+00:00,2026-02-20,,,,False,False,False,0,0,,,7
u_02904,lp_academic_writing,2026-02-11 13:57:47+00:00,2026-02-11,,,,False,False,False,0,0,,,7
u_02905,lp_academic_writing,2026-02-23 13:19:36+00:00,2026-02-23,2026-02-23 13:25:36+00:00,2026-02-23 14:20:36+00:00,academic_citation_helper,True,True,True,3,1,0.1,1.0166666666666666,7
u_02906,lp_business_emails,2026-02-21 03:24:32+00:00,2026-02-21,,,,False,False,False,0,0,,,7
u_02907,lp_academic_writing,2026-02-10 21:34:28+00:00,2026-02-10,2026-02-10 21:42:28+00:00,,,True,False,False,0,0,0.13333333333333333,,7
u_02908,lp_academic_writing,2026-02-12 20:46:36+00:00,2026-02-12,2026-02-12 20:49:36+00:00,2026-02-12 21:42:36+00:00,academic_citation_helper,True,True,True,2,1,0.05,0.9333333333333333,7
u_02909,lp_academic_writing,2026-02-09 05:43:37+00:00,2026-02-09,,,,False,False,False,0,0,,,7
u_02910,lp_business_emails,2026-02-19 18:44:27+00:00,2026-02-19,,,,False,False,False,0,0,,,7
u_02911,lp_business_emails,2026-02-11 05:34:48+00:00,2026-02-11,2026-02-11 05:49:48+00:00,2026-02-11 06:13:48+00:00,smart_email_reply,True,True,True,1,0,0.25,0.65,7
u_02912,lp_academic_writing,2026-02-22 00:15:23+00:00,2026-02-22,,,,False,False,False,0,0,,,7
u_02913,lp_business_emails,2026-02-12 16:19:18+00:00,2026-02-12,,,,False,False,False,0,0,,,7
u_02914,lp_academic_writing,2026-02-20 21:58:30+00:00,2026-02-20,2026-02-20 21:59:30+00:00,,,True,False,False,0,0,0.016666666666666666,,7
u_02915,lp_academic_writing,2026-02-12 12:14:57+00:00,2026-02-12,,,,False,False,False,0,0,,,7
u_02916,lp_business_emails,2026-02-02 14:40:45+00:00,2026-02-02,2026-02-02 14:42:45+00:00,,,True,False,False,0,0,0.03333333333333333,,7
u_02917,lp_academic_writing,2026-02-07 14:44:03+00:00,2026-02-07,,,,False,False,False,0,0,,,7
u_02918,lp_academic_writing,2026-02-11 07:59:36+00:00,2026-02-11,,,,False,False,False,0,0,,,7
u_02919,lp_business_emails,2026-02-03 11:29:49+00:00,2026-02-03,,,,False,False,False,0,0,,,7
u_02920,lp_academic_writing,2026-02-22 07:00:57+00:00,2026-02-22,,,,False,False,False,0,0,,,7
u_02921,lp_business_emails,2026-02-19 14:10:33+00:00,2026-02-19,2026-02-19 14:20:33+00:00,,,True,False,False,0,0,0.16666666666666666,,7
u_02922,lp_business_emails,2026-02-13 21:50:31+00:00,2026-02-13,,,,False,False,False,0,0,,,7
u_02923,lp_business_emails,2026-02-10 20:27:25+00:00,2026-02-10,,,,False,False,False,0,0,,,7
u_02924,lp_business_emails,2026-02-19 06:35:05+00:00,2026-02-19,,,,False,False,False,0,0,,,7
u_02925,lp_academic_writing,2026-02-01 08:10:37+00:00,2026-02-01,2026-02-01 08:16:37+00:00,2026-02-01 09:05:37+00:00,academic_citation_helper,True,True,True,4,1,0.1,0.9166666666666666,7
u_02926,lp_business_emails,2026-02-05 04:01:51+00:00,2026-02-05,,,,False,False,False,0,0,,,7
u_02927,lp_academic_writing,2026-02-21 16:23:31+00:00,2026-02-21,,,,False,False,False,0,0,,,7
u_02928,lp_business_emails,2026-02-27 21:42:03+00:00,2026-02-27,2026-02-27 21:56:03+00:00,,,True,False,False,0,0,0.23333333333333334,,7
u_02929,lp_academic_writing,2026-02-01 13:04:31+00:00,2026-02-01,,,,False,False,False,0,0,,,7
u_02930,lp_business_emails,2026-02-20 00:47:36+00:00,2026-02-20,2026-02-20 00:54:36+00:00,2026-02-20 01:27:36+00:00,smart_email_reply,True,True,True,1,0,0.11666666666666667,0.6666666666666666,7
u_02931,lp_academic_writing,2026-02-23 18:53:31+00:00,2026-02-23,2026-02-23 19:03:31+00:00,2026-02-23 19:43:31+00:00,academic_citation_helper,True,True,True,2,1,0.16666666666666666,0.8333333333333334,7
u_02932,lp_business_emails,2026-02-13 06:26:20+00:00,2026-02-13,2026-02-13 06:38:20+00:00,,,True,False,False,0,0,0.2,,7
u_02933,lp_business_emails,2026-02-26 02:27:13+00:00,2026-02-26,,,,False,False,False,0,0,,,7
u_02934,lp_business_emails,2026-02-08 02:39:06+00:00,2026-02-08,,,,False,False,False,0,0,,,7
u_02935,lp_academic_writing,2026-02-09 21:31:16+00:00,2026-02-09,2026-02-09 21:32:16+00:00,,,True,False,False,0,0,0.016666666666666666,,7
u_02936,lp_business_emails,2026-02-27 05:12:49+00:00,2026-02-27,2026-02-27 05:16:49+00:00,2026-02-27 05:51:49+00:00,smart_email_reply,True,True,True,1,0,0.06666666666666667,0.65,7
u_02937,lp_business_emails,2026-02-07 08:01:42+00:00,2026-02-07,2026-02-07 08:15:42+00:00,2026-02-07 09:02:42+00:00,smart_email_reply,True,True,True,1,0,0.23333333333333334,1.0166666666666666,7
u_02938,lp_academic_writing,2026-02-17 17:46:20+00:00,2026-02-17,,,,False,False,False,0,0,,,7
u_02939,lp_business_emails,2026-02-09 13:44:00+00:00,2026-02-09,,,,False,False,False,0,0,,,7
u_02940,lp_business_emails,2026-02-22 17:04:21+00:00,2026-02-22,2026-02-22 17:07:21+00:00,2026-02-22 18:02:21+00:00,smart_email_reply,True,True,True,1,0,0.05,0.9666666666666667,7
u_02941,lp_business_emails,2026-02-08 11:43:36+00:00,2026-02-08,2026-02-08 11:44:36+00:00,2026-02-08 11:51:36+00:00,smart_email_reply,True,True,True,3,1,0.016666666666666666,0.13333333333333333,7
u_02942,lp_academic_writing,2026-02-22 04:05:46+00:00,2026-02-22,2026-02-22 04:15:46+00:00,,,True,False,False,0,0,0.16666666666666666,,7
u_02943,lp_business_emails,2026-02-06 21:06:05+00:00,2026-02-06,,,,False,False,False,0,0,,,7
u_02944,lp_business_emails,2026-02-19 09:44:57+00:00,2026-02-19,,,,False,False,False,0,0,,,7
u_02945,lp_academic_writing,2026-02-08 09:08:38+00:00,2026-02-08,2026-02-08 09:10:38+00:00,,,True,False,False,0,0,0.03333333333333333,,7
u_02946,lp_business_emails,2026-02-08 14:46:04+00:00,2026-02-08,2026-02-08 14:47:04+00:00,,,True,False,False,0,0,0.016666666666666666,,7
u_02947,lp_business_emails,2026-02-27 03:29:51+00:00,2026-02-27,2026-02-27 03:40:51+00:00,,,True,False,False,0,0,0.18333333333333332,,7
u_02948,lp_business_emails,2026-02-11 13:17:03+00:00,2026-02-11,,,,False,False,False,0,0,,,7
u_02949,lp_academic_writing,2026-02-16 18:55:54+00:00,2026-02-16,2026-02-16 18:58:54+00:00,2026-02-16 19:32:54+00:00,academic_citation_helper,True,True,True,3,1,0.05,0.6166666666666667,7
u_02950,lp_academic_writing,2026-02-06 06:36:31+00:00,2026-02-06,,,,False,False,False,0,0,,,7
u_02951,lp_business_emails,2026-02-13 00:04:12+00:00,2026-02-13,,,,False,False,False,0,0,,,7
u_02952,lp_academic_writing,2026-02-26 21:42:05+00:00,2026-02-26,,,,False,False,False,0,0,,,7
u_02953,lp_business_emails,2026-02-10 17:45:20+00:00,2026-02-10,,,,False,False,False,0,0,,,7
u_02954,lp_academic_writing,2026-02-04 10:23:56+00:00,2026-02-04,2026-02-04 10:30:56+00:00,,,True,False,False,0,0,0.11666666666666667,,7
u_02955,lp_business_emails,2026-02-08 16:20:56+00:00,2026-02-08,2026-02-08 16:33:56+00:00,,,True,False,False,0,0,0.21666666666666667,,7
u_02956,lp_academic_writing,2026-02-28 07:47:41+00:00,2026-02-28,,,,False,False,False,0,0,,,7
u_02957,lp_academic_writing,2026-02-11 07:35:04+00:00,2026-02-11,2026-02-11 07:45:04+00:00,2026-02-11 08:03:04+00:00,academic_citation_helper,True,True,True,2,1,0.16666666666666666,0.4666666666666667,7
u_02958,lp_business_emails,2026-02-07 04:17:54+00:00,2026-02-07,,,,False,False,False,0,0,,,7
u_02959,lp_business_emails,2026-02-26 07:49:05+00:00,2026-02-26,,,,False,False,False,0,0,,,7
u_02960,lp_academic_writing,2026-02-24 16:39:10+00:00,2026-02-24,2026-02-24 16:46:10+00:00,2026-02-24 17:01:10+00:00,academic_citation_helper,True,True,True,1,0,0.11666666666666667,0.36666666666666664,7
u_02961,lp_business_emails,2026-02-16 11:37:23+00:00,2026-02-16,2026-02-16 11:48:23+00:00,,,True,False,False,0,0,0.18333333333333332,,7
u_02962,lp_business_emails,2026-02-03 10:46:17+00:00,2026-02-03,2026-02-06 16:55:07+00:00,,,True,False,False,0,0,78.14722222222223,,7
u_02963,lp_academic_writing,2026-02-03 20:29:59+00:00,2026-02-03,,,,False,False,False,0,0,,,7
u_02964,lp_academic_writing,2026-02-26 11:52:09+00:00,2026-02-26,2026-02-26 11:56:09+00:00,,,True,False,False,0,0,0.06666666666666667,,7
u_02965,lp_business_emails,2026-02-06 15:48:14+00:00,2026-02-06,2026-02-06 15:59:14+00:00,,,True,False,False,0,0,0.18333333333333332,,7
u_02966,lp_academic_writing,2026-02-13 07:39:47+00:00,2026-02-13,,,,False,False,False,0,0,,,7
u_02967,lp_business_emails,2026-02-07 12:22:12+00:00,2026-02-07,,,,False,False,False,0,0,,,7
u_02968,lp_academic_writing,2026-02-24 17:36:04+00:00,2026-02-24,2026-02-24 17:43:04+00:00,,,True,False,False,0,0,0.11666666666666667,,7
u_02969,lp_academic_writing,2026-02-22 12:51:19+00:00,2026-02-22,2026-02-22 12:54:19+00:00,2026-02-22 13:06:19+00:00,academic_citation_helper,True,True,True,1,0,0.05,0.25,7
u_02970,lp_business_emails,2026-02-12 04:49:44+00:00,2026-02-12,,,,False,False,False,0,0,,,7
u_02971,lp_academic_writing,2026-02-19 19:17:51+00:00,2026-02-19,,,,False,False,False,0,0,,,7
u_02972,lp_academic_writing,2026-02-13 16:46:59+00:00,2026-02-13,,,,False,False,False,0,0,,,7
u_02973,lp_business_emails,2026-02-08 01:29:45+00:00,2026-02-08,2026-02-08 01:31:45+00:00,,,True,False,False,0,0,0.03333333333333333,,7
u_02974,lp_academic_writing,2026-02-10 07:06:03+00:00,2026-02-10,2026-02-10 07:15:03+00:00,,,True,False,False,0,0,0.15,,7
u_02975,lp_academic_writing,2026-02-02 16:09:07+00:00,2026-02-02,2026-02-02 16:15:07+00:00,2026-02-02 16:51:07+00:00,academic_citation_helper,True,True,True,4,1,0.1,0.7,7
u_02976,lp_academic_writing,2026-02-10 19:14:50+00:00,2026-02-10,2026-02-10 19:20:50+00:00,2026-02-10 20:00:50+00:00,academic_citation_helper,True,True,True,2,1,0.1,0.7666666666666667,7
u_02977,lp_academic_writing,2026-02-05 22:25:28+00:00,2026-02-05,,,,False,False,False,0,0,,,7
u_02978,lp_academic_writing,2026-02-13 12:47:02+00:00,2026-02-13,,,,False,False,False,0,0,,,7
u_02979,lp_business_emails,2026-02-14 08:54:10+00:00,2026-02-14,,,,False,False,False,0,0,,,7
u_02980,lp_academic_writing,2026-02-23 10:53:39+00:00,2026-02-23,2026-02-23 11:01:39+00:00,,,True,False,False,0,0,0.13333333333333333,,7
u_02981,lp_business_emails,2026-02-18 22:10:43+00:00,2026-02-18,,,,False,False,False,0,0,,,7
u_02982,lp_business_emails,2026-02-11 11:45:59+00:00,2026-02-11,2026-02-11 11:51:59+00:00,,,True,False,False,0,0,0.1,,7
u_02983,lp_academic_writing,2026-02-17 01:27:33+00:00,2026-02-17,2026-02-17 01:29:33+00:00,2026-02-17 01:49:33+00:00,academic_citation_helper,True,True,True,4,1,0.03333333333333333,0.36666666666666664,7
u_02984,lp_business_emails,2026-02-01 01:41:53+00:00,2026-02-01,,,,False,False,False,0,0,,,7
u_02985,lp_business_emails,2026-02-11 12:43:07+00:00,2026-02-11,,,,False,False,False,0,0,,,7
u_02986,lp_academic_writing,2026-02-22 05:26:35+00:00,2026-02-22,,,,False,False,False,0,0,,,7
u_02987,lp_business_emails,2026-02-28 05:05:10+00:00,2026-02-28,,,,False,False,False,0,0,,,7
u_02988,lp_academic_writing,2026-02-27 20:59:47+00:00,2026-02-27,2026-02-27 21:03:47+00:00,2026-02-27 21:19:47+00:00,academic_citation_helper,True,True,True,2,1,0.06666666666666667,0.3333333333333333,7
u_02989,lp_business_emails,2026-02-12 13:53:58+00:00,2026-02-12,,,,False,False,False,0,0,,,7
u_02990,lp_academic_writing,2026-02-19 01:54:48+00:00,2026-02-19,,,,False,False,False,0,0,,,7
u_02991,lp_academic_writing,2026-02-26 11:18:07+00:00,2026-02-26,,,,False,False,False,0,0,,,7
u_02992,lp_academic_writing,2026-02-17 16:48:09+00:00,2026-02-17,2026-02-17 16:54:09+00:00,2026-02-17 17:12:09+00:00,academic_citation_helper,True,True,True,2,1,0.1,0.4,7
u_02993,lp_academic_writing,2026-02-06 18:35:54+00:00,2026-02-06,2026-02-06 18:42:54+00:00,,,True,False,False,0,0,0.11666666666666667,,7
u_02994,lp_business_emails,2026-02-10 09:34:44+00:00,2026-02-10,,,,False,False,False,0,0,,,7
u_02995,lp_business_emails,2026-02-18 11:00:30+00:00,2026-02-18,2026-02-18 11:02:30+00:00,2026-02-18 11:48:30+00:00,smart_email_reply,True,True,True,1,0,0.03333333333333333,0.8,7
u_02996,lp_academic_writing,2026-02-08 03:09:02+00:00,2026-02-08,,,,False,False,False,0,0,,,7
u_02997,lp_business_emails,2026-02-16 06:26:31+00:00,2026-02-16,2026-02-16 06:31:31+00:00,,,True,False,False,0,0,0.08333333333333333,,7
u_02998,lp_business_emails,2026-02-05 12:13:42+00:00,2026-02-05,,,,False,False,False,0,0,,,7
u_02999,lp_business_emails,2026-02-01 21:08:37+00:00,2026-02-01,,,,False,False,False,0,0,,,7
u_03000,lp_business_emails,2026-02-07 21:31:27+00:00,2026-02-07,,,,False,False,False,0,0,,,7
u_03001,lp_academic_writing,2026-02-18 19:12:04+00:00,2026-02-18,,,,False,False,False,0,0,,,7
u_03002,lp_business_emails,2026-02-04 23:27:51+00:00,2026-02-04,2026-02-04 23:41:51+00:00,,,True,False,False,0,0,0.23333333333333334,,7
u_03003,lp_business_emails,2026-02-27 21:27:09+00:00,2026-02-27,,,,False,False,False,0,0,,,7
u_03004,lp_business_emails,2026-02-15 11:43:13+00:00,2026-02-15,,,,False,False,False,0,0,,,7
u_03005,lp_academic_writing,2026-02-18 16:07:16+00:00,2026-02-18,,,,False,False,False,0,0,,,7
u_03006,lp_academic_writing,2026-02-13 22:02:15+00:00,2026-02-13,,,,False,False,False,0,0,,,7
u_03007,lp_academic_writing,2026-02-27 06:31:17+00:00,2026-02-27,2026-02-27 06:36:17+00:00,2026-02-27 07:17:17+00:00,academic_citation_helper,True,True,True,2,1,0.08333333333333333,0.7666666666666667,7
u_03008,lp_academic_writing,2026-02-15 19:13:15+00:00,2026-02-15,,,,False,False,False,0,0,,,7
u_03009,lp_business_emails,2026-02-12 20:48:56+00:00,2026-02-12,,,,False,False,False,0,0,,,7
u_03010,lp_business_emails,2026-02-08 05:51:25+00:00,2026-02-08,2026-02-08 05:52:25+00:00,,,True,False,False,0,0,0.016666666666666666,,7
u_03011,lp_academic_writing,2026-02-15 09:36:08+00:00,2026-02-15,,,,False,False,False,0,0,,,7
u_03012,lp_business_emails,2026-02-23 03:40:51+00:00,2026-02-23,2026-02-23 03:44:51+00:00,,,True,False,False,0,0,0.06666666666666667,,7
u_03013,lp_academic_writing,2026-02-24 16:19:53+00:00,2026-02-24,,,,False,False,False,0,0,,,7
u_03014,lp_business_emails,2026-02-07 21:43:23+00:00,2026-02-07,,,,False,False,False,0,0,,,7
u_03015,lp_business_emails,2026-02-16 21:34:26+00:00,2026-02-16,2026-02-16 21:41:26+00:00,2026-02-16 22:00:26+00:00,smart_email_reply,True,True,True,1,0,0.11666666666666667,0.43333333333333335,7
u_03016,lp_academic_writing,2026-02-18 18:22:22+00:00,2026-02-18,,,,False,False,False,0,0,,,7
u_03017,lp_business_emails,2026-02-21 21:31:03+00:00,2026-02-21,2026-02-21 21:35:03+00:00,,,True,False,False,0,0,0.06666666666666667,,7
u_03018,lp_academic_writing,2026-02-20 07:45:18+00:00,2026-02-20,,,,False,False,False,0,0,,,7
u_03019,lp_business_emails,2026-02-13 19:54:07+00:00,2026-02-13,2026-02-13 19:58:07+00:00,2026-02-13 20:08:07+00:00,smart_email_reply,True,True,True,1,0,0.06666666666666667,0.23333333333333334,7
u_03020,lp_business_emails,2026-02-05 15:18:24+00:00,2026-02-05,,,,False,False,False,0,0,,,7
u_03021,lp_business_emails,2026-02-13 14:37:25+00:00,2026-02-13,2026-02-13 14:43:25+00:00,,,True,False,False,0,0,0.1,,7
u_03022,lp_academic_writing,2026-02-12 22:25:45+00:00,2026-02-12,2026-02-12 22:33:45+00:00,,,True,False,False,0,0,0.13333333333333333,,7
u_03023,lp_academic_writing,2026-02-10 15:18:04+00:00,2026-02-10,,,,False,False,False,0,0,,,7
u_03024,lp_business_emails,2026-02-27 18:12:08+00:00,2026-02-27,2026-02-27 18:15:08+00:00,,,True,False,False,0,0,0.05,,7
u_03025,lp_academic_writing,2026-02-21 23:24:49+00:00,2026-02-21,,,,False,False,False,0,0,,,7
u_03026,lp_academic_writing,2026-02-21 07:29:18+00:00,2026-02-21,2026-02-21 07:30:18+00:00,2026-02-21 07:46:18+00:00,academic_citation_helper,True,True,True,1,0,0.016666666666666666,0.2833333333333333,7
u_03027,lp_business_emails,2026-02-09 13:05:31+00:00,2026-02-09,,,,False,False,False,0,0,,,7
u_03028,lp_business_emails,2026-02-15 04:09:47+00:00,2026-02-15,,,,False,False,False,0,0,,,7
u_03029,lp_business_emails,2026-02-23 07:48:58+00:00,2026-02-23,2026-02-23 07:51:58+00:00,2026-02-23 08:02:58+00:00,smart_email_reply,True,True,True,1,0,0.05,0.23333333333333334,7
u_03030,lp_business_emails,2026-02-13 23:16:45+00:00,2026-02-13,,,,False,False,False,0,0,,,7
u_03031,lp_academic_writing,2026-02-08 21:28:46+00:00,2026-02-08,,,,False,False,False,0,0,,,7
u_03032,lp_academic_writing,2026-02-02 12:24:26+00:00,2026-02-02,,,,False,False,False,0,0,,,7
u_03033,lp_academic_writing,2026-02-06 13:10:42+00:00,2026-02-06,,,,False,False,False,0,0,,,7
u_03034,lp_business_emails,2026-02-03 17:17:20+00:00,2026-02-03,2026-02-03 17:23:20+00:00,,,True,False,False,0,0,0.1,,7
u_03035,lp_business_emails,2026-02-16 10:38:56+00:00,2026-02-16,,,,False,False,False,0,0,,,7
u_03036,lp_business_emails,2026-02-10 20:15:13+00:00,2026-02-10,,,,False,False,False,0,0,,,7
u_03037,lp_business_emails,2026-02-19 06:40:25+00:00,2026-02-19,,,,False,False,False,0,0,,,7
u_03038,lp_business_emails,2026-02-02 20:44:22+00:00,2026-02-02,,,,False,False,False,0,0,,,7
u_03039,lp_business_emails,2026-02-02 13:25:52+00:00,2026-02-02,,,,False,False,False,0,0,,,7
u_03040,lp_academic_writing,2026-02-27 02:29:51+00:00,2026-02-27,,,,False,False,False,0,0,,,7
u_03041,lp_business_emails,2026-02-03 19:07:09+00:00,2026-02-03,,,,False,False,False,0,0,,,7
u_03042,lp_business_emails,2026-02-13 22:55:20+00:00,2026-02-13,,,,False,False,False,0,0,,,7
u_03043,lp_academic_writing,2026-02-11 18:02:38+00:00,2026-02-11,,,,False,False,False,0,0,,,7
u_03044,lp_academic_writing,2026-02-24 18:16:03+00:00,2026-02-24,,,,False,False,False,0,0,,,7
u_03045,lp_academic_writing,2026-02-09 02:59:09+00:00,2026-02-09,,,,False,False,False,0,0,,,7
u_03046,lp_academic_writing,2026-02-03 22:42:40+00:00,2026-02-03,,,,False,False,False,0,0,,,7
u_03047,lp_academic_writing,2026-02-16 06:37:30+00:00,2026-02-16,,,,False,False,False,0,0,,,7
u_03048,lp_academic_writing,2026-02-19 15:45:23+00:00,2026-02-19,2026-02-19 15:53:23+00:00,,,True,False,False,0,0,0.13333333333333333,,7
u_03049,lp_academic_writing,2026-02-14 05:31:58+00:00,2026-02-14,,,,False,False,False,0,0,,,7
u_03050,lp_academic_writing,2026-02-09 15:49:14+00:00,2026-02-09,,,,False,False,False,0,0,,,7
u_03051,lp_academic_writing,2026-02-22 19:30:07+00:00,2026-02-22,2026-02-22 19:39:07+00:00,,,True,False,False,0,0,0.15,,7
u_03052,lp_business_emails,2026-02-07 04:29:38+00:00,2026-02-07,,,,False,False,False,0,0,,,7
u_03053,lp_academic_writing,2026-02-28 10:45:47+00:00,2026-02-28,,,,False,False,False,0,0,,,7
u_03054,lp_business_emails,2026-02-01 18:23:59+00:00,2026-02-01,2026-02-01 18:25:59+00:00,,,True,False,False,0,0,0.03333333333333333,,7
u_03055,lp_academic_writing,2026-02-04 23:54:13+00:00,2026-02-04,,,,False,False,False,0,0,,,7
u_03056,lp_academic_writing,2026-02-18 15:39:46+00:00,2026-02-18,,,,False,False,False,0,0,,,7
u_03057,lp_academic_writing,2026-02-24 02:06:40+00:00,2026-02-24,,,,False,False,False,0,0,,,7
u_03058,lp_academic_writing,2026-02-11 08:33:36+00:00,2026-02-11,,,,False,False,False,0,0,,,7
u_03059,lp_academic_writing,2026-02-05 19:34:01+00:00,2026-02-05,,,,False,False,False,0,0,,,7
u_03060,lp_business_emails,2026-02-25 22:58:03+00:00,2026-02-25,2026-02-25 23:00:03+00:00,2026-02-25 23:58:03+00:00,smart_email_reply,True,True,True,1,0,0.03333333333333333,1.0,7
u_03061,lp_business_emails,2026-02-12 21:03:23+00:00,2026-02-12,2026-02-12 21:06:23+00:00,,,True,False,False,0,0,0.05,,7
u_03062,lp_academic_writing,2026-02-15 15:20:41+00:00,2026-02-15,,,,False,False,False,0,0,,,7
u_03063,lp_business_emails,2026-02-08 07:16:11+00:00,2026-02-08,,,,False,False,False,0,0,,,7
u_03064,lp_business_emails,2026-02-01 02:50:07+00:00,2026-02-01,2026-02-01 03:00:07+00:00,2026-02-01 03:32:07+00:00,smart_email_reply,True,True,True,2,1,0.16666666666666666,0.7,7
u_03065,lp_business_emails,2026-02-24 02:43:25+00:00,2026-02-24,2026-02-24 02:47:25+00:00,2026-02-24 02:57:25+00:00,smart_email_reply,True,True,True,1,0,0.06666666666666667,0.23333333333333334,7
u_03066,lp_academic_writing,2026-02-14 02:31:40+00:00,2026-02-14,2026-02-14 02:38:40+00:00,2026-02-14 03:03:40+00:00,academic_citation_helper,True,True,True,3,1,0.11666666666666667,0.5333333333333333,7
u_03067,lp_business_emails,2026-02-08 01:56:26+00:00,2026-02-08,,,,False,False,False,0,0,,,7
u_03068,lp_academic_writing,2026-02-01 19:07:55+00:00,2026-02-01,,,,False,False,False,0,0,,,7
u_03069,lp_academic_writing,2026-02-12 11:12:21+00:00,2026-02-12,,,,False,False,False,0,0,,,7
u_03070,lp_academic_writing,2026-02-01 17:28:51+00:00,2026-02-01,2026-02-01 17:29:51+00:00,2026-02-01 17:47:51+00:00,academic_citation_helper,True,True,True,2,1,0.016666666666666666,0.31666666666666665,7
u_03071,lp_business_emails,2026-02-14 06:24:56+00:00,2026-02-14,,,,False,False,False,0,0,,,7
u_03072,lp_academic_writing,2026-02-20 14:17:44+00:00,2026-02-20,,,,False,False,False,0,0,,,7
u_03073,lp_academic_writing,2026-02-24 15:00:07+00:00,2026-02-24,,,,False,False,False,0,0,,,7
u_03074,lp_academic_writing,2026-02-17 11:38:34+00:00,2026-02-17,,,,False,False,False,0,0,,,7
u_03075,lp_academic_writing,2026-02-03 05:28:48+00:00,2026-02-03,,,,False,False,False,0,0,,,7
u_03076,lp_academic_writing,2026-02-05 17:15:49+00:00,2026-02-05,,,,False,False,False,0,0,,,7
u_03077,lp_academic_writing,2026-02-14 00:38:19+00:00,2026-02-14,,,,False,False,False,0,0,,,7
u_03078,lp_academic_writing,2026-02-16 11:42:17+00:00,2026-02-16,2026-02-16 11:44:17+00:00,2026-02-16 12:16:17+00:00,academic_citation_helper,True,True,True,4,1,0.03333333333333333,0.5666666666666667,7
u_03079,lp_academic_writing,2026-02-07 07:32:05+00:00,2026-02-07,,,,False,False,False,0,0,,,7
u_03080,lp_academic_writing,2026-02-12 07:29:20+00:00,2026-02-12,,,,False,False,False,0,0,,,7
u_03081,lp_academic_writing,2026-02-01 12:54:28+00:00,2026-02-01,,,,False,False,False,0,0,,,7
u_03082,lp_business_emails,2026-02-18 02:09:42+00:00,2026-02-18,2026-02-18 02:18:42+00:00,2026-02-18 03:09:42+00:00,smart_email_reply,True,True,True,2,1,0.15,1.0,7
u_03083,lp_academic_writing,2026-02-20 21:57:52+00:00,2026-02-20,,,,False,False,False,0,0,,,7
u_03084,lp_business_emails,2026-02-08 09:00:51+00:00,2026-02-08,,,,False,False,False,0,0,,,7
u_03085,lp_business_emails,2026-02-05 01:13:04+00:00,2026-02-05,,,,False,False,False,0,0,,,7
u_03086,lp_academic_writing,2026-02-02 16:06:32+00:00,2026-02-02,,,,False,False,False,0,0,,,7
u_03087,lp_academic_writing,2026-02-10 13:42:06+00:00,2026-02-10,,,,False,False,False,0,0,,,7
u_03088,lp_academic_writing,2026-02-17 04:31:00+00:00,2026-02-17,,,,False,False,False,0,0,,,7
u_03089,lp_business_emails,2026-02-23 15:27:26+00:00,2026-02-23,2026-02-23 15:38:26+00:00,,,True,False,False,0,0,0.18333333333333332,,7
u_03090,lp_academic_writing,2026-02-08 12:21:34+00:00,2026-02-08,2026-02-08 12:29:34+00:00,,,True,False,False,0,0,0.13333333333333333,,7
u_03091,lp_business_emails,2026-02-18 05:51:32+00:00,2026-02-18,,,,False,False,False,0,0,,,7
u_03092,lp_business_emails,2026-02-07 08:45:09+00:00,2026-02-07,2026-02-07 08:58:09+00:00,2026-02-07 09:16:09+00:00,smart_email_reply,True,True,True,1,0,0.21666666666666667,0.5166666666666667,7
u_03093,lp_business_emails,2026-02-01 10:22:52+00:00,2026-02-01,,,,False,False,False,0,0,,,7
u_03094,lp_academic_writing,2026-02-21 19:40:14+00:00,2026-02-21,,,,False,False,False,0,0,,,7
u_03095,lp_academic_writing,2026-02-09 12:45:22+00:00,2026-02-09,2026-02-09 12:48:22+00:00,,,True,False,False,0,0,0.05,,7
u_03096,lp_academic_writing,2026-02-15 09:10:46+00:00,2026-02-15,2026-02-15 09:17:46+00:00,2026-02-15 09:37:46+00:00,academic_citation_helper,True,True,True,3,1,0.11666666666666667,0.45,7
u_03097,lp_academic_writing,2026-02-13 06:56:19+00:00,2026-02-13,2026-02-13 07:05:19+00:00,2026-02-13 07:56:19+00:00,academic_citation_helper,True,True,True,4,1,0.15,1.0,7
u_03098,lp_academic_writing,2026-02-12 05:00:43+00:00,2026-02-12,,,,False,False,False,0,0,,,7
u_03099,lp_academic_writing,2026-02-09 07:56:39+00:00,2026-02-09,,,,False,False,False,0,0,,,7
u_03100,lp_academic_writing,2026-02-04 14:42:46+00:00,2026-02-04,,,,False,False,False,0,0,,,7
u_03101,lp_academic_writing,2026-02-15 14:02:02+00:00,2026-02-15,2026-02-15 14:07:02+00:00,,,True,False,False,0,0,0.08333333333333333,,7
u_03102,lp_business_emails,2026-02-04 01:08:56+00:00,2026-02-04,,,,False,False,False,0,0,,,7
u_03103,lp_business_emails,2026-02-27 06:00:35+00:00,2026-02-27,,,,False,False,False,0,0,,,7
u_03104,lp_business_emails,2026-02-26 17:24:36+00:00,2026-02-26,2026-02-26 17:31:36+00:00,,,True,False,False,0,0,0.11666666666666667,,7
u_03105,lp_business_emails,2026-02-16 03:28:50+00:00,2026-02-16,,,,False,False,False,0,0,,,7
u_03106,lp_academic_writing,2026-02-01 20:49:40+00:00,2026-02-01,2026-02-01 20:54:40+00:00,2026-02-01 21:19:40+00:00,academic_citation_helper,True,True,True,2,1,0.08333333333333333,0.5,7
u_03107,lp_business_emails,2026-02-10 19:26:32+00:00,2026-02-10,,,,False,False,False,0,0,,,7
u_03108,lp_business_emails,2026-02-28 14:05:08+00:00,2026-02-28,,,,False,False,False,0,0,,,7
u_03109,lp_business_emails,2026-02-27 01:51:44+00:00,2026-02-27,2026-02-27 01:53:44+00:00,,,True,False,False,0,0,0.03333333333333333,,7
u_03110,lp_academic_writing,2026-02-19 21:08:45+00:00,2026-02-19,2026-02-19 21:12:45+00:00,2026-02-19 21:50:45+00:00,academic_citation_helper,True,True,True,4,1,0.06666666666666667,0.7,7
u_03111,lp_academic_writing,2026-02-01 12:12:40+00:00,2026-02-01,2026-02-01 12:22:40+00:00,2026-02-01 12:37:40+00:00,academic_citation_helper,True,True,True,2,1,0.16666666666666666,0.4166666666666667,7
u_03112,lp_academic_writing,2026-02-20 02:21:29+00:00,2026-02-20,,,,False,False,False,0,0,,,7
u_03113,lp_business_emails,2026-02-06 12:02:19+00:00,2026-02-06,2026-02-06 12:08:19+00:00,,,True,False,False,0,0,0.1,,7
u_03114,lp_academic_writing,2026-02-27 20:58:16+00:00,2026-02-27,,,,False,False,False,0,0,,,7
u_03115,lp_business_emails,2026-02-12 08:27:23+00:00,2026-02-12,2026-02-12 08:42:23+00:00,,,True,False,False,0,0,0.25,,7
u_03116,lp_academic_writing,2026-02-19 04:36:12+00:00,2026-02-19,,,,False,False,False,0,0,,,7
u_03117,lp_academic_writing,2026-02-12 15:50:30+00:00,2026-02-12,,,,False,False,False,0,0,,,7
u_03118,lp_academic_writing,2026-02-14 22:48:50+00:00,2026-02-14,2026-02-14 22:49:50+00:00,,,True,False,False,0,0,0.016666666666666666,,7
u_03119,lp_business_emails,2026-02-05 08:38:49+00:00,2026-02-05,,,,False,False,False,0,0,,,7
u_03120,lp_academic_writing,2026-02-11 15:29:55+00:00,2026-02-11,,,,False,False,False,0,0,,,7
u_03121,lp_business_emails,2026-02-04 22:49:38+00:00,2026-02-04,,,,False,False,False,0,0,,,7
u_03122,lp_academic_writing,2026-02-22 15:32:26+00:00,2026-02-22,,,,False,False,False,0,0,,,7
u_03123,lp_business_emails,2026-02-23 07:05:48+00:00,2026-02-23,2026-02-23 07:11:48+00:00,2026-02-23 07:40:48+00:00,smart_email_reply,True,True,True,1,0,0.1,0.5833333333333334,7
u_03124,lp_academic_writing,2026-02-06 10:22:57+00:00,2026-02-06,,,,False,False,False,0,0,,,7
u_03125,lp_academic_writing,2026-02-13 03:35:16+00:00,2026-02-13,,,,False,False,False,0,0,,,7
u_03126,lp_academic_writing,2026-02-10 18:12:32+00:00,2026-02-10,,,,False,False,False,0,0,,,7
u_03127,lp_academic_writing,2026-02-10 19:34:09+00:00,2026-02-10,,,,False,False,False,0,0,,,7
u_03128,lp_business_emails,2026-02-11 08:43:09+00:00,2026-02-11,2026-02-11 08:52:09+00:00,,,True,False,False,0,0,0.15,,7
u_03129,lp_academic_writing,2026-02-06 01:05:57+00:00,2026-02-06,,,,False,False,False,0,0,,,7
u_03130,lp_business_emails,2026-02-25 09:14:33+00:00,2026-02-25,2026-02-25 09:26:33+00:00,,,True,False,False,0,0,0.2,,7
u_03131,lp_business_emails,2026-02-25 15:49:43+00:00,2026-02-25,2026-02-25 15:54:43+00:00,2026-02-25 16:09:43+00:00,smart_email_reply,True,True,True,1,0,0.08333333333333333,0.3333333333333333,7
u_03132,lp_academic_writing,2026-02-18 17:30:41+00:00,2026-02-18,,,,False,False,False,0,0,,,7
u_03133,lp_academic_writing,2026-02-09 08:37:24+00:00,2026-02-09,2026-02-09 08:39:24+00:00,2026-02-09 09:23:24+00:00,academic_citation_helper,True,True,True,3,1,0.03333333333333333,0.7666666666666667,7
u_03134,lp_academic_writing,2026-02-09 18:34:36+00:00,2026-02-09,2026-02-09 18:41:36+00:00,2026-02-09 19:27:36+00:00,academic_citation_helper,True,True,True,1,0,0.11666666666666667,0.8833333333333333,7
u_03135,lp_business_emails,2026-02-23 11:40:34+00:00,2026-02-23,2026-02-23 11:48:34+00:00,2026-02-23 12:18:34+00:00,smart_email_reply,True,True,True,1,0,0.13333333333333333,0.6333333333333333,7
u_03136,lp_business_emails,2026-02-28 05:39:42+00:00,2026-02-28,2026-02-28 05:48:42+00:00,,,True,False,False,0,0,0.15,,7
u_03137,lp_academic_writing,2026-02-09 19:29:43+00:00,2026-02-09,2026-02-09 19:33:43+00:00,,,True,False,False,0,0,0.06666666666666667,,7
u_03138,lp_business_emails,2026-02-17 16:03:51+00:00,2026-02-17,,,,False,False,False,0,0,,,7
u_03139,lp_business_emails,2026-02-16 04:29:37+00:00,2026-02-16,2026-02-16 04:39:37+00:00,2026-02-16 05:19:37+00:00,smart_email_reply,True,True,True,1,0,0.16666666666666666,0.8333333333333334,7
u_03140,lp_business_emails,2026-02-13 11:19:55+00:00,2026-02-13,2026-02-13 11:21:55+00:00,,,True,False,False,0,0,0.03333333333333333,,7
u_03141,lp_academic_writing,2026-02-26 00:08:09+00:00,2026-02-26,2026-02-26 00:09:09+00:00,,,True,False,False,0,0,0.016666666666666666,,7
u_03142,lp_academic_writing,2026-02-18 22:52:50+00:00,2026-02-18,,,,False,False,False,0,0,,,7
u_03143,lp_business_emails,2026-02-23 01:22:07+00:00,2026-02-23,2026-02-23 01:24:07+00:00,2026-02-23 02:13:07+00:00,smart_email_reply,True,True,True,2,1,0.03333333333333333,0.85,7
u_03144,lp_academic_writing,2026-02-27 02:48:27+00:00,2026-02-27,,,,False,False,False,0,0,,,7
u_03145,lp_academic_writing,2026-02-12 05:16:50+00:00,2026-02-12,,,,False,False,False,0,0,,,7
u_03146,lp_academic_writing,2026-02-04 05:44:16+00:00,2026-02-04,,,,False,False,False,0,0,,,7
u_03147,lp_business_emails,2026-02-02 03:38:49+00:00,2026-02-02,,,,False,False,False,0,0,,,7
u_03148,lp_academic_writing,2026-02-18 06:49:40+00:00,2026-02-18,2026-02-18 06:59:40+00:00,,,True,False,False,0,0,0.16666666666666666,,7
u_03149,lp_business_emails,2026-02-17 06:13:09+00:00,2026-02-17,2026-02-17 06:24:09+00:00,,,True,False,False,0,0,0.18333333333333332,,7
u_03150,lp_business_emails,2026-02-07 22:07:44+00:00,2026-02-07,,,,False,False,False,0,0,,,7
u_03151,lp_academic_writing,2026-02-26 04:34:20+00:00,2026-02-26,2026-02-26 04:36:20+00:00,2026-02-26 05:08:20+00:00,academic_citation_helper,True,True,True,3,1,0.03333333333333333,0.5666666666666667,7
u_03152,lp_business_emails,2026-02-05 05:46:48+00:00,2026-02-05,,,,False,False,False,0,0,,,7
u_03153,lp_academic_writing,2026-02-02 04:09:21+00:00,2026-02-02,,,,False,False,False,0,0,,,7
u_03154,lp_business_emails,2026-02-12 23:27:13+00:00,2026-02-12,,,,False,False,False,0,0,,,7
u_03155,lp_academic_writing,2026-02-03 09:49:29+00:00,2026-02-03,2026-02-03 09:56:29+00:00,2026-02-03 10:11:29+00:00,academic_citation_helper,True,True,True,1,0,0.11666666666666667,0.36666666666666664,7
u_03156,lp_academic_writing,2026-02-24 09:57:43+00:00,2026-02-24,,,,False,False,False,0,0,,,7
u_03157,lp_business_emails,2026-02-16 00:20:57+00:00,2026-02-16,,,,False,False,False,0,0,,,7
u_03158,lp_business_emails,2026-02-01 18:26:30+00:00,2026-02-01,2026-02-01 18:37:30+00:00,,,True,False,False,0,0,0.18333333333333332,,7
u_03159,lp_business_emails,2026-02-10 01:42:06+00:00,2026-02-10,,,,False,False,False,0,0,,,7
u_03160,lp_business_emails,2026-02-01 19:11:54+00:00,2026-02-01,,,,False,False,False,0,0,,,7
u_03161,lp_academic_writing,2026-02-15 20:20:56+00:00,2026-02-15,,,,False,False,False,0,0,,,7
u_03162,lp_business_emails,2026-02-26 16:28:49+00:00,2026-02-26,2026-02-26 16:33:49+00:00,2026-02-26 17:31:49+00:00,smart_email_reply,True,True,True,1,0,0.08333333333333333,1.05,7
u_03163,lp_academic_writing,2026-02-03 03:09:25+00:00,2026-02-03,,,,False,False,False,0,0,,,7
u_03164,lp_business_emails,2026-02-12 04:45:04+00:00,2026-02-12,,,,False,False,False,0,0,,,7
u_03165,lp_academic_writing,2026-02-18 12:12:33+00:00,2026-02-18,,,,False,False,False,0,0,,,7
u_03166,lp_business_emails,2026-02-18 21:33:57+00:00,2026-02-18,,,,False,False,False,0,0,,,7
u_03167,lp_academic_writing,2026-02-25 06:42:57+00:00,2026-02-25,2026-02-25 06:52:57+00:00,,,True,False,False,0,0,0.16666666666666666,,7
u_03168,lp_academic_writing,2026-02-24 03:36:23+00:00,2026-02-24,2026-02-24 03:42:23+00:00,,,True,False,False,0,0,0.1,,7
u_03169,lp_business_emails,2026-02-12 22:00:41+00:00,2026-02-12,,,,False,False,False,0,0,,,7
u_03170,lp_academic_writing,2026-02-13 06:26:35+00:00,2026-02-13,,,,False,False,False,0,0,,,7
u_03171,lp_academic_writing,2026-02-06 10:45:23+00:00,2026-02-06,,,,False,False,False,0,0,,,7
u_03172,lp_academic_writing,2026-02-12 22:03:52+00:00,2026-02-12,,,,False,False,False,0,0,,,7
u_03173,lp_business_emails,2026-02-25 22:38:03+00:00,2026-02-25,2026-02-25 22:44:03+00:00,2026-02-25 23:31:03+00:00,smart_email_reply,True,True,True,2,1,0.1,0.8833333333333333,7
u_03174,lp_academic_writing,2026-02-12 01:52:14+00:00,2026-02-12,,,,False,False,False,0,0,,,7
u_03175,lp_business_emails,2026-02-12 10:32:20+00:00,2026-02-12,,,,False,False,False,0,0,,,7
u_03176,lp_academic_writing,2026-02-22 07:41:43+00:00,2026-02-22,,,,False,False,False,0,0,,,7
u_03177,lp_academic_writing,2026-02-27 11:21:14+00:00,2026-02-27,,,,False,False,False,0,0,,,7
u_03178,lp_academic_writing,2026-02-11 14:00:16+00:00,2026-02-11,2026-02-11 14:02:16+00:00,2026-02-11 14:57:16+00:00,academic_citation_helper,True,True,True,3,1,0.03333333333333333,0.95,7
u_03179,lp_business_emails,2026-02-12 22:18:19+00:00,2026-02-12,,,,False,False,False,0,0,,,7
u_03180,lp_academic_writing,2026-02-14 08:24:41+00:00,2026-02-14,,,,False,False,False,0,0,,,7
u_03181,lp_academic_writing,2026-02-02 00:01:09+00:00,2026-02-02,,,,False,False,False,0,0,,,7
u_03182,lp_academic_writing,2026-02-01 09:07:09+00:00,2026-02-01,2026-02-01 09:08:09+00:00,,,True,False,False,0,0,0.016666666666666666,,7
u_03183,lp_business_emails,2026-02-14 16:30:55+00:00,2026-02-14,,,,False,False,False,0,0,,,7
u_03184,lp_business_emails,2026-02-27 03:05:11+00:00,2026-02-27,,,,False,False,False,0,0,,,7
u_03185,lp_business_emails,2026-02-26 21:03:07+00:00,2026-02-26,2026-02-26 21:06:07+00:00,,,True,False,False,0,0,0.05,,7
u_03186,lp_academic_writing,2026-02-04 16:42:13+00:00,2026-02-04,,,,False,False,False,0,0,,,7
u_03187,lp_business_emails,2026-02-23 15:48:02+00:00,2026-02-23,2026-02-23 16:01:02+00:00,2026-02-23 16:51:02+00:00,smart_email_reply,True,True,True,1,0,0.21666666666666667,1.05,7
u_03188,lp_academic_writing,2026-02-03 03:53:46+00:00,2026-02-03,2026-02-03 03:58:46+00:00,2026-02-03 04:53:46+00:00,academic_citation_helper,True,True,True,4,1,0.08333333333333333,1.0,7
u_03189,lp_business_emails,2026-02-05 15:45:21+00:00,2026-02-05,,,,False,False,False,0,0,,,7
u_03190,lp_academic_writing,2026-02-03 17:36:15+00:00,2026-02-03,,,,False,False,False,0,0,,,7
u_03191,lp_academic_writing,2026-02-23 05:45:46+00:00,2026-02-23,2026-02-23 05:47:46+00:00,,,True,False,False,0,0,0.03333333333333333,,7
u_03192,lp_business_emails,2026-02-16 17:10:23+00:00,2026-02-16,,,,False,False,False,0,0,,,7
u_03193,lp_business_emails,2026-02-21 00:58:14+00:00,2026-02-21,,,,False,False,False,0,0,,,7
u_03194,lp_academic_writing,2026-02-04 23:14:28+00:00,2026-02-04,,,,False,False,False,0,0,,,7
u_03195,lp_academic_writing,2026-02-17 09:45:38+00:00,2026-02-17,2026-02-17 09:48:38+00:00,,,True,False,False,0,0,0.05,,7
u_03196,lp_academic_writing,2026-02-11 11:39:55+00:00,2026-02-11,2026-02-11 11:48:55+00:00,2026-02-11 12:10:55+00:00,academic_citation_helper,True,True,True,3,1,0.15,0.5166666666666667,7
u_03197,lp_academic_writing,2026-02-22 03:42:08+00:00,2026-02-22,,,,False,False,False,0,0,,,7
u_03198,lp_academic_writing,2026-02-28 13:12:54+00:00,2026-02-28,2026-02-28 13:20:54+00:00,,,True,False,False,0,0,0.13333333333333333,,7
u_03199,lp_business_emails,2026-02-25 01:05:07+00:00,2026-02-25,,,,False,False,False,0,0,,,7
u_03200,lp_business_emails,2026-02-03 01:04:31+00:00,2026-02-03,2026-02-03 01:16:31+00:00,2026-02-03 02:07:31+00:00,smart_email_reply,True,True,True,1,0,0.2,1.05,7
